objid,ra,dec,petroRad_r,z,class,modelMag_u,modelMag_g,modelMag_r,modelMag_i,modelMag_z,snMedian,low_z
1237648720142008515,145.821638182128,-0.846601885046273,5.089256,0.06770252,GALAXY,20.05802,18.35321,17.54987,17.15258,16.86671,10.20291,True
1237648720142008580,145.818101273901,-0.878973095843891,5.040677,0.2045784,GALAXY,20.68866,18.55757,17.21298,16.66901,16.32187,11.13883,False
1237648720142073942,145.853157594108,-0.997063559085189,3.825139,0.1448017,GALAXY,20.61629,18.63789,17.54523,17.09494,16.7594,13.57714,False
1237648720142073959,145.892309469118,-1.02264988945927,4.531637,0.153699,GALAXY,20.39159,18.22442,17.0139,16.50938,16.11972,16.28147,False
1237648720145481973,153.76244236045,-0.997307833184848,3.391995,0.09821908,GALAXY,20.57385,18.64201,17.66163,17.22909,16.88417,11.06976,True
1237648720145547522,153.898219215873,-1.00150629900931,8.192672,0.08365821,GALAXY,19.16637,17.45534,16.65019,16.24938,15.93866,14.13568,True
1237648720145613050,153.965613866489,-0.974097497777007,5.108194,0.0702217,GALAXY,18.73285,17.45038,16.85139,16.46405,16.21558,16.49333,True
1237648720145940778,154.825417968283,-0.865715020066249,3.627925,0.09331674,GALAXY,19.87001,17.90517,16.93169,16.49078,16.11882,17.24009,True
1237648720146071815,155.098337286971,-0.861837027723311,8.300219,0.08444914,GALAXY,19.18436,17.07518,16.09289,15.62177,15.25004,21.43247,True
1237648720146137238,155.185374370507,-0.979828258186768,5.415997,0.08411594,GALAXY,18.84252,17.72303,17.26807,16.93408,16.76651,13.40524,True
1237648720146137296,155.244116026674,-0.899463576705365,4.295741,0.1011569,GALAXY,20.67787,18.69186,17.73617,17.29178,16.91313,12.34907,False
1237648720678944894,145.874449045454,-0.608755056278409,9.828067,0.07158983,GALAXY,18.19744,16.69651,16.01479,15.6421,15.39185,15.69197,True
1237648720682614942,154.334387874659,-0.600703225135134,5.826065,0.093678,GALAXY,19.55518,17.48987,16.4949,16.07404,15.69482,19.96712,True
1237648720682811556,154.717692370676,-0.618953854869631,3.257583,0.0944965,GALAXY,19.90512,17.94183,16.97393,16.52008,16.18337,18.95376,True
1237648720683598019,156.563700896966,-0.456405454834379,4.487061,0.171845,GALAXY,20.8209,18.69916,17.4192,16.9012,16.50838,13.78815,False
1237648720683598038,156.588954483896,-0.620481014304262,5.710696,0.1599996,GALAXY,20.55604,18.25263,17.03834,16.53302,16.15081,15.13812,False
1237648720683663580,156.744747644268,-0.544695552874245,5.015257,0.1686352,GALAXY,20.83597,18.67173,17.42359,16.91503,16.51079,12.71688,False
1237648720683860073,157.082977228455,-0.586564578009884,3.714273,0.1090757,GALAXY,20.0862,18.50693,17.72569,17.23736,16.90506,10.69176,False
1237648720683860113,157.16553902458,-0.617735277068687,3.917694,0.1151731,GALAXY,20.46612,18.44695,17.4618,17.01261,16.62126,10.6266,False
1237648721216078045,146.46890559991,-0.0928280403032654,19.43667,0.06251308,GALAXY,18.24334,15.90764,14.76567,14.24774,13.84864,30.2524,True
1237648721219485839,154.335139248579,-0.150057128144174,5.66576,0.06298256,GALAXY,20.03531,18.34027,17.49289,17.04704,16.71406,10.57503,True
1237648721219485850,154.352835168217,-0.141042496965384,5.108737,0.1244505,GALAXY,19.94317,18.11367,17.05711,16.56581,16.17527,12.57324,False
1237648721219485883,154.376168643966,-0.100906384212866,4.068213,0.06437947,GALAXY,20.10266,18.5093,17.65353,17.22842,16.94562,14.38529,True
1237648721219616883,154.535588626542,-0.0842082983137502,13.68076,0.0610805,GALAXY,19.23177,17.46849,16.54995,16.02666,15.61895,10.53961,True
1237648721219616998,154.651835187861,-0.178075477796774,7.491013,0.06359103,GALAXY,18.74892,16.90716,15.95795,15.48473,15.08246,20.49466,True
1237648721219813525,155.047400474385,-0.0459249396038062,3.876972,0.1901886,GALAXY,20.87203,19.00484,17.67193,17.17327,16.79697,14.83512,False
1237648721219944694,155.422208950933,-0.00765751016532326,4.349806,0.07864722,GALAXY,19.69211,18.24907,17.66951,17.27586,17.05572,10.3011,True
1237648721220010190,155.561087973478,-0.0272458372320898,6.343532,0.1125911,GALAXY,19.03819,17.79249,17.22686,16.85721,16.63472,11.89254,False
1237648721220534536,156.775109007961,-0.18679750396502,3.712389,0.09610251,GALAXY,19.30103,17.74245,16.89154,16.43431,16.10919,16.60518,True
1237648721220599962,156.787642763972,-0.0377170102110401,6.737637,0.05606531,GALAXY,18.1164,16.60579,15.8752,15.48047,15.17607,20.63461,True
1237648721220599977,156.799420187641,-0.0871278684808252,6.279194,0.09754699,GALAXY,19.79946,17.70797,16.71546,16.26144,15.86994,17.49146,True
1237648721753932012,148.80375340849,0.284823322287806,8.734648,0.08773474,GALAXY,18.67577,16.66072,15.65215,15.20135,14.83638,30.80243,True
1237648721753932060,148.825687886743,0.389318410904711,3.153625,0.04646964,GALAXY,19.46999,17.62246,16.7987,16.39751,16.10277,22.90813,True
1237648721753997587,148.973511683986,0.222360273794149,3.114859,0.06481871,GALAXY,19.64571,17.72276,16.85129,16.44848,16.11391,21.1606,True
1237648721754062996,149.005777438575,0.358014762809898,7.548709,0.04720632,GALAXY,18.16686,16.36014,15.51101,15.11288,14.77663,31.46236,True
1237648721754128529,149.214166621758,0.208799417383325,10.81038,0.0650453,GALAXY,17.70363,15.68413,14.75272,14.29722,13.95347,37.8285,True
1237648721754128586,149.2502395133,0.274271482868813,6.639894,0.1369716,GALAXY,19.16188,17.5884,16.65029,16.19813,15.84187,13.40187,False
1237648721754128598,149.257601999998,0.356504495269535,6.160105,0.08850689,GALAXY,18.83399,17.57686,16.94633,16.55366,16.31444,11.87098,True
1237648721754194200,149.394756246386,0.2386627428622,4.176285,0.1601704,GALAXY,20.20088,18.41654,17.28665,16.80157,16.43089,15.17952,False
1237648721754194216,149.412643551916,0.33257256895185,9.154194,0.08085039,GALAXY,19.50447,17.60776,16.69411,16.26086,15.91449,20.55247,True
1237648721754259703,149.508139642787,0.296116428887121,3.592239,0.08252737,GALAXY,19.92382,18.31118,17.56995,17.19378,16.93666,12.07355,True
1237648721754325260,149.635213175131,0.349154135632321,5.497056,0.2000929,GALAXY,20.68117,18.75758,17.49735,16.96099,16.6309,11.00138,False
1237648721754390626,149.866889048273,0.287413937040916,6.047104,0.1692473,GALAXY,20.54035,18.3479,17.13948,16.6697,16.32393,15.66873,False
1237648721754390708,149.809375519055,0.302320865741962,6.812687,0.1932946,GALAXY,20.61472,18.96636,17.64985,17.14338,16.72836,10.55649,False
1237648721754390765,149.868966506937,0.393162464128129,4.607404,0.2027204,GALAXY,19.27866,18.27443,17.56902,17.17205,16.9123,11.10782,False
1237648721756750068,155.222151343504,0.35798388913221,3.766196,0.09524669,GALAXY,20.15097,18.09898,17.11366,16.65702,16.283,17.21053,True
1237648721756880949,155.47167356482,0.295374634774652,15.53876,0.02148222,GALAXY,16.34739,15.01962,14.38505,14.06982,13.81414,40.20933,True
1237648721756881092,155.46497563143,0.410105974093616,8.370337,0.02134296,GALAXY,17.45059,15.72079,14.90642,14.47219,14.09925,36.51841,True
1237648721756881117,155.492667348401,0.225995817703932,3.557482,0.07153392,GALAXY,20.57728,18.62591,17.73591,17.32458,17.02225,12.8523,True
1237648721756881164,155.542286109741,0.406026003987521,10.45607,0.07134143,GALAXY,18.12925,16.18496,15.24689,14.81013,14.46099,30.83932,True
1237648721756881221,155.57274367495,0.358678038518987,7.238578,0.1111002,GALAXY,18.96931,17.03969,16.035,15.6187,15.25381,25.5435,False
1237648721756946640,155.616804345361,0.284209575046443,5.359571,0.1109645,GALAXY,20.3214,18.24479,17.21069,16.78741,16.42831,11.96329,False
1237648721756946646,155.630631981,0.257721557759769,4.888112,0.1112022,GALAXY,20.12501,18.30844,17.2616,16.83151,16.44147,14.11886,False
1237648721756946678,155.6695503405,0.375065499588685,6.561902,0.07149646,GALAXY,19.85908,18.06881,17.07064,16.54328,16.11822,13.37034,True
1237648722290606344,148.316950356967,0.668147855822689,4.929435,0.09413693,GALAXY,20.36271,18.20251,17.1652,16.68596,16.30127,15.06214,True
1237648722290802804,148.737842942112,0.633239382437064,4.300681,0.09341974,GALAXY,19.62679,17.66882,16.76969,16.3664,16.03325,20.26749,True
1237648722290933840,149.121645802445,0.708909829273537,8.851702,0.09600016,GALAXY,18.95498,17.26933,16.35187,15.88306,15.64096,16.48664,True
1237648722290934014,149.138841807703,0.643597365902716,3.312945,0.1090213,GALAXY,19.94017,18.3406,17.5617,17.19873,16.94262,15.57963,False
1237648722290934016,149.139640193191,0.750870928545649,9.415343,0.04617104,GALAXY,17.88054,16.88892,16.56062,16.38626,16.22593,12.65915,True
1237648722290999349,149.228090347371,0.837840907921954,4.853429,0.1735455,GALAXY,19.40387,18.14967,17.26823,16.77757,16.49743,15.13291,False
1237648722290999434,149.176182792982,0.757003834550747,5.207837,0.1255851,GALAXY,18.96889,17.67877,16.96826,16.53816,16.2743,14.44753,False
1237648722290999466,149.194591189922,0.816589384234754,6.605951,0.06260738,GALAXY,19.26503,17.74197,17.02809,16.65569,16.3585,10.4131,True
1237648722290999549,149.290014646301,0.668758403198695,5.976316,0.06538612,GALAXY,19.38072,17.80252,17.039,16.58527,16.26962,12.75479,True
1237648722291064875,149.338567408583,0.706424028704254,3.950499,0.08737121,GALAXY,18.15686,17.00044,16.46637,15.97107,15.83574,25.826,True
1237648722291065018,149.30469399419,0.702185169661834,4.695604,0.0651919,GALAXY,19.61692,18.11131,17.42574,16.98689,16.66891,13.77684,True
1237648722291065035,149.329901571937,0.690806111396912,6.048846,0.08633437,GALAXY,18.6255,17.5084,17.03242,16.68719,16.53286,11.1485,True
1237648722291065049,149.337680253215,0.814933790542812,5.91262,0.03853054,GALAXY,19.14583,17.81016,17.24112,16.93485,16.68197,10.44656,True
1237648722291130535,149.498759527583,0.748996120307737,3.588931,0.09232026,GALAXY,19.54759,18.41264,17.68268,17.19128,16.93256,14.13734,True
1237648722291196011,149.610335798619,0.820673661995613,3.858963,0.1645564,GALAXY,19.44738,18.25197,17.45022,16.99975,16.69337,12.28809,False
1237648722291196073,149.666658086027,0.735909815635883,6.014232,0.08054834,GALAXY,18.94143,17.0607,16.13137,15.71883,15.36007,27.19859,True
1237648722291196127,149.723234355671,0.687529259219127,6.313275,0.0928099,GALAXY,19.1329,17.13325,16.15341,15.72236,15.35541,26.78037,True
1237648722293620876,155.176178426812,0.655399993075805,7.607601,0.09599821,GALAXY,19.31796,17.76815,16.938,16.48243,16.15912,10.46175,True
1237648722293620887,155.20139810783,0.792056369352766,4.520491,0.0710241,GALAXY,19.27356,17.61201,16.77473,16.34751,16.01831,17.68744,True
1237648722293620931,155.281899229966,0.682593136302002,16.4962,0.05533539,GALAXY,17.26809,15.48219,14.65772,14.25208,13.92122,22.84524,True
1237648722293686448,155.377591618581,0.687849311556966,3.018416,0.09609467,GALAXY,19.02696,17.85202,17.20771,16.80617,16.53859,16.35284,True
1237648722293686455,155.381334681331,0.835737788689893,4.528639,0.0585773,GALAXY,18.93322,17.55623,16.83032,16.41774,16.12271,15.79007,True
1237648722293751915,155.473669534471,0.71991909721105,4.204678,0.1254482,GALAXY,20.48968,18.38078,17.30879,16.86825,16.49236,13.80052,False
1237648722827346161,147.993783277533,1.11611895550224,6.643313,0.06359012,GALAXY,18.57106,16.55361,15.66433,15.20882,14.83624,23.52237,True
1237648722827870311,149.19393999498,1.0701876994953,6.313429,0.06268962,GALAXY,18.20894,16.44297,15.64058,15.26381,14.97204,35.56739,True
1237648722828001444,149.524498813103,1.10936572282718,3.787575,0.08112247,GALAXY,18.98376,17.77633,17.29383,16.96459,16.82775,16.31283,True
1237648722828066950,149.62512436128,1.18198411596441,8.175134,0.06204112,GALAXY,18.35994,16.75965,16.0056,15.60248,15.29887,22.65668,True
1237650794609246465,145.890597628086,-1.097599595183,7.861981,0.06248942,GALAXY,17.95712,16.70677,16.19388,15.85508,15.64906,16.57817,True
1237651752386166938,149.090974066004,0.844523089217821,7.760644,0.06284358,GALAXY,18.52809,16.5409,15.66397,15.24234,14.89313,29.53594,True
1237651752386232437,149.177913192917,0.930225806265702,6.658234,0.09211832,GALAXY,18.31854,17.07938,16.43967,16.06619,15.80874,15.60206,True
1237651752386232461,149.212921572948,0.901787744785506,3.053672,0.1733621,GALAXY,20.49008,18.60052,17.4744,17.04778,16.72496,17.20196,False
1237651752386298080,149.417175172975,0.959809065252825,3.807388,0.08662774,GALAXY,19.90822,17.94338,17.00253,16.56204,16.24784,19.0056,True
1237651752386298087,149.427246801207,0.911270784209763,6.396338,0.2185445,GALAXY,20.80611,18.65898,17.23141,16.70401,16.33753,15.29576,False
1237651752386298094,149.438042446093,0.86149895096359,8.57196,0.09729816,GALAXY,18.4024,16.54643,15.62754,15.19938,14.86475,32.41866,True
1237651752386429055,149.595816120077,0.952748977604302,4.642669,0.08236951,GALAXY,19.37306,17.91002,17.23911,16.86558,16.64427,14.21871,True
1237651752388722785,154.843939965085,0.982879098217867,5.819408,0.09386507,GALAXY,19.17881,17.27333,16.28746,15.85289,15.54364,21.41687,True
1237651752388853809,155.236806306965,0.952133706638883,3.468508,0.1002845,GALAXY,19.46265,17.33515,16.33029,15.92433,15.55071,27.06674,False
1237651752922579174,148.051557400289,1.16795026040912,7.221654,0.06167085,GALAXY,18.49526,16.4699,15.50015,15.06487,14.69589,30.92874,True
1237651752923037766,149.065538183781,1.21201492345052,4.500442,0.06207497,GALAXY,20.07406,18.12456,17.10763,16.57849,16.11895,17.37695,True
1237651752923037815,149.101007087565,1.231935581961,4.802755,0.06313949,GALAXY,19.10794,17.28667,16.40509,16.01304,15.68907,22.39078,True
1237651752923037869,149.043037736343,1.19207916799925,5.437783,0.1090729,GALAXY,19.45409,17.45844,16.47286,16.0511,15.69234,23.53413,False
1237651752923103265,149.197795170413,1.25663669662633,4.403567,0.06356111,GALAXY,18.87822,16.9515,15.99962,15.55057,15.23271,28.73843,True
1237651752923103392,149.166026756467,1.23514775315999,5.309953,0.1094295,GALAXY,19.28445,17.8958,17.20227,16.84286,16.58547,12.71938,False
1237651752923168949,149.318315730725,1.1931800809046,5.087676,0.06319394,GALAXY,19.70816,17.83504,16.97773,16.59827,16.31627,18.01269,True
1237651755080810579,172.488473944548,3.30058434824072,5.251115,0.1083532,GALAXY,19.16698,17.19628,16.21913,15.81967,15.46914,33.39422,False
1237651799625105528,153.711775089,-1.12267386138522,5.30997,0.0456965,GALAXY,18.55612,16.54407,15.64623,15.19382,14.90959,32.98018,True
1237651799625302348,154.095238293035,-1.07337082374696,7.684504,0.04518122,GALAXY,18.95722,17.48796,16.77604,16.42679,16.14242,11.08515,True
1237651799626088627,155.910037213624,-1.10967814652458,4.692305,0.1260314,GALAXY,20.43406,18.65913,17.58435,17.14927,16.79747,11.70003,False
1237651800162238663,154.266041466622,-0.631990793030312,4.272007,0.05002861,GALAXY,19.45912,17.73841,16.95952,16.55442,16.25257,18.3279,True
1237651800162304205,154.437788309206,-0.732376276285162,4.367133,0.08577679,GALAXY,19.1093,17.93893,17.39034,17.01727,16.83489,12.43208,True
1237651800162566313,155.033679869998,-0.685092607882087,5.198102,0.09463602,GALAXY,19.69049,17.7427,16.73295,16.30607,15.98314,15.01703,True
1237651800162631862,155.195890590702,-0.677970831702971,3.349737,0.07892451,GALAXY,19.37571,18.14301,17.58427,17.2104,17.04579,12.56643,True
1237651800162697402,155.334820924088,-0.701696657669766,6.901474,0.07159074,GALAXY,18.35113,16.81196,16.03556,15.60617,15.29485,21.34202,True
1237651800163221704,156.575486430107,-0.66805690721031,6.393116,0.1118258,GALAXY,19.7771,17.71119,16.63062,16.15279,15.76331,19.0756,False
1237651800699043977,154.120598741164,-0.269819217815452,3.230929,0.0709769,GALAXY,19.50115,17.67237,16.72367,16.30329,15.98707,21.84649,True
1237651800699109417,154.242700679615,-0.248030766202158,9.314919,0.06291114,GALAXY,18.47404,16.97748,16.31883,15.96845,15.79315,10.09348,True
1237651800699109510,154.279706528841,-0.213572670649005,4.188159,0.09685588,GALAXY,20.47799,18.35708,17.39792,16.97565,16.60151,13.6914,True
1237651800699109533,154.304317189114,-0.258855982375737,4.962127,0.0979765,GALAXY,19.85865,18.18173,17.27213,16.84354,16.49079,12.58674,True
1237651800699175003,154.385452063669,-0.272247455321984,8.136039,0.09343445,GALAXY,19.20934,17.16298,16.17757,15.73324,15.38372,22.539,True
1237651800699633832,155.533983254951,-0.303944465742886,3.574666,0.07856335,GALAXY,19.93783,18.05086,17.13831,16.72651,16.42668,18.86043,True
1237651801233293622,148.185883662755,0.173246985470181,3.398657,0.08472607,GALAXY,19.53342,17.4954,16.58897,16.15265,15.86123,26.43661,True
1237651801233752151,149.159045878366,0.153151174649058,4.566477,0.06572735,GALAXY,19.86209,18.2886,17.39329,16.86548,16.54475,13.01701,True
1237651801233752266,149.248171850811,0.158023571997337,4.571297,0.06601022,GALAXY,19.90594,18.19918,17.31951,16.85661,16.59485,13.41478,True
1237651801233752282,149.259637651583,0.179956198045208,4.99472,0.06277732,GALAXY,18.65855,17.08388,16.33331,15.90672,15.67574,24.56668,True
1237651801233883164,149.484284137053,0.206383653536543,4.490826,0.06499501,GALAXY,18.55504,17.39685,16.72767,16.2623,16.03616,20.44265,True
1237651801233883399,149.559939177028,0.140354418268796,3.268044,0.09200749,GALAXY,19.81501,17.91534,17.01781,16.60832,16.32802,20.87258,True
1237651801236373700,155.224679216248,0.122779963643888,3.16639,0.07224173,GALAXY,19.23649,17.98558,17.3394,16.92641,16.6842,17.3131,True
1237651801770230057,148.386019289139,0.602175771339084,7.056315,0.09344584,GALAXY,19.30576,17.27815,16.19665,15.71745,15.35957,15.15183,True
1237651801770295423,148.4083564019,0.588754241604259,4.942408,0.09177374,GALAXY,19.1701,17.02226,15.97415,15.50583,15.14241,28.90443,True
1237651801770361076,148.643310356442,0.538960289877626,4.807384,0.06137475,GALAXY,18.25846,16.44387,15.63495,15.25628,15.0,35.64391,True
1237651801770492054,148.951531274508,0.556925875615991,6.986843,0.08003111,GALAXY,18.54297,16.48328,15.5024,15.06694,14.76783,32.54918,True
1237651801770623128,149.171916395408,0.598785220472597,6.9963,0.08910091,GALAXY,19.92616,18.26479,17.35575,16.9452,16.68681,11.91962,True
1237651801770623195,149.240257280986,0.550964387475059,3.701749,0.09211791,GALAXY,19.67631,17.84242,16.83152,16.36433,16.02102,20.29098,True
1237651801770623204,149.241272298049,0.573386259011948,3.653663,0.08162058,GALAXY,20.12725,18.2768,17.34244,16.92536,16.6469,14.51733,True
1237651801770688747,149.36234964898,0.533101247892253,8.392687,0.0814579,GALAXY,18.20929,16.7904,16.07181,15.66053,15.41902,16.27709,True
1237651801770754237,149.48871616987,0.555250510804378,5.07631,0.08138505,GALAXY,20.66041,18.51278,17.4663,16.91879,16.5221,12.12189,True
1237651801770754287,149.555527607637,0.561030390780482,3.417787,0.08190168,GALAXY,19.82922,18.26822,17.39721,16.95063,16.66655,14.71988,True
1237651801770819744,149.62077222542,0.574780592244748,4.659206,0.09034477,GALAXY,19.1433,17.2121,16.22441,15.80877,15.48066,27.53706,True
1237651801770950893,150.003668803013,0.532255470612209,5.013844,0.08714681,GALAXY,20.23514,18.42793,17.5417,17.13688,16.84263,11.60398,True
1237651801773113433,154.845436962694,0.612085385057282,3.900852,0.1504571,GALAXY,20.84394,18.63418,17.46166,16.95013,16.60359,14.17168,False
1237651801773113502,154.904204739758,0.586352001848354,4.905444,0.07096665,GALAXY,19.53209,18.24978,17.70206,17.33705,17.15328,10.55535,True
1237651801773244556,155.179733514547,0.597219429447234,6.421138,0.09561259,GALAXY,20.41173,18.45669,17.48353,17.06392,16.69903,11.36537,True
1237651801773375644,155.544342442909,0.544031503479799,4.816236,0.07132712,GALAXY,19.53231,17.71729,16.82978,16.39689,16.09279,17.4319,True
1237653663647727743,148.832176985025,1.02901097076898,3.615337,0.1109342,GALAXY,20.34644,18.5274,17.43914,16.92194,16.4928,14.6583,False
1237653663647924379,149.356565114205,1.00352397314467,5.132691,0.06605762,GALAXY,19.21934,17.79655,17.0651,16.66597,16.42624,17.05827,True
1237654600491597966,154.477007109121,3.56362300534153,3.820574,0.1069852,GALAXY,19.00399,18.03671,17.5943,17.25534,17.14407,15.61897,False
1237654600491663534,154.699258357683,3.65932782554983,4.097941,0.09762803,GALAXY,19.5862,18.02159,17.24931,16.84659,16.59075,16.4185,True
1237654602102145159,154.254426797147,4.84913516095766,3.801633,0.2111622,GALAXY,20.70454,18.74135,17.40307,16.8969,16.55201,14.99247,False
1237654602102145166,154.280688826906,4.89466967276085,5.783714,0.1066619,GALAXY,19.67746,18.07171,17.27769,16.85331,16.51586,14.56266,False
1237654602628465140,130.180611203654,3.83640641805214,7.713302,0.06305826,GALAXY,18.41397,16.46869,15.55964,15.12677,14.79098,29.38789,True
1237654602628595749,130.366773498654,3.81746269198877,8.069406,0.0629052,GALAXY,19.49527,17.6496,16.67382,16.12174,15.71632,14.13824,True
1237654602628596123,130.472275017037,3.93132561089438,7.261442,0.06413712,GALAXY,18.70542,17.49343,16.92731,16.53438,16.35368,10.45319,True
1237654604788072660,158.317615849203,4.00278485502349,6.893564,0.0853373,GALAXY,18.64137,16.76748,15.84064,15.41189,15.07944,11.10273,True
1237654605324812473,157.987532698408,4.42883871305619,6.251461,0.06702711,GALAXY,18.6225,16.67712,15.76812,15.33046,14.99708,14.54472,True
1237654605325009169,158.476267633492,4.32710237524827,4.614315,0.09940292,GALAXY,19.60011,17.67437,16.74906,16.35918,16.00742,10.16225,True
1237654605860176092,154.537662711698,4.6349372359386,4.86754,0.1555907,GALAXY,20.41052,18.28892,17.13589,16.66652,16.27932,18.32965,False
1237654606396981410,154.373397643482,4.93939336811322,3.229011,0.1171733,GALAXY,20.17406,18.46865,17.55432,17.19782,16.83942,18.84504,False
1237654606397046998,154.460981181246,4.96868190506507,5.914023,0.1470081,GALAXY,19.54118,17.61825,16.56528,16.13431,15.78275,23.47915,False
1237654606397047035,154.532659323653,5.08519672142942,4.041116,0.1001301,GALAXY,19.1868,17.86517,17.20051,16.77323,16.52735,17.8532,False
1237654610680152223,192.228147363511,65.4503413842164,3.374441,0.1752461,GALAXY,20.75376,18.77541,17.5599,17.04859,16.71717,20.91292,False
1237654611216957638,192.018983178631,65.7228916406316,9.655434,0.1771949,GALAXY,19.9055,17.88306,16.61898,16.14362,15.80356,28.64856,False
1237654668663587038,153.905057228405,-1.19680217425195,6.091044,0.2003275,GALAXY,21.49496,18.72811,17.32145,16.79528,16.42329,13.55006,False
1237654668663652441,154.052469362827,-1.22717480439819,8.495695,0.06138381,GALAXY,18.03396,16.72352,16.06077,15.6786,15.42825,23.06424,True
1237654668663652501,154.153451933311,-1.23284935986937,4.389456,0.1720573,GALAXY,19.7595,18.34778,17.4584,16.91525,16.60205,11.88208,False
1237654668664176702,155.249761689585,-1.19405942009705,5.006566,0.08965574,GALAXY,18.55644,17.21639,16.548,16.07861,15.82104,17.79946,True
1237654669200457931,153.971423759878,-0.769290744654443,9.489671,0.04417122,GALAXY,18.13445,17.0171,16.5806,16.32308,16.16904,12.15192,True
1237654669200851059,154.834965452671,-0.78631283903903,8.035951,0.06286128,GALAXY,18.53184,16.81681,15.95809,15.48733,15.11884,19.56977,True
1237654669200982136,155.09949342148,-0.832850428712036,4.165011,0.08517877,GALAXY,20.50808,18.41318,17.42989,17.00353,16.66286,15.82553,True
1237654669201506500,156.311178443764,-0.758857575536956,6.891405,0.218504,GALAXY,20.16228,18.41533,17.25229,16.75125,16.42727,10.32516,False
1237654669737525446,154.412047966949,-0.398935331149303,4.343306,0.09397987,GALAXY,19.68732,17.84255,16.88767,16.45362,16.11738,16.25183,True
1237654670274789579,155.295924960602,0.0305948272964728,7.143196,0.0540349,GALAXY,18.79723,16.88953,16.02583,15.62339,15.30488,27.47486,True
1237654670274855049,155.419484628684,0.0654057331125006,4.077594,0.1116021,GALAXY,19.67382,18.37596,17.67,17.25386,16.97095,11.93925,False
1237654670275379424,156.728811934968,0.056671927732628,3.420727,0.09770888,GALAXY,19.92635,17.91067,16.88368,16.41341,16.03216,20.33768,True
1237654670275444846,156.816327620196,0.0129008931878156,5.384458,0.09857899,GALAXY,19.1121,17.83427,17.20951,16.86442,16.67307,10.28595,True
1237654670275575957,157.142237398686,0.0214536070325256,6.367904,0.1491398,GALAXY,20.18218,18.49931,17.37843,16.89632,16.5616,11.0471,False
1237654670809301181,149.915987315034,0.447314082447745,3.112743,0.1597646,GALAXY,20.95854,18.80348,17.62841,17.15035,16.82374,13.69649,False
1237654670811725874,155.517512026616,0.48001986018424,4.961988,0.07137506,GALAXY,19.35166,17.20773,16.20983,15.7234,15.349,25.82666,True
1237654670811725917,155.43059799017,0.447714868950996,3.363264,0.09648157,GALAXY,20.32628,18.48948,17.58747,17.1922,16.86006,13.2709,True
1237654881266499696,198.033266878414,5.52896517823552,6.074217,0.04575304,GALAXY,18.08955,16.60124,15.767,15.27119,14.94389,34.58425,True
1237654881266499748,198.09696938928,5.54458858202163,4.6626,0.144851,GALAXY,20.2047,18.0114,16.85051,16.36785,16.03988,27.00737,False
1237655126625943757,198.484595397384,5.84347767198508,7.737674,0.04903267,GALAXY,18.26124,16.41268,15.54734,15.14595,14.83044,40.74667,True
1237655177079030242,129.305689526077,-1.39464146920346,6.301561,0.1078021,GALAXY,19.51746,17.62557,16.59212,16.14193,15.76009,20.1,False
1237657118410997886,129.802621055333,39.4386881119284,5.663569,0.1885038,GALAXY,20.56769,18.46395,17.17336,16.66791,16.37333,15.34414,False
1237657118948065503,129.907997247288,39.9436330934275,3.737053,0.1525689,GALAXY,20.64941,18.68969,17.62591,17.16391,16.82635,12.67323,False
1237657401341837503,129.686864213092,39.0581791817594,4.128015,0.164356,GALAXY,20.06158,18.4694,17.59427,17.13574,16.85862,12.53172,False
1237657401878708384,129.46981525333,39.2894819419397,6.768021,0.1693089,GALAXY,20.22887,18.20406,16.95029,16.43955,16.06296,17.56357,False
1237657401878839525,129.636299161445,39.5810937944034,4.066897,0.1888075,GALAXY,21.13922,19.01102,17.75123,17.26518,16.93051,10.86011,False
1237657606425805009,128.54763443958,39.2904290148051,5.739787,0.1715619,GALAXY,20.22152,18.35985,17.23145,16.70894,16.3406,12.03478,False
1237657606425870614,128.653435607047,39.4604227939528,3.69386,0.174495,GALAXY,21.4268,18.79828,17.57326,17.10209,16.76507,11.85848,False
1237657606426329374,129.564150953376,40.1736754845324,4.19302,0.1730383,GALAXY,20.81558,18.74867,17.54458,17.0478,16.67578,11.3321,False
1237657606426394701,129.762855333821,40.2626750091898,7.20332,0.1941434,GALAXY,19.36924,17.86993,16.85375,16.35297,15.99836,18.10173,False
1237657606426394830,129.726269401617,40.1860110676277,6.543183,0.1909425,GALAXY,20.43749,18.50918,17.2539,16.75683,16.39194,13.81896,False
1237657606426394988,129.800107586467,40.1831964045658,4.641837,0.1957822,GALAXY,20.86275,18.72821,17.43834,16.93266,16.56317,12.35031,False
1237657627916370036,176.794785175954,51.1151055607014,7.298082,0.07000316,GALAXY,18.36601,17.04114,16.49059,16.14621,15.92475,12.45627,True
1237657628453372134,177.328073891834,51.4180012556544,7.408802,0.06923205,GALAXY,18.56179,16.86585,16.01187,15.48892,15.13433,19.32123,True
1237657628990242878,177.094342210959,51.9260768077224,5.629519,0.08380916,GALAXY,18.73752,17.49625,16.91749,16.5491,16.29191,12.88645,True
1237657628990308521,177.535110940358,52.0099116043643,5.79231,0.09333265,GALAXY,19.00452,17.64238,16.98235,16.62309,16.36588,12.17143,True
1237657629527179348,177.27764867759,52.3410472863196,4.464681,0.09524389,GALAXY,18.03728,16.97221,16.41858,16.06529,15.85237,20.51336,True
1237657629529407590,185.706393549316,52.7056542462288,10.70611,0.0865107,GALAXY,18.56231,16.55697,15.6198,15.20688,14.87995,24.45634,True
1237657629529407638,185.76067251276,52.6285141184377,6.643986,0.08743425,GALAXY,18.93018,17.36941,16.56878,16.17935,15.87258,15.50215,True
1237657629529473077,185.988385292745,52.6599893958994,4.584152,0.1138899,GALAXY,19.71339,18.3863,17.65115,17.2647,17.00096,11.41249,False
1237657629529604361,186.56954148016,52.5874930581777,6.495306,0.1645892,GALAXY,19.61713,18.10439,17.01889,16.51307,16.11801,12.45031,False
1237657629531242622,192.617130743616,52.2622785338937,9.376307,0.07359084,GALAXY,18.58174,17.09059,16.36565,16.0114,15.73946,12.03389,True
1237657629531504733,193.528165506106,52.2951034008848,3.760643,0.09957574,GALAXY,20.26169,18.28462,17.35099,16.94456,16.61488,13.53188,True
1237657630063722670,176.119285775123,52.8010274467722,8.53653,0.07260127,GALAXY,18.45604,16.81598,16.0093,15.61373,15.31812,15.59941,True
1237657630063984841,177.078919343826,52.7496345233166,8.282601,0.05119152,GALAXY,18.71086,17.17935,16.47537,16.06648,15.76361,12.28484,True
1237657630063984849,177.091053275105,52.8377036240154,4.892566,0.05162572,GALAXY,19.30923,17.57913,16.80392,16.42537,16.1485,13.54365,True
1237657630063984859,177.157999387566,52.7060069470417,3.500593,0.05253575,GALAXY,18.46774,16.53751,15.68815,15.3016,14.99909,32.07151,True
1237657630064050251,177.179501645443,52.7787218972106,4.358236,0.1698975,GALAXY,20.26593,18.53847,17.53619,17.14244,16.82339,11.2066,False
1237657630066344047,186.005925602878,52.9395627824835,3.952575,0.06286776,GALAXY,19.96743,18.46358,17.70644,17.32747,17.06151,10.01736,True
1237657630066344061,186.039751836863,52.9717412116271,8.208632,0.06295118,GALAXY,18.05217,16.06552,15.1906,14.79014,14.51292,31.39899,True
1237657630066344077,186.087620833082,53.1138808437212,5.594,0.1206375,GALAXY,18.86434,17.6497,17.16609,16.84826,16.684,10.72206,False
1237657630066409568,186.293707421129,52.9631616248807,3.212326,0.08606731,GALAXY,19.16055,18.14983,17.64899,17.26421,17.13135,14.44174,True
1237657630066540625,186.609822705123,52.9237795964397,5.817386,0.120278,GALAXY,19.8269,18.0469,17.02415,16.52973,16.13185,11.73821,False
1237657630068113494,192.604742412513,52.6873489519151,3.709103,0.1648579,GALAXY,19.60935,18.39582,17.60308,17.17619,16.93202,10.18128,False
1237657630068244561,193.198481546898,52.7430518325347,4.691297,0.06508764,GALAXY,19.16889,17.19637,16.31976,15.90905,15.61011,24.31052,True
1237657630600986669,177.474480657969,53.17551946568,5.135658,0.06971407,GALAXY,18.8472,16.81058,15.82671,15.37625,15.04281,26.64365,True
1237657630600986758,177.453909816402,53.3171982365666,5.316408,0.06686011,GALAXY,18.47786,16.72648,15.86604,15.45895,15.14837,24.45357,True
1237657630600986783,177.515621371306,53.1903003591776,6.196091,0.05995187,GALAXY,18.04698,17.1003,16.79742,16.51779,16.48178,12.69335,True
1237657630601052250,177.633338034117,53.1587281380518,3.244353,0.1654464,GALAXY,21.11039,18.77876,17.58467,17.11209,16.78708,13.90774,False
1237657630603411541,186.619239633649,53.3800768042597,6.310107,0.209518,GALAXY,20.18481,18.20873,16.94831,16.46211,16.13661,14.8112,False
1237657630603411627,186.807672053793,53.3372840936038,5.464648,0.2092696,GALAXY,21.51796,18.91377,17.55555,17.06595,16.72261,10.75157,False
1237657630605115497,193.281040850489,53.2064400614226,6.935794,0.1992948,GALAXY,20.55782,18.63441,17.35551,16.86089,16.55309,10.33525,False
1237657630605115523,193.331506980595,53.1665662773768,5.313777,0.1077402,GALAXY,18.59809,17.2316,16.62746,16.28319,16.08986,17.3496,False
1237657630605181028,193.400648810609,53.0540260716135,3.508017,0.1018689,GALAXY,19.27733,17.82235,17.23539,16.93266,16.72825,15.63107,False
1237657769628008642,129.42002026228,40.152516113523,5.225969,0.1758568,GALAXY,20.31301,18.48083,17.2797,16.72747,16.31225,12.44667,False
1237657769628074419,129.582556865181,40.2586001033025,4.365436,0.1909432,GALAXY,20.82576,18.92244,17.6654,17.13618,16.75263,10.08239,False
1237657855535349885,176.998837724379,51.2745156662034,5.982169,0.08436982,GALAXY,18.65355,17.2355,16.70504,16.38782,16.21239,12.02242,True
1237657855535415403,177.2815706842,51.2402027454464,4.31705,0.1477741,GALAXY,20.00767,18.10449,17.0406,16.62311,16.30571,17.91651,False
1237657856072351893,177.437920127463,51.7555744013069,5.396974,0.07775582,GALAXY,18.40633,17.39798,16.9778,16.66636,16.55183,12.16381,True
1237657856072351908,177.453667992752,51.8361584705601,4.371161,0.07049329,GALAXY,18.91884,17.8539,17.51287,17.26873,17.13619,11.3326,True
1237657856609222730,177.427288175375,52.2245004082106,3.533688,0.09538168,GALAXY,19.5736,17.7552,16.81416,16.41331,16.06604,20.92628,True
1237657857145962653,176.884672803951,52.6318580100665,5.485876,0.1464648,GALAXY,19.97117,18.02557,16.90641,16.42514,16.04972,13.19366,False
1237657857146028044,176.996175512618,52.6415489162073,4.316838,0.09536451,GALAXY,20.28968,18.16448,17.18714,16.79786,16.44427,14.68488,True
1237657857148387393,185.929770324011,52.9047250366422,6.267891,0.06359018,GALAXY,18.78895,16.95389,16.11855,15.73476,15.43865,20.67056,True
1237657857148387436,186.068039361616,52.9027837232627,10.77153,0.08644547,GALAXY,18.88947,17.21479,16.40921,15.95275,15.59433,13.9451,True
1237657857148584037,186.8069843181,52.7040578160812,3.91372,0.09707516,GALAXY,19.37427,17.93266,17.21038,16.79901,16.51851,14.3385,True
1237657857682899140,176.936325180908,52.9911938856931,5.260107,0.146768,GALAXY,19.73009,17.73079,16.59906,16.14102,15.80137,18.00712,False
1237657857683030110,177.433986746338,53.0449330483773,3.546988,0.1462561,GALAXY,20.44472,18.67289,17.58239,17.17417,16.84253,11.69541,False
1237657857683030125,177.478023825336,53.0140131900703,4.442116,0.06896547,GALAXY,19.04673,17.67874,17.03315,16.61451,16.37255,16.17183,True
1237657857683030190,177.602600349986,53.1029494997913,3.560291,0.07070113,GALAXY,19.2122,17.91497,17.28633,16.91765,16.69151,14.44306,True
1237657857683095665,177.719582172665,53.0666608892872,10.02918,0.06646762,GALAXY,17.2045,15.9819,15.38319,15.03,14.81834,21.06261,True
1237657857685389453,186.604874022335,53.276616408048,3.544096,0.1722248,GALAXY,20.69928,18.90931,17.71901,17.26856,16.95685,11.69,False
1237657857685454993,186.783271751417,53.2757132450685,5.090509,0.0637859,GALAXY,19.06032,17.66064,17.02802,16.66901,16.40922,12.37944,True
1237657858220032048,177.84454471874,53.44417365315,23.52178,0.05184269,GALAXY,16.55049,14.74042,13.92344,13.52442,13.24389,29.81053,True
1237657858222391463,186.921028008352,53.5798258076028,5.753398,0.1630195,GALAXY,19.86217,18.0303,16.92924,16.44769,16.1101,15.17685,False
1237657858222391469,186.932575277708,53.5985340459578,3.690488,0.162902,GALAXY,20.87608,18.87025,17.7175,17.25902,16.84927,11.33627,False
1237658297921503409,154.215635826564,5.22997825736822,5.081946,0.1185879,GALAXY,19.93586,17.90067,16.84467,16.39034,16.00713,22.79419,False
1237658297921634506,154.458472294814,5.29586886374191,4.590686,0.0747915,GALAXY,19.61016,17.71685,16.79589,16.3656,16.01198,12.31379,True
1237658297921634514,154.485766412742,5.28853861205329,10.88051,0.07452209,GALAXY,18.25732,16.2977,15.38553,14.94107,14.59191,31.126,True
1237658297921634537,154.510418327163,5.32297128569953,5.606106,0.06233124,GALAXY,19.06837,17.08545,16.2156,15.8051,15.47022,27.83808,True
1237658299521761681,130.39849796848,4.40272857669275,4.464983,0.2027111,GALAXY,20.81717,18.67791,17.38301,16.90203,16.58611,13.52821,False
1237658299521827229,130.564417319499,4.43609591099587,3.313388,0.2009942,GALAXY,21.57337,18.99805,17.61623,17.06538,16.75352,14.24773,False
1237658299521892833,130.674142898252,4.56675013699807,3.548525,0.08297162,GALAXY,19.17822,17.96383,17.42587,17.05232,16.85548,15.39061,True
1237658299521958015,130.844142603706,4.4639359410382,3.806147,0.08097504,GALAXY,19.39497,18.02534,17.25845,16.83951,16.54549,16.69899,True
1237658423541039156,130.688706398585,4.26670050442122,7.151588,0.08191989,GALAXY,19.05876,17.24575,16.30773,15.89238,15.54634,18.5153,True
1237658423549231390,149.463401322816,6.01843507376975,5.744212,0.09318679,GALAXY,18.93214,17.2323,16.29254,15.82944,15.42748,28.96121,True
1237658423549362407,149.723511343683,6.02262329356566,8.292954,0.0927857,GALAXY,18.02007,16.74338,16.12546,15.81949,15.60123,24.58392,True
1237658424086233391,149.745877093713,6.51223177757204,4.704335,0.2304516,GALAXY,20.92849,19.11624,17.76815,17.25276,16.85754,13.746,False
1237658492796403929,134.372609976225,6.44895816659411,3.197926,0.09330954,GALAXY,19.81403,18.46163,17.70573,17.31038,17.08617,10.01132,True
1237658492796469445,134.495628057448,6.55211265673901,6.429489,0.0762929,GALAXY,19.02868,17.08176,16.13799,15.6383,15.27864,18.78632,True
1237658492796469474,134.516630304401,6.55202601469197,3.228487,0.1889704,GALAXY,20.65697,18.6324,17.45661,16.98697,16.63189,13.05024,False
1237658492796469483,134.544044941538,6.44145557838187,6.509157,0.07126791,GALAXY,19.96791,18.13661,17.22775,16.79033,16.47285,11.08957,True
1237658493333340322,134.381393981522,6.91168089875656,3.603048,0.1165256,GALAXY,20.38657,18.50826,17.4595,16.97346,16.58759,11.85046,False
1237658493333405846,134.546070312333,6.84713547797784,4.412865,0.05254668,GALAXY,18.37115,16.44393,15.58342,15.17225,14.85676,32.3269,True
1237658493334585636,137.249799357974,7.33313278040846,3.582362,0.1167369,GALAXY,20.42084,18.37928,17.34336,16.89101,16.52989,13.99529,False
1237658493334585684,137.285262067581,7.24776780535705,4.055379,0.1169396,GALAXY,20.02859,18.10432,17.052,16.61097,16.24402,16.03598,False
1237658493334782174,137.692276403777,7.40052225752078,6.738315,0.06902219,GALAXY,19.08195,17.05206,16.13858,15.70916,15.37904,20.80117,True
1237658800425533529,177.857667762587,53.5354523087462,3.684518,0.1455721,GALAXY,20.31553,18.35328,17.25549,16.76587,16.37239,12.74442,False
1237658800427827310,186.798669760564,53.7323579562434,4.129074,0.08500043,GALAXY,19.36527,17.9637,17.28521,16.86632,16.57812,14.53651,True
1237660412111552552,134.521708052886,6.33686925266184,5.877256,0.09365652,GALAXY,18.86808,17.57878,16.82003,16.39498,16.11112,15.60558,True
1237660412111552739,134.536454677724,6.3045741932034,7.404757,0.09320858,GALAXY,19.76848,17.85443,16.81674,16.33314,15.93123,11.26846,True
1237660412649603161,137.095152326412,7.07685611636091,3.557028,0.1463169,GALAXY,20.39994,18.29058,17.20214,16.74264,16.38663,15.96128,False
1237660412649668746,137.266533421884,7.15118375119203,10.53178,0.06986298,GALAXY,17.91668,15.98299,15.06125,14.64651,14.28848,30.04089,True
1237660412649668863,137.377979527249,7.04121041760061,3.155204,0.1170119,GALAXY,19.48823,18.26382,17.5929,17.17455,16.90967,12.96644,False
1237660412649734397,137.421657756146,7.18646572707087,5.938125,0.1430263,GALAXY,20.12168,18.00568,16.83956,16.33158,15.92152,16.49773,False
1237660413185556743,135.001743689038,7.26361869893276,3.899988,0.09549651,GALAXY,20.134,18.18635,17.1567,16.69184,16.29939,15.63659,True
1237660413186801806,137.842586491166,7.51547951995477,3.698071,0.06911298,GALAXY,18.73916,17.39517,16.67251,16.2168,15.93625,21.17957,True
1237660636529688721,148.916672760215,42.1258622409963,3.881804,0.2044841,GALAXY,20.84984,18.98216,17.71369,17.15755,16.78242,14.73675,False
1237661063872708803,134.405623465844,7.02399856425891,11.93228,0.05269597,GALAXY,17.95366,16.12414,15.25264,14.82654,14.49515,18.96495,True
1237661063872774361,134.502537656541,7.15907655768653,5.561753,0.1501175,GALAXY,20.3179,18.28263,17.0921,16.59918,16.20256,12.91034,False
1237661063872905475,134.861904568407,7.21052792052668,3.435418,0.09495214,GALAXY,20.43446,18.31277,17.30383,16.84605,16.47697,13.53064,True
1237661063873101971,135.251913160247,7.24726426090224,3.238422,0.1180861,GALAXY,19.80588,18.00223,17.00019,16.56624,16.22234,17.32995,False
1237661063874347208,138.113526206494,7.63589047764239,3.915905,0.1116401,GALAXY,20.43584,18.46877,17.43637,17.00094,16.63223,12.48558,False
1237661063874478276,138.379549152994,7.65216465868712,5.431701,0.1115963,GALAXY,19.03146,17.82401,17.23433,16.85815,16.58955,11.01686,False
1237661387606720649,220.148620212109,52.4142574307879,8.209915,0.2141326,GALAXY,21.47003,18.61776,17.24744,16.76099,16.42346,15.05375,False
1237661388143657163,220.673276898561,52.6393999634215,4.251572,0.2019105,GALAXY,21.28622,19.09438,17.74774,17.24583,16.88516,11.58314,False
1237661951341953072,216.923672439835,11.7348643639465,5.8155,0.1003467,GALAXY,19.48701,17.57228,16.60715,16.16195,15.87777,17.24849,False
1237661957756682384,197.326111076449,51.0773826189888,3.170989,0.09170499,GALAXY,20.23905,18.47,17.69168,17.30299,16.99953,11.75754,True
1237661957756878975,197.975076936983,51.0264049106808,6.393102,0.09622832,GALAXY,18.3603,17.09431,16.46647,16.13132,15.9111,13.86526,True
1237661958293684294,197.858869931255,51.4956045375901,5.775678,0.1007011,GALAXY,19.01706,16.8635,15.83784,15.38406,15.00161,24.37798,False
1237661958293684342,197.94277295754,51.5318111117671,4.931024,0.1000309,GALAXY,19.78193,17.81487,16.82961,16.40753,16.03715,15.67862,False
1237661958830030958,196.020630494424,52.0445967768057,4.525791,0.09361758,GALAXY,20.26304,18.08158,17.02706,16.52,16.11187,14.92814,True
1237661958830162062,196.554376336208,51.9646828113361,5.716976,0.1024365,GALAXY,18.56847,16.9446,16.11733,15.69419,15.35956,21.03524,False
1237661959366639787,195.219952240287,52.6844672242739,3.383276,0.1105542,GALAXY,20.34784,18.52545,17.66069,17.26682,16.93064,12.07014,False
1237661959366639791,195.18314878257,52.4946740702073,3.041844,0.1536362,GALAXY,19.68902,17.67301,16.63864,16.19014,15.83452,22.16029,False
1237661959366836501,196.011882771728,52.4332091335168,7.31424,0.1193232,GALAXY,18.83781,17.60874,16.87773,16.47988,16.22664,13.05866,False
1237661959366967525,196.581696638955,52.5391742453962,3.827296,0.188299,GALAXY,20.7857,18.6458,17.44171,16.96422,16.60757,11.7571,False
1237661970122342602,209.214866998809,5.74492236010256,6.165046,0.08024688,GALAXY,18.3689,17.27792,16.81168,16.49387,16.34942,17.48259,True
1237661970122473591,209.47534873186,5.71662674182958,3.814039,0.148703,GALAXY,19.27186,18.15814,17.47235,17.09447,16.85109,14.23842,False
1237661970659082383,208.874694455703,6.05355488034507,5.657757,0.08097249,GALAXY,19.3658,17.69807,16.89034,16.47226,16.17992,14.97825,True
1237661970659410068,209.610635583247,6.13473060007849,4.859018,0.1471539,GALAXY,20.62562,18.76989,17.59024,17.13034,16.76458,11.90942,False
1237661970659410088,209.636160950155,6.13003201465068,6.719707,0.1478382,GALAXY,20.52002,18.4948,17.50756,17.00811,16.64577,10.64922,False
1237661970659410094,209.63502828182,6.16869897787899,5.466326,0.08352599,GALAXY,18.83995,17.53205,16.94432,16.60387,16.38251,14.63684,True
1237661970659410171,209.707237309439,6.1767877219548,5.314622,0.06535698,GALAXY,18.98735,17.09477,16.21802,15.82811,15.51347,31.02846,True
1237661971196150024,209.430292627747,6.5638909496132,4.381382,0.0654673,GALAXY,18.99245,17.19692,16.32001,15.92076,15.61539,29.35019,True
1237661971196150029,209.432296040293,6.48051453967044,4.248498,0.07882302,GALAXY,18.88279,17.78939,17.33377,17.00736,16.91675,17.45683,True
1237661971196215611,209.577972147006,6.43146348802411,3.63472,0.1797625,GALAXY,19.78851,18.42026,17.59585,17.1863,16.9134,15.49994,False
1237661971732365352,207.840248124597,7.0020218586574,4.685222,0.06993707,GALAXY,18.85158,17.7802,17.28825,16.92632,16.73891,16.26714,True
1237661971732431179,208.098118680426,6.92013088931358,4.088492,0.1159558,GALAXY,19.59428,17.58449,16.56776,16.12234,15.7663,27.15944,False
1237661971732627702,208.428483441493,7.05034405482079,3.179682,0.1431115,GALAXY,20.77872,18.88004,17.72463,17.2368,16.88662,16.76849,False
1237661972269236403,207.895130775133,7.38761105043519,4.897662,0.08242498,GALAXY,19.88876,18.09715,17.18787,16.75536,16.44363,18.09453,True
1237661972269236410,207.904261476202,7.47246791780484,3.79067,0.1405559,GALAXY,20.50909,18.43866,17.36046,16.90568,16.55928,18.5692,False
1237661972269236464,207.96307863337,7.3456527774252,3.277495,0.1427271,GALAXY,20.73921,18.72101,17.60924,17.13614,16.78806,16.84888,False
1237661972269301886,208.081632866669,7.35811160095806,5.583154,0.1332803,GALAXY,19.61575,17.70875,16.64473,16.20507,15.86953,21.94649,False
1237661972269367444,208.244007322813,7.32545951378741,4.76889,0.09465942,GALAXY,19.54787,17.48699,16.50705,16.08294,15.73728,24.57557,True
1237661972804337726,203.821768137096,8.07050904857969,6.036873,0.02370589,GALAXY,17.64336,16.61868,16.14819,15.92885,15.76087,21.84034,True
1237661974405316763,197.913873812301,6.31968737444136,6.05711,0.04576328,GALAXY,17.98239,16.04337,15.1814,14.76438,14.47649,43.79967,True
1237661970659344563,209.434196582339,6.04203599758495,8.829264,0.0536523,GALAXY,18.41342,17.15609,16.67573,16.37986,16.1802,12.07144,True
1237661970659279148,209.326491729561,6.06379958896322,3.853651,0.05371184,GALAXY,19.80677,17.9712,17.17255,16.76082,16.46498,16.95462,True
1237661959903903900,196.877410492159,52.7911236689118,6.077368,0.05462102,GALAXY,18.46228,17.28631,16.85279,16.57286,16.37176,10.44281,True
1237661959367098454,196.866512486855,52.4049957816079,23.73645,0.02393095,GALAXY,16.56242,15.1565,14.55,14.2804,14.05066,16.27893,True
1237661959366901906,196.332847108833,52.5262855331549,8.380457,0.05486891,GALAXY,17.39017,16.21948,15.75353,15.43951,15.27669,16.58723,True
1237661959366901859,196.182946463017,52.5268624181486,5.662523,0.03958137,GALAXY,18.67504,17.46197,16.98011,16.7125,16.50554,12.79357,True
1237661959366705234,195.503856093682,52.5699472101072,8.777658,0.0540014,GALAXY,19.05679,17.47568,16.70756,16.27117,15.90145,10.91108,True
1237661959366639825,195.356169667855,52.6450351908495,10.98263,0.05571005,GALAXY,17.57339,15.56777,14.64078,14.16589,13.81928,34.22865,True
1237661959366574235,195.109039339845,52.6712058505256,4.095551,0.05626051,GALAXY,19.40281,17.82498,17.11745,16.80595,16.56536,12.80217,True
1237661959366574173,194.980758072575,52.5732088564748,12.08793,0.0548389,GALAXY,18.09184,16.45978,15.66167,15.21344,14.86837,18.00209,True
1237661958830162049,196.542242820989,52.0173225518175,6.511478,0.0383144,GALAXY,18.08129,16.82273,16.36766,16.10023,15.92825,16.78214,True
1237661958830161935,196.545528743801,52.1108831640462,7.646351,0.02595402,GALAXY,17.34358,16.11074,15.46352,15.14633,14.87008,24.43492,True
1237661958829768865,195.258896989145,52.1892519372122,6.606734,0.05471532,GALAXY,18.1378,16.37071,15.53816,15.13404,14.87822,27.7749,True
1237661957756813486,197.912718459052,51.1178546932544,3.907741,0.09994961,GALAXY,19.07784,17.98166,17.55389,17.25502,17.16289,10.23986,True
1237661957756813477,197.853554391647,50.9744333308353,5.019496,0.1247671,GALAXY,19.28947,17.73821,16.93436,16.55456,16.2881,10.9367,False
1237661957219811446,197.198695610077,50.7166249959099,3.685092,0.1244743,GALAXY,18.70492,17.36205,16.6562,16.18598,15.93742,18.20297,False
1237661139032670377,150.49503806666,37.7898462752149,7.59931,0.05137081,GALAXY,18.21604,16.50929,15.63939,15.15584,14.81584,25.14405,True
1237658800425468012,177.56661397414,53.5190871604493,4.547999,0.05889788,GALAXY,19.44117,17.72406,16.82711,16.34175,15.98079,11.28474,True
1237658493335044384,138.363176954494,7.43681086665263,5.639913,0.1286924,GALAXY,19.09182,17.82788,17.1111,16.73195,16.50146,10.31454,False
1237658423540973765,130.546610598766,4.29904039709522,12.16461,0.02801928,GALAXY,17.51091,16.35941,15.8604,15.57721,15.38757,15.65496,True
1237658297923469387,158.715923712437,5.58338982219367,5.724727,0.03104168,GALAXY,17.62053,15.79658,14.96996,14.57174,14.23002,18.16573,True
1237657858222325888,186.689783329355,53.5540889991027,6.563928,0.04631393,GALAXY,18.70272,17.53884,17.15688,16.86995,16.69173,11.29112,True
1237657858219901049,177.528400095573,53.4198246964668,14.13128,0.06029826,GALAXY,17.56656,16.01532,15.25769,14.8608,14.56482,21.65556,True
1237657857685389462,186.617372612197,53.2986410215911,4.29613,0.1346158,GALAXY,20.00296,17.98115,16.90536,16.46981,16.12155,17.85858,False
1237657857682899171,177.028748813755,52.9066498273843,11.2556,0.05074557,GALAXY,17.98345,16.57085,15.87227,15.50566,15.24466,19.206,True
1237657857148452953,186.184276678377,52.7862567225349,8.047846,0.1232259,GALAXY,19.03406,17.4843,16.58026,16.10547,15.80562,13.28799,False
1237657857148387421,186.032222563198,52.8433477683373,7.155775,0.0302318,GALAXY,17.5501,16.5801,16.22802,16.04916,15.89832,19.35129,True
1237657857146093693,177.324624635741,52.6308196315976,6.913968,0.05352081,GALAXY,18.10026,16.12313,15.22585,14.80351,14.46646,30.29707,True
1237657857146028153,177.174067227578,52.6630449562187,4.325528,0.05209124,GALAXY,18.80339,16.88107,16.0209,15.60703,15.25596,28.15652,True
1237657857145962628,176.834149584115,52.4884951855866,6.886721,0.04754999,GALAXY,17.5604,16.43976,16.0604,15.8086,15.62896,18.89487,True
1237657857145831498,176.473956136702,52.4370880649956,6.669018,0.04860748,GALAXY,18.05869,16.97681,16.54165,16.25591,16.11057,11.40753,True
1237657856609157186,177.105321592324,52.1214614437381,5.7563,0.0514923,GALAXY,18.25258,17.21477,16.81323,16.56061,16.38835,13.00965,True
1237657856609091676,176.998502544748,52.0782200044651,6.769534,0.1234793,GALAXY,18.71093,17.20836,16.299,15.83151,15.48159,19.78013,False
1237657856072351842,177.394952133966,51.671148694004,4.704523,0.1338621,GALAXY,19.92006,17.7189,16.58533,16.1206,15.74731,20.87329,False
1237657856072286308,177.148091792987,51.6940139665366,3.99301,0.1294258,GALAXY,20.25091,18.37311,17.32192,16.89993,16.52716,12.44685,False
1237657856072220853,177.069122032667,51.7247585496176,3.804311,0.1282645,GALAXY,20.06038,18.31048,17.27214,16.85733,16.49604,13.91531,False
1237657856072220846,177.048364359662,51.7647654160091,3.331045,0.1289523,GALAXY,20.32409,18.39677,17.34004,16.92051,16.54356,14.18852,False
1237657855535415438,177.353379245623,51.339655827887,4.878622,0.02765601,GALAXY,18.91214,17.85478,17.43532,17.19277,17.00778,11.46014,True
1237657855535349960,177.160845875432,51.2702289935383,4.636594,0.1284112,GALAXY,20.43645,18.70621,17.68294,17.26129,16.92346,10.26395,False
1237657855535218926,176.676968765657,51.1748895242582,4.134629,0.1299837,GALAXY,20.60467,18.49729,17.41826,16.99041,16.75214,15.39322,False
1237657769628139765,129.683096294755,40.34654152552,6.92965,0.02461011,GALAXY,17.72578,16.10761,15.41315,15.05088,14.77753,29.44971,True
1237657769628008681,129.454685024979,40.1877112262188,6.850532,0.09352122,GALAXY,18.84705,16.96717,16.04479,15.6116,15.28095,23.62021,True
1237657769628008654,129.379780585538,40.1890360567269,3.800739,0.09316834,GALAXY,19.32347,17.39031,16.49918,16.10636,15.77514,23.46502,True
1237657630605115476,193.222703932146,53.2408304155227,14.08743,0.05485355,GALAXY,19.89301,18.21789,17.41437,17.03041,16.71449,12.79225,True
1237657630605049995,193.123552022373,53.2030103760071,4.056893,0.05865753,GALAXY,19.06491,17.29077,16.44332,16.04784,15.76498,23.15806,True
1237657630603477026,186.918472095275,53.4924517406067,7.63991,0.03049336,GALAXY,16.26894,15.19205,14.7344,14.46206,14.26361,31.75086,True
1237657630603411559,186.663796205174,53.3502129126222,5.8544,0.1347835,GALAXY,19.64851,18.10111,17.12219,16.69997,16.36233,14.05642,False
1237657630600986755,177.470944668723,53.1491021170774,4.555112,0.05972369,GALAXY,18.95144,17.99036,17.65009,17.3453,17.24299,10.24029,True
1237657630068113475,192.539436279532,52.700094284933,8.041471,0.03269946,GALAXY,18.70493,17.14358,16.41644,16.06744,15.82674,11.75167,True
1237657630066540646,186.645148181602,52.9929526449426,19.31623,0.02170969,GALAXY,16.45027,15.14314,14.5567,14.24823,14.0524,17.38734,True
1237657630066475170,186.448855989482,53.0459603932047,8.828512,0.03458348,GALAXY,17.42856,15.94974,15.29936,14.9462,14.67061,25.95069,True
1237657630066475141,186.354451398747,52.9623632831877,10.15109,0.0352118,GALAXY,18.17885,16.77076,16.12672,15.77176,15.49851,15.28826,True
1237657630063984807,177.050755579072,52.8520880546451,13.7668,0.05030173,GALAXY,17.47127,15.52173,14.65609,14.23441,13.92058,30.98101,True
1237657630063919255,176.827017708153,52.7223284026667,10.0532,0.05000767,GALAXY,17.42033,16.42959,16.18699,15.98736,15.89349,12.22805,True
1237657630063919210,176.771862585483,52.6791757351256,4.135467,0.04872944,GALAXY,19.02253,17.12678,16.27489,15.87763,15.56134,22.88096,True
1237657629531504762,193.62620383181,52.254177172106,11.02001,0.05441348,GALAXY,18.29198,16.89415,16.24183,15.88759,15.60482,11.18553,True
1237657629526917276,176.431933599964,52.2584458049912,3.537483,0.1343652,GALAXY,20.39808,18.32872,17.31856,16.89043,16.57937,12.03168,False
1237657629526851776,176.176311890018,52.2898195236973,3.839365,0.1319006,GALAXY,20.42839,18.35121,17.32576,16.90015,16.55572,11.83486,False
1237657628453372093,177.271687746642,51.58215148382,9.099774,0.1296178,GALAXY,19.36114,17.09073,16.02063,15.57129,15.24794,14.35817,False
1237657628453372076,177.250022900734,51.5539124347419,3.524511,0.1306483,GALAXY,20.38148,18.50069,17.41196,16.91832,16.54961,13.77229,False
1237657628453372068,177.247469489861,51.5202643839988,7.364056,0.1315284,GALAXY,19.55443,17.51005,16.48877,16.06463,15.71855,14.82619,False
1237657628453372065,177.254646699552,51.4595298194775,4.261516,0.1294274,GALAXY,20.06386,18.22478,17.2251,16.81441,16.47161,13.25491,False
1237657628453372021,177.217977752724,51.5521663239435,12.27668,0.1325608,GALAXY,18.80937,16.96921,15.86479,15.39777,14.92705,20.49858,False
1237657628453371996,177.182432178116,51.5584273595408,3.887803,0.1295499,GALAXY,20.19978,18.09475,16.98591,16.51888,16.14647,16.45905,False
1237657627916501180,177.322538702592,51.0546132629572,3.933647,0.1256479,GALAXY,20.5751,18.61379,17.58389,17.13967,16.7912,10.7558,False
1237657627916435531,177.095465611089,51.1208145882322,4.488956,0.1277395,GALAXY,20.08789,18.12454,17.0764,16.62875,16.26792,14.96169,False
1237657627916435505,177.045887158038,51.0353963861548,4.593348,0.1280638,GALAXY,19.36806,17.90194,17.11906,16.70568,16.43253,10.8961,False
1237657627916435503,177.039516078807,51.0601094531589,3.642748,0.05452584,GALAXY,18.75917,17.70794,17.32332,17.03079,16.92615,14.64373,True
1237657627916435497,177.004322702873,51.1708452989632,4.292296,0.05859168,GALAXY,19.62367,17.6941,16.92064,16.52618,16.25021,16.36051,True
1237657627916370077,176.94061084073,51.0842082613323,11.06163,0.05630213,GALAXY,17.30744,16.05289,15.48974,15.15733,14.92138,16.83346,True
1237657606426394889,129.72923832057,40.2952713359804,4.157276,0.09768202,GALAXY,19.02049,17.67299,16.96653,16.57145,16.31376,19.39174,True
1237657606426329281,129.635156897631,40.0668910357006,7.089965,0.05651452,GALAXY,19.26162,17.46151,16.43615,15.87253,15.43432,15.61857,True
1237657606426263759,129.447989674429,39.9776118116888,5.160427,0.08982111,GALAXY,19.74871,18.06462,17.16915,16.73327,16.39705,13.55835,True
1237657606426132672,129.203000319862,39.6763834326041,5.899177,0.05651709,GALAXY,18.51303,16.6429,15.76585,15.34147,15.0121,30.41054,True
1237657606426001462,128.910996748415,39.5570439032481,5.175206,0.09878875,GALAXY,18.08169,17.03203,16.58392,16.24168,16.07495,22.43843,True
1237657606425870601,128.607165073096,39.4778692541443,3.049051,0.1137688,GALAXY,19.18558,18.1257,17.67215,17.33251,17.19658,12.99464,False
1237657402415972591,129.916841022921,40.175319345858,6.563242,0.05623467,GALAXY,18.41707,17.15051,16.58676,16.27558,16.02641,17.22853,True
1237657402415841515,129.739797512924,40.0064682819073,3.362116,0.1214327,GALAXY,20.42018,18.53447,17.58321,17.2024,16.89616,15.30836,False
1237657402415841483,129.688821226418,39.9736806198638,4.185868,0.1320349,GALAXY,20.1257,18.57273,17.66658,17.1993,16.89627,12.24124,False
1237657401878773909,129.549016483285,39.5122220543157,4.590014,0.1521694,GALAXY,19.30882,18.1665,17.55685,17.19615,17.03173,11.725,False
1237657401878773892,129.54895110554,39.4842088316542,3.478774,0.08336932,GALAXY,19.8343,18.02446,17.09493,16.69233,16.35282,18.82743,True
1237657401878708416,129.502221510733,39.3274615763505,4.396078,0.09330911,GALAXY,19.3179,18.11268,17.53924,17.14958,16.918,11.90728,True
1237657401878708333,129.267113913767,39.3575050347271,3.93353,0.0246235,GALAXY,19.50418,17.74114,16.96732,16.59741,16.27961,19.5258,True
1237657401878642857,129.245885804476,39.2783496538437,3.275042,0.1512623,GALAXY,20.76767,18.70988,17.56794,17.08875,16.73193,14.82304,False
1237657118948065514,129.862616234719,39.9939966596248,4.305748,0.1219737,GALAXY,19.79683,18.39567,17.62073,17.19217,16.89321,10.88017,False
1237657118947868878,129.601352234515,39.6139934070912,4.712944,0.0555966,GALAXY,18.53993,17.49493,17.18331,16.95184,16.81744,13.50436,True
1237657118947803337,129.407947538116,39.5510007306253,3.994309,0.1475431,GALAXY,19.2902,18.03237,17.29791,16.69189,16.41421,15.25651,False
1237657118947672323,129.113871277277,39.2630380089739,4.992014,0.1514545,GALAXY,20.32092,18.51098,17.40673,16.90475,16.51626,10.54304,False
1237657118947541192,128.754054466779,39.1831366875631,4.61925,0.0568845,GALAXY,19.25177,17.41347,16.4991,16.05525,15.6968,19.3362,True
1237657118947475602,128.512481726742,39.0698837668965,3.679679,0.1203283,GALAXY,20.0704,18.49624,17.57586,17.09862,16.7646,13.08947,False
1237657118410801317,129.358675156853,39.0413555001821,4.550875,0.1515236,GALAXY,20.28398,18.40881,17.48495,16.99178,16.6306,10.94115,False
1237655177079095715,129.400812569981,-1.39012526337007,3.566244,0.05090437,GALAXY,19.06807,17.22752,16.36758,15.94466,15.64382,26.17648,True
1237654670274920558,155.573848684464,0.0102925100182187,3.7516,0.02122095,GALAXY,18.51334,17.46715,17.0207,16.77336,16.53491,19.66894,True
1237654669737853104,155.235969369106,-0.374445004662958,4.265968,0.05350371,GALAXY,19.01946,17.78716,17.18327,16.84531,16.5856,13.7366,True
1237654604786565228,154.776037236246,3.72369345994832,4.33295,0.1320607,GALAXY,20.32462,18.19203,17.05987,16.61293,16.22127,19.47277,False
1237654602638950539,154.180692928192,5.15449138232939,6.676047,0.04571308,GALAXY,18.43492,16.88467,16.07558,15.61954,15.30602,23.28922,True
1237654602102276254,154.631089082778,4.82050225741104,7.812598,0.05390493,GALAXY,17.97471,16.20152,15.38155,14.9559,14.63678,31.97509,True
1237653663648055418,149.549310483236,1.02979604057742,3.740397,0.02801047,GALAXY,18.90677,17.40805,16.62688,16.24698,15.95349,25.00749,True
1237653663647662231,148.74975813295,0.979106293467364,3.550768,0.1266301,GALAXY,20.64256,18.64984,17.65938,17.22104,16.87083,12.40954,False
1237651801770950802,149.915558434773,0.541044720846726,14.8743,0.04483392,GALAXY,17.52063,15.86076,15.085,14.72916,14.45327,25.56476,True
1237651801770754260,149.538105108262,0.600855305363429,3.514436,0.04669769,GALAXY,18.64134,17.54169,17.02921,16.73301,16.57948,21.40976,True
1237651801770754182,149.445764448447,0.571927228722444,4.676747,0.0387163,GALAXY,18.46333,17.53361,17.21628,16.99463,16.91978,14.0009,True
1237651801770688761,149.370249995155,0.588197408911514,4.990515,0.04639048,GALAXY,18.80637,16.94897,16.08522,15.69083,15.40739,28.40481,True
1237651801770623100,149.139108178336,0.596970179970583,4.088951,0.03467486,GALAXY,18.59506,17.62211,17.23781,17.02069,16.91113,15.61388,True
1237651801233948916,149.70776870297,0.161441306533142,3.487687,0.04730976,GALAXY,19.23519,17.53702,16.66714,16.18493,15.83021,23.42064,True
1237650796220055738,146.300865259767,0.0354782948125222,4.627979,0.021758,GALAXY,17.80842,16.67454,16.06488,15.77567,15.53736,29.20834,True
1237650795683250349,146.381392930289,-0.386506983977315,6.47462,0.05260282,GALAXY,20.80243,18.26689,17.22573,16.67334,16.22806,11.84145,True
1237650795683250326,146.373795889743,-0.368444419082652,9.92126,0.05290708,GALAXY,19.39033,17.22124,16.25918,15.72034,15.37339,18.81373,True
1237650795683250319,146.365416186714,-0.343545399581245,5.046671,0.05248393,GALAXY,19.38741,17.59897,16.71058,16.18564,15.8368,18.80396,True
1237650795683250311,146.352081032659,-0.332714228931448,3.717609,0.05217639,GALAXY,18.7357,17.24859,16.49056,16.0216,15.72145,27.82041,True
1237648722828001501,149.587848876356,1.09311573929049,4.412508,0.1252315,GALAXY,19.52968,17.55491,16.49394,16.0624,15.70407,23.24888,False
1237648722827870327,149.205825976946,1.12050108519128,7.366949,0.04704995,GALAXY,18.66943,16.8495,16.00342,15.59754,15.29298,29.4121,True
1237648722827673705,148.756221483093,1.0690964999668,4.846345,0.1319097,GALAXY,20.3535,18.3311,17.32984,16.88501,16.52027,11.43272,False
1237648722291130417,149.502998437367,0.812548618740289,6.988091,0.1259033,GALAXY,20.2014,18.30348,17.33825,16.9246,16.53399,10.54932,False
1237648722291065136,149.430258049795,0.689940245360079,11.64684,0.04589036,GALAXY,17.55132,16.07058,15.32903,14.90121,14.61607,22.13749,True
1237648721754325237,149.613469902888,0.382478783209481,5.525179,0.05647835,GALAXY,18.24147,16.36091,15.51062,15.09205,14.76688,35.00988,True
1237648720141943039,145.582156551931,-0.892723307954943,5.022273,0.0983509,GALAXY,20.02221,18.13514,17.17969,16.74761,16.38009,14.93411,True
1237648720141943100,145.681099905386,-0.867224653278381,11.027,0.06759457,GALAXY,18.70333,16.72997,15.79149,15.37517,15.02602,28.13802,True
1237648721215750297,145.744712993587,-0.0763443019867312,11.85305,0.06259136,GALAXY,18.04347,16.96119,16.48829,16.13741,15.97446,16.30433,True
1237648721215750366,145.822696261104,-0.160274750492146,3.419702,0.06265516,GALAXY,19.20431,18.12646,17.59981,17.238,17.00166,13.53691,True
1237648721215815838,145.877376522395,-0.0501882157399638,4.613365,0.09099656,GALAXY,19.88917,18.29563,17.39264,16.85893,16.48972,11.22874,True
1237648721215946884,146.193300202678,-0.0388417218420254,5.059175,0.06296081,GALAXY,19.80244,17.53697,16.42223,15.90521,15.45955,23.52899,True
1237648722289557611,145.868109318099,0.829400963350654,4.007375,0.08260037,GALAXY,20.12168,18.12129,17.11116,16.61616,16.21549,17.12862,True
1237648722835669008,167.002445114567,1.20092328522237,4.665055,0.1387028,GALAXY,19.778,17.71346,16.5973,16.11117,15.71502,18.44036,False
1237648722835669095,166.969725200992,1.22803618886566,3.298401,0.07441805,GALAXY,20.01284,18.22869,17.38946,16.96876,16.67006,14.65366,True
1237650794609180882,145.686135067128,-1.24402793972475,5.922844,0.1480799,GALAXY,20.49722,18.35425,17.18549,16.7039,16.31292,13.08915,False
1237650794609246396,145.767924135807,-1.07471586922702,12.01995,0.06249849,GALAXY,17.89664,16.55894,15.91087,15.5635,15.3284,11.51886,True
1237650795146051731,145.645255228598,-0.815489479462541,4.744746,0.14551,GALAXY,20.59114,18.61152,17.50094,17.01414,16.65757,12.69702,False
1237650795146051795,145.708916807535,-0.747667879215391,3.47227,0.07156569,GALAXY,19.81733,17.91451,17.03766,16.65512,16.33071,18.34138,True
1237650795146117231,145.754114381266,-0.753376726375304,4.173087,0.09848519,GALAXY,20.24852,18.3886,17.27207,16.73409,16.27947,14.07839,True
1237650795146117247,145.759712331706,-0.813885950144194,5.173268,0.06763429,GALAXY,18.74545,16.9426,16.08219,15.61061,15.2965,31.182,True
1237650795683053709,145.905928685701,-0.3683445185045,3.467536,0.09773864,GALAXY,19.86437,17.87822,16.82998,16.34087,15.95632,23.6932,True
1237650795683184714,146.222253348606,-0.375901187288793,5.047668,0.06740563,GALAXY,18.57239,17.18364,16.38426,15.94742,15.65451,23.74206,True
1237650795683184774,146.280188386132,-0.406953109840997,3.044617,0.06335986,GALAXY,18.92301,17.1036,16.21557,15.81424,15.49273,34.94787,True
1237650796219596962,145.218778031565,0.147038968861957,8.675579,0.08318624,GALAXY,19.0127,17.50219,16.70197,16.30967,16.0058,10.5155,True
1237650796219859138,145.825165655138,0.0431777946351111,5.128165,0.1451134,GALAXY,20.32858,18.35477,17.20525,16.70494,16.27762,13.08056,False
1237650796220121207,146.347076828446,0.0754094663738096,4.085065,0.06228172,GALAXY,20.62073,18.49798,17.37679,16.85269,16.43197,11.70439,True
1237650796756533529,145.433887437417,0.564174256371872,9.115926,0.1461468,GALAXY,19.98982,18.0981,16.90623,16.35375,15.94334,10.372,False
1237650797293469823,145.544621670334,0.939369465005601,4.88495,0.08390663,GALAXY,20.1829,18.04323,16.92529,16.38822,16.00094,17.13157,True
1237651752393965792,166.938602335221,1.30183717237649,3.424081,0.1290198,GALAXY,20.38643,18.40852,17.35936,16.90482,16.54777,15.0528,False
1237651752394096744,167.232030052891,1.30714538434989,3.565297,0.08386099,GALAXY,20.35537,18.35787,17.42087,16.98924,16.6651,13.76625,True
1237651752394227839,167.479188594802,1.27038481214289,3.139639,0.06473813,GALAXY,19.60283,17.67808,16.7681,16.34606,16.03441,20.41449,True
1237651752394227913,167.537427141118,1.3133833686398,4.235612,0.1273762,GALAXY,20.00901,18.39458,17.43988,16.95256,16.58557,10.04091,False
1237651752394227948,167.5026215825,1.28289197644027,13.89963,0.06511077,GALAXY,19.05042,17.24335,16.29201,15.79346,15.35408,10.10605,True
1237651752394293402,167.55296217407,1.28230223956457,5.553197,0.0981482,GALAXY,19.02572,17.03159,16.02787,15.60747,15.25328,24.31891,True
1237651752921596015,145.793369479373,1.18567055270675,4.835554,0.06256682,GALAXY,19.83735,17.71152,16.67881,16.16741,15.75556,19.56821,True
1237651752921661579,145.850488780277,1.20352840894456,3.715484,0.06182272,GALAXY,18.84452,16.86828,15.89447,15.43987,15.06171,34.30495,True
1237651752930967727,167.220420256357,1.73472610843249,4.288998,0.1313842,GALAXY,19.93869,17.98847,16.95815,16.51101,16.17158,16.66051,False
1237651752931033245,167.311101548443,1.71900937900628,3.167064,0.1441008,GALAXY,20.91526,18.6726,17.53441,17.07836,16.72099,15.08777,False
1237651752931033268,167.338436664698,1.72600761076271,3.230254,0.09910655,GALAXY,19.2257,18.02536,17.41879,16.93778,16.75231,14.47064,True
1237651752931098677,167.512098579656,1.67134684926759,11.78929,0.1031388,GALAXY,18.86904,16.69106,15.62151,15.18231,14.82917,17.0291,False
1237651752931098725,167.413971090553,1.61555188041174,6.291265,0.182736,GALAXY,19.99965,18.28629,17.1214,16.6401,16.31075,10.18786,False
1237651752931098794,167.501874286458,1.6853223788324,3.42671,0.09023587,GALAXY,19.74101,17.99938,17.12674,16.77766,16.46815,16.75713,True
1237651752931098798,167.512137563417,1.651575471361,3.723452,0.1011403,GALAXY,19.88552,18.00595,17.01263,16.58738,16.23131,17.06349,False
1237651752931164275,167.652440169011,1.75615459584817,3.315182,0.1028983,GALAXY,20.59114,18.64542,17.69589,17.26661,16.9292,11.75064,False
1237651752931229776,167.701531971545,1.6131427251029,6.718665,0.1029404,GALAXY,19.35093,17.40357,16.36246,15.88759,15.48048,15.11716,False
1237651752931229794,167.717530873289,1.66812128277317,8.014168,0.09685551,GALAXY,19.28149,17.56439,16.59749,16.15876,15.79316,15.96097,True
1237650797293535398,145.663598882417,0.97367241833886,4.998249,0.1353705,GALAXY,18.87798,17.59862,16.8619,16.41427,16.11835,18.3569,False
1237650796220055691,146.231848537983,0.0682256095120794,14.53555,0.02160817,GALAXY,17.27764,15.12302,14.0552,13.54467,13.13062,41.37398,True
1237650796219924629,145.950183853653,0.0720527370537717,3.012061,0.1258195,GALAXY,20.89035,18.85066,17.69959,17.20279,16.77764,14.8616,False
1237650796219596986,145.251997907273,0.126486008622319,3.010925,0.1219135,GALAXY,20.84675,18.71995,17.60611,17.11392,16.70932,13.83891,False
1237650795146051733,145.647881555174,-0.77172514962061,12.30728,0.02165231,GALAXY,17.82641,16.61493,16.12896,15.89721,15.77105,13.99162,True
1237648721752555640,145.594012704541,0.309420163606019,4.461374,0.04570889,GALAXY,19.13766,17.23995,16.29899,15.78274,15.38905,22.06196,True
1237648721215881342,146.05730387255,-0.0970296857105921,4.998258,0.03673035,GALAXY,18.53085,16.5696,15.63575,15.19359,14.81316,35.05378,True
1237648721215815722,145.876483466918,-0.0110048657705028,5.008183,0.1270235,GALAXY,19.86773,17.77314,16.56558,16.07451,15.6529,21.99423,False
1237651752931229848,167.834458502474,1.65410628390839,5.676155,0.1018025,GALAXY,19.66612,17.80496,16.91442,16.51052,16.20292,15.23356,False
1237651752931295292,167.858885423531,1.66890155218029,4.526509,0.03935371,GALAXY,18.87883,17.73425,17.29428,17.02377,16.82689,10.98925,True
1237651753467838569,167.14797996168,2.12489518335486,6.247313,0.1787891,GALAXY,19.60613,17.76991,16.83726,16.36622,16.11244,13.18705,False
1237651753467838585,167.175087864473,1.96504424975818,4.688725,0.1467856,GALAXY,19.47548,17.89813,17.06413,16.60284,16.25698,13.03441,False
1237651753467969556,167.438039005498,1.98458293238372,4.473608,0.141272,GALAXY,19.92131,17.86473,16.71481,16.25148,15.85643,19.00641,False
1237651753467969608,167.446518636817,2.16977836833327,4.772576,0.08519027,GALAXY,19.37316,17.31082,16.33866,15.88643,15.53525,21.66062,True
1237651753468035245,167.58927724086,2.0346082531193,4.257866,0.156417,GALAXY,19.68652,18.11836,17.43986,17.0208,16.85801,11.15727,False
1237651753468166271,167.895078461763,2.00735297559816,4.817494,0.1334578,GALAXY,19.42822,17.49396,16.42748,15.98715,15.61454,19.85151,False
1237654028716015737,167.049294397004,1.38621443863573,4.44812,0.1419557,GALAXY,20.42619,18.63129,17.53853,17.10864,16.73665,11.98018,False
1237654028716081208,167.217322086712,1.49913041505333,4.960733,0.07515389,GALAXY,19.39466,17.51859,16.61947,16.2231,15.88756,20.72279,True
1237654028716146848,167.418596838782,1.42266535793296,4.982919,0.09689903,GALAXY,20.08568,18.31496,17.37144,16.88853,16.48123,10.3332,True
1237654028716212362,167.548232945581,1.35806881716009,4.136681,0.08370402,GALAXY,18.69711,17.74944,17.36908,17.07204,16.98929,12.79923,True
1237654028716212387,167.598381849885,1.53930185617043,7.621754,0.207593,GALAXY,21.10106,18.36931,16.9982,16.4937,16.16148,12.34109,False
1237654028716212406,167.62124345599,1.48244483148828,6.08019,0.09763516,GALAXY,18.70275,17.39662,16.77862,16.4372,16.29536,10.30657,True
1237654028716277902,167.677247822355,1.45949451823391,4.508006,0.1290782,GALAXY,20.6391,18.64086,17.54479,17.12255,16.73982,11.1209,False
1237654028716277905,167.681749949155,1.54127347958953,3.709071,0.1301525,GALAXY,20.43747,18.71118,17.7118,17.28571,16.97276,10.75837,False
1237654029252886599,167.158367146439,1.87645603613366,14.22024,0.04239549,GALAXY,16.70052,15.29258,14.57847,14.18517,13.86301,37.2408,True
1237654029252952139,167.335780235436,1.83426204098436,3.91324,0.1349772,GALAXY,20.58145,18.71463,17.64404,17.11473,16.71502,11.51865,False
1237654029252952169,167.193970304165,1.840642074209,5.592781,0.04242723,GALAXY,18.6959,17.5955,17.24063,17.00948,16.8027,12.85232,True
1237654029252952179,167.214258449324,1.80362206283198,4.932847,0.2090356,GALAXY,20.90385,18.71,17.3455,16.8257,16.42399,12.12812,False
1237654029252952205,167.223999890192,1.78048584741951,3.731286,0.1436395,GALAXY,20.85243,18.71335,17.58932,17.12533,16.7461,12.09004,False
1237654029253017753,167.462325088573,1.77888511193041,5.581419,0.2086583,GALAXY,20.81528,18.53944,17.14128,16.62603,16.31018,12.03902,False
1237654029253017768,167.465037477835,1.95533527570304,3.428246,0.1101428,GALAXY,19.70075,18.02669,17.0996,16.64293,16.28878,16.3095,False
1237654029253083197,167.518898897094,1.76093913756192,4.083,0.1009836,GALAXY,19.5833,17.69297,16.7473,16.29176,15.94828,18.12528,False
1237654029253083206,167.530142735257,1.78379492525614,4.11518,0.1312305,GALAXY,19.82718,18.17712,17.27747,16.8156,16.48033,13.05956,False
1237654029253083285,167.608869673877,1.80864003640518,6.480166,0.1037019,GALAXY,19.08117,17.60231,16.81363,16.3816,16.07,13.06073,False
1237653665797177430,153.240716894259,2.79492565031144,6.7534,0.1214534,GALAXY,19.22191,17.24793,16.14297,15.70266,15.37171,27.57888,False
1237654029253148797,167.664388835554,1.91166822880262,4.227031,0.0753652,GALAXY,18.97496,17.17341,16.38291,16.02707,15.7479,22.7678,True
1237654029253148817,167.690403942803,1.95603890040625,4.571349,0.1573373,GALAXY,20.53766,18.36312,17.20927,16.7451,16.39257,13.78187,False
1237654029789823094,167.207757420976,2.18601950851292,5.498465,0.2016544,GALAXY,20.81459,18.68948,17.384,16.88467,16.51451,12.11867,False
1237654029789888579,167.445861099025,2.18968657522688,8.45943,0.0846258,GALAXY,18.63225,17.13281,16.41698,16.01124,15.74896,11.72062,True
1237654029789888654,167.38702550201,2.26106540664357,12.06083,0.0855354,GALAXY,18.38568,16.58942,15.72422,15.29755,14.97629,22.13431,True
1237654029789954180,167.509774147281,2.22974929356107,4.624134,0.1492801,GALAXY,20.5015,18.49398,17.3762,16.93222,16.55364,12.74975,False
1237654599954202835,153.350900653912,3.19684900961845,4.363415,0.1212419,GALAXY,20.16677,17.9423,16.88329,16.43179,16.08448,20.64148,False
1237654599955578976,156.415113802311,3.13423517613421,5.496959,0.1987136,GALAXY,20.08082,18.12406,16.83029,16.32757,15.99926,13.78526,False
1237654600491073632,153.288751097275,3.48430129623141,9.355094,0.06926323,GALAXY,17.71219,16.62064,16.23866,15.92481,15.80514,15.46948,True
1237654600491073657,153.320049752677,3.50044731191634,3.678105,0.06910947,GALAXY,19.00844,17.18137,16.36933,15.98188,15.69045,32.20433,True
1237654600491532465,154.37098339826,3.65421914543268,6.103122,0.1889772,GALAXY,20.52374,18.76249,17.52419,17.0489,16.71824,11.23742,False
1237654600492515467,156.55716654976,3.6410409800212,3.30575,0.2026678,GALAXY,21.45596,19.01488,17.64143,17.12617,16.72187,11.85915,False
1237654600492580961,156.728069787347,3.61456142645628,4.246595,0.07129313,GALAXY,20.38559,18.39163,17.53095,17.11244,16.79983,10.69198,True
1237654600492646644,156.821917887301,3.77674907448425,4.835196,0.07264344,GALAXY,20.05481,18.22675,17.37772,16.94138,16.6017,11.78025,True
1237654600492646647,156.838419139009,3.61210582469434,6.823507,0.1048125,GALAXY,19.5558,17.60722,16.63044,16.13875,15.76036,12.07506,False
1237654600492646678,156.882115553699,3.66397285719727,3.967985,0.07124773,GALAXY,18.95474,16.9616,16.03075,15.60269,15.24576,27.1243,True
1237654600492646700,156.890902059548,3.75774363947839,4.81297,0.1840726,GALAXY,20.87047,18.70095,17.42261,16.91591,16.54608,10.6706,False
1237654600492646715,156.930962742984,3.68495953343409,10.1621,0.1043459,GALAXY,19.23481,17.31152,16.30146,15.85518,15.49361,13.51765,False
1237654600492646727,156.955593802726,3.68322412043418,8.770936,0.07508352,GALAXY,19.24416,17.21789,16.33038,15.917,15.62844,13.3833,True
1237654601028141097,153.703249599774,4.0212100810158,4.710248,0.1057962,GALAXY,20.22371,18.15932,17.1564,16.72626,16.36965,15.99136,False
1237654601028141299,153.701115580147,3.86859081500606,7.463502,0.08994664,GALAXY,19.31695,17.52537,16.67261,16.22893,15.90241,12.93359,True
1237654601028141334,153.719143410897,3.89127623268098,7.591347,0.08926983,GALAXY,18.76075,16.80929,15.84131,15.39193,15.01388,29.64253,True
1237654601028468953,154.473987679398,3.99720841742018,4.924875,0.1598417,GALAXY,20.12187,18.03113,16.83934,16.349,15.96548,21.18029,False
1237654601028534433,154.554183567744,4.07064568255539,5.140142,0.06194453,GALAXY,18.89953,17.65084,17.18036,16.85391,16.68681,16.36841,True
1237654601029582937,157.010389818582,4.05891129163429,8.754267,0.1043158,GALAXY,19.49934,17.55875,16.49525,16.00657,15.62439,15.44291,False
1237654601029583081,156.985304808046,4.07703494422406,3.940208,0.06626343,GALAXY,19.03333,17.96209,17.50924,17.20492,17.0151,11.01727,True
1237654602628399113,129.913369490276,3.82850791855259,5.462007,0.02667053,GALAXY,16.70836,15.73147,15.18045,14.90771,14.65053,36.50013,True
1237654604249301155,153.998602405335,3.26656097327748,8.670732,0.118614,GALAXY,18.89407,17.55793,16.86849,16.49966,16.23768,12.18457,False
1237654604250284248,156.257256356347,3.50979975515511,5.917362,0.1446142,GALAXY,19.7724,17.72742,16.54281,16.08455,15.71686,13.38567,False
1237654604250480780,156.612091633349,3.48616052634082,3.573359,0.07414299,GALAXY,19.81717,18.00338,17.16738,16.7545,16.47962,12.01465,True
1237654604250480843,156.713273409024,3.56258667664093,10.15332,0.07251127,GALAXY,18.45016,16.44623,15.53821,15.10936,14.79893,18.27137,True
1237654604786106519,153.731991909384,3.66788830650066,6.057812,0.07183854,GALAXY,19.23014,18.05295,17.57277,17.24796,17.06872,10.11202,True
1237654604786368704,154.402170534387,3.86660832919701,3.329733,0.1052111,GALAXY,20.13516,18.21181,17.21004,16.77556,16.39367,19.12157,False
1237654606386299270,129.938021405025,3.70185312254695,3.169916,0.1676693,GALAXY,19.49623,18.33286,17.74413,17.36148,17.16531,14.91629,False
1237654606386364491,130.005444323004,3.69069990444916,6.620023,0.06286501,GALAXY,18.25289,16.53645,15.74247,15.29595,14.97811,28.48828,True
1237655178159915217,145.633958192092,-1.0506018401007,5.828805,0.1432976,GALAXY,19.97784,18.20571,17.1685,16.65369,16.2591,12.2591,False
1237655368759640139,221.121953537468,56.1546549264762,3.788911,0.1160242,GALAXY,20.05264,18.25796,17.32786,16.95827,16.62436,13.6314,False
1237655368759640146,221.151332460575,56.1582080506449,3.544538,0.08043225,GALAXY,19.62804,18.22435,17.4515,17.0104,16.70751,12.06691,True
1237645943978852550,56.2134218120331,0.993558562408584,4.275141,0.1802894,GALAXY,21.23897,19.02628,17.70022,17.17322,16.7606,13.54919,False
1237648720141746448,145.196298357095,-0.879999301478019,3.086037,0.118615,GALAXY,19.865,18.27215,17.45637,17.07174,16.82843,14.41989,False
1237648720141811978,145.342040236592,-0.9063341241487,3.836116,0.1510908,GALAXY,20.6817,18.65676,17.45555,16.9859,16.58965,12.92866,False
1237648720147513563,158.390515023379,-1.04701848972061,3.717811,0.1530027,GALAXY,19.60031,18.32877,17.46491,16.99464,16.69657,11.76591,False
1237648720147579104,158.476854492568,-1.01579375974754,4.772987,0.0818151,GALAXY,18.96059,17.77918,17.24513,16.92892,16.74968,10.7868,True
1237648720147644495,158.65951508562,-0.85266978829869,5.963566,0.07378269,GALAXY,17.50784,16.45382,16.00934,15.65839,15.49459,21.33337,True
1237648720151052338,166.449834887098,-0.886045649278565,5.673716,0.04576474,GALAXY,18.27351,16.40658,15.54518,15.13496,14.80932,29.49955,True
1237648720151052406,166.371495783587,-1.03063530267277,3.004055,0.08633374,GALAXY,20.35885,18.45984,17.51294,17.09814,16.72392,13.60743,True
1237648720151117978,166.518863355112,-0.987719488092029,6.162724,0.09054341,GALAXY,19.31236,17.28536,16.27297,15.80224,15.39321,19.94517,True
1237648720151183582,166.713091929278,-0.998871966703799,8.205546,0.1128998,GALAXY,18.78704,16.80903,15.79539,15.31342,14.94918,26.09256,False
1237648720151183605,166.729841377251,-1.01112798254737,4.345629,0.1124882,GALAXY,20.05892,18.08942,17.12294,16.67502,16.31577,14.7204,False
1237648720678617276,145.224842086621,-0.548026396358345,3.365402,0.1296703,GALAXY,20.51562,18.65493,17.66912,17.213,16.83003,13.47621,False
1237648720679272634,146.629629363229,-0.465660529958573,5.894123,0.0893447,GALAXY,19.38432,17.63378,16.71201,16.23913,15.88249,16.9233,True
1237648720684712156,159.134349575559,-0.487047809055089,11.52199,0.1594188,GALAXY,19.52352,17.87073,16.73852,16.20366,15.76894,10.69305,False
1237648720688185543,167.069654896239,-0.570520229176587,6.995314,0.1569634,GALAXY,19.07226,17.3077,16.26892,15.82573,15.4951,18.62795,False
1237648720688316497,167.389081206165,-0.601426630781831,10.17385,0.0648197,GALAXY,18.34064,16.31785,15.34878,14.85411,14.49675,33.17031,True
1237648720688316571,167.280398153392,-0.493807265532362,3.798389,0.1570996,GALAXY,19.95567,18.37425,17.37427,16.90682,16.57929,15.6081,False
1237648720688316635,167.32660745326,-0.475360376037482,3.167582,0.1126211,GALAXY,20.56367,18.50209,17.50221,17.06622,16.68924,15.85835,False
1237648720688316674,167.376746289904,-0.610834411796148,6.968123,0.06514609,GALAXY,19.1644,17.21216,16.32792,15.91253,15.59378,23.4803,True
1237648721215488183,145.219041343235,-0.186176581174114,3.607838,0.1235886,GALAXY,20.66997,18.50411,17.387,16.91326,16.5622,13.26447,False
1237648721215553734,145.344331276238,-0.0169288795522361,4.895992,0.09103485,GALAXY,20.19724,18.13454,17.1548,16.69691,16.33321,15.76498,True
1237648721216143430,146.603616489947,-0.191463034874475,6.039515,0.1215208,GALAXY,18.91808,17.66467,16.97991,16.55797,16.32081,13.14614,False
1237648721221714070,159.376782974051,-0.202209816895101,3.117972,0.09639085,GALAXY,20.67845,18.74315,17.66376,17.1882,16.79679,10.72186,True
1237648721224990826,166.905730619348,-0.0272432002562754,16.19532,0.06692205,GALAXY,17.91346,15.82412,14.89913,14.47104,14.14501,29.41752,True
1237648721224990980,166.903138519711,-0.0540651058882373,3.950516,0.06623101,GALAXY,19.68218,17.7799,16.86763,16.42976,16.04929,19.60307,True
1237648721224990996,166.937060853941,-0.189239991348191,5.346785,0.06736504,GALAXY,19.22501,17.53919,16.78893,16.37535,16.10193,16.26504,True
1237648721225056444,167.011594121134,-0.0236130053739603,5.240856,0.08825613,GALAXY,19.1156,17.09661,16.14515,15.7116,15.37658,26.69742,True
1237648721225056484,167.045195278363,-0.0831906121388126,4.429217,0.06716757,GALAXY,18.84974,16.86267,15.93499,15.49356,15.12211,31.28803,True
1237648721225121921,167.117315848551,-0.180846448675408,7.250442,0.06785175,GALAXY,19.58262,17.69555,16.78392,16.30799,15.93894,12.36714,True
1237648721225121960,167.169917727425,-0.188589963432678,4.07846,0.07181782,GALAXY,19.96325,17.91582,16.99603,16.56832,16.22528,19.50783,True
1237648721225121998,167.236691251368,-0.128938540967876,7.772996,0.09014694,GALAXY,19.17409,17.18402,16.25085,15.81704,15.48259,18.7703,True
1237648721225122013,167.251436112646,-0.115695132706552,3.345614,0.07126261,GALAXY,19.58159,17.49299,16.56449,16.12404,15.76849,24.7144,True
1237648721225187568,167.333784398114,-0.115392582029258,12.87341,0.07160346,GALAXY,18.06832,16.37177,15.55489,15.16413,14.86646,17.29378,True
1237648721754456209,149.898326307334,0.345465370372063,5.269203,0.171811,GALAXY,20.56279,18.50374,17.24758,16.74745,16.3602,13.32708,False
1237648721754456298,150.029154241836,0.219381806697967,4.973337,0.1916706,GALAXY,20.80392,18.78969,17.46355,16.95111,16.6036,13.23611,False
1237648721754521762,150.069631648709,0.275633916084563,6.236558,0.08826268,GALAXY,18.85771,17.3365,16.60225,16.17563,15.9129,17.5433,True
1237655463240269900,220.947339056464,55.9984118225,8.193465,0.07725563,GALAXY,18.46446,16.85942,16.06159,15.63332,15.32967,15.88429,True
1237655463240269922,220.996556448025,55.9665218989885,8.763258,0.07592762,GALAXY,18.35061,16.31948,15.33685,14.8578,14.47311,24.74626,True
1237655463240269937,221.023435419929,55.9863283325878,3.931649,0.1144172,GALAXY,20.48526,18.37808,17.44527,17.04981,16.72268,11.68183,False
1237655463240269963,221.112893337849,55.9648707351434,4.906926,0.1505551,GALAXY,20.46866,18.34288,17.21542,16.69941,16.37581,12.64078,False
1237656567045226818,328.300986638834,-1.10683285238898,5.163794,0.1086192,GALAXY,20.39814,18.28371,17.15779,16.65274,16.25148,15.76006,False
1237656567045226931,328.31634025678,-1.05686133274181,4.156426,0.1527657,GALAXY,20.35353,18.58574,17.48315,16.92696,16.5356,10.79129,False
1237657118409949323,127.517642745558,37.6498003703342,4.943461,0.09851819,GALAXY,19.26747,17.34734,16.31841,15.81419,15.39853,24.50985,True
1237657118409949412,127.66852442989,37.6988647602751,3.141566,0.08116286,GALAXY,19.35884,18.12628,17.5112,17.12246,16.88133,14.33282,True
1237657118946361652,126.228830479932,37.2505832295849,3.267991,0.08305141,GALAXY,20.48773,18.64495,17.727,17.31143,17.00826,12.25871,True
1237657118946427191,126.384443641517,37.3207664672517,8.204435,0.08343247,GALAXY,18.46183,17.00875,16.29322,15.89315,15.62657,15.02347,True
1237657118946427276,126.442611471147,37.4345694843622,5.689938,0.1627632,GALAXY,19.50209,17.66064,16.66292,16.17475,15.8304,13.94758,False
1237657118946558210,126.743253646626,37.5577812160558,4.861122,0.06468052,GALAXY,19.48113,17.57024,16.63932,16.14545,15.75372,18.80662,True
1237657118946558236,126.698277847365,37.6266458994616,3.99535,0.0811598,GALAXY,19.45035,17.9722,17.20079,16.78223,16.50831,14.16279,True
1237657118946623758,126.772520124325,37.8114431111115,5.383636,0.2064267,GALAXY,21.24148,18.69921,17.22795,16.6581,16.26936,14.88542,False
1237657118946754741,126.961616208944,37.9407851485973,3.287739,0.08711649,GALAXY,19.57114,17.7607,16.83299,16.36853,16.02125,23.45342,True
1237657118946820272,127.141303051103,38.0110293171644,4.451355,0.2066369,GALAXY,20.85681,18.70624,17.34034,16.792,16.45321,16.25346,False
1237657118946951424,127.556054903689,38.1655253173879,3.113566,0.09752459,GALAXY,19.75752,18.16664,17.30666,16.87487,16.58147,18.35729,True
1237657189817581590,328.216549433924,-0.973048497589921,5.9919,0.07049277,GALAXY,19.43307,17.28439,16.27691,15.76026,15.41649,26.39502,True
1237657401877397651,126.62077890195,37.2889234565805,3.458702,0.1631591,GALAXY,20.82653,18.88984,17.73003,17.24148,16.9148,11.12212,False
1237657401877397743,126.598153178989,37.3252773267763,5.813796,0.1990037,GALAXY,20.6219,18.78199,17.49131,16.96567,16.66657,10.65965,False
1237657401877463232,126.730306924672,37.3635269272314,4.884637,0.1694155,GALAXY,20.50707,18.60582,17.37738,16.84868,16.50506,13.91356,False
1237657593540706558,127.469225282148,38.6923903668837,3.400544,0.1701729,GALAXY,20.09932,18.12289,17.14058,16.73565,16.42848,19.93211,False
1237657593540772058,127.46676583919,38.7282670884124,4.180147,0.1706422,GALAXY,19.75989,18.23465,17.28169,16.81433,16.45648,15.83037,False
1237657594073579819,119.358523277948,32.1880496174038,4.154044,0.1449847,GALAXY,20.48741,18.43891,17.25764,16.7582,16.35836,16.49767,False
1237657595147518321,119.099916452755,33.0239340847544,7.446377,0.08054707,GALAXY,19.01689,17.28225,16.48654,16.03547,15.73407,16.11878,True
1237657595147518415,119.02301414889,33.1819462892588,6.808912,0.1135259,GALAXY,19.36323,17.08126,15.98809,15.49656,15.04364,22.82664,False
1237657595147583932,119.22619838632,33.2183873700143,8.165675,0.06705517,GALAXY,18.88037,17.26004,16.49146,16.04424,15.71894,19.00771,True
1237657606424953049,126.739340479902,37.9381269663267,5.320343,0.06487298,GALAXY,19.12089,17.21684,16.17212,15.73984,15.4008,27.4821,True
1237648721754521800,150.107961826174,0.233560308128175,4.156692,0.2207649,GALAXY,20.99168,18.60457,17.21541,16.69844,16.28778,16.18414,False
1237648721757012168,155.843577967982,0.395004445045927,10.36076,0.09403592,GALAXY,18.96063,17.07247,16.0518,15.64387,15.4062,17.19234,True
1237648721757077638,155.883045865176,0.349157271924914,5.836581,0.09631827,GALAXY,19.07018,17.7382,17.0398,16.61937,16.34582,10.98048,True
1237648721757077706,155.979974681436,0.3610631806915,3.690733,0.09391192,GALAXY,20.20979,18.13934,17.16758,16.71264,16.35098,15.95455,True
1237648721757077755,156.029316414461,0.409284482213951,5.075364,0.1482422,GALAXY,19.2867,17.95832,17.17408,16.74475,16.41903,12.7036,False
1237648721757077761,156.029536984691,0.31237685389467,4.099339,0.09538377,GALAXY,20.01728,18.16084,17.18966,16.77148,16.38128,14.36191,True
1237648721757143184,156.06511024247,0.313890057306053,4.150543,0.09771555,GALAXY,19.04664,17.75015,17.02055,16.62188,16.3522,16.29856,True
1237648721757143285,156.164677879097,0.308908443683385,5.40395,0.1733422,GALAXY,19.73712,18.16778,17.20282,16.68607,16.33974,15.5759,False
1237648721757536501,157.056842690756,0.386919840710276,7.361223,0.1070964,GALAXY,19.19483,17.60935,16.7888,16.36827,15.97582,10.68625,False
1237648721757733115,157.461577211409,0.303265890308832,4.892913,0.07199551,GALAXY,18.97211,17.60156,16.85036,16.44791,16.1522,16.49114,True
1237648722291327155,149.948730510357,0.818812507287487,7.711308,0.2193648,GALAXY,20.85163,18.45322,17.01914,16.47153,16.1092,14.31455,False
1237648722291327165,149.950164917967,0.780141388369683,4.942465,0.08773066,GALAXY,19.23363,17.90659,17.24327,16.81857,16.55905,14.62774,True
1237648722291392782,150.10978689645,0.758522791370011,6.461496,0.09305055,GALAXY,20.11924,18.35579,17.46335,17.05263,16.7293,10.50772,True
1237648722294079645,156.257274191965,0.680853438083616,4.391398,0.1961637,GALAXY,20.73328,18.91544,17.59085,17.11698,16.76105,11.99852,False
1237648722294079727,156.329563983866,0.75935773955283,4.711328,0.09859677,GALAXY,19.76679,17.76198,16.76167,16.3285,15.97363,19.27924,True
1237648722294276424,156.765032793999,0.699870899231553,5.192336,0.1057171,GALAXY,19.07736,17.06346,16.04441,15.6052,15.2357,23.59741,False
1237648722294341804,156.808492511597,0.680495209697565,4.967438,0.1780913,GALAXY,19.76463,18.244,17.24188,16.75132,16.341,10.81797,False
1237648722294472925,157.225989052921,0.719538690256426,4.499784,0.145606,GALAXY,21.03051,18.34666,17.13586,16.59756,16.17124,14.07007,False
1237648722294603908,157.389769545581,0.664233285814713,3.316232,0.09667995,GALAXY,19.53235,17.74739,16.76812,16.32729,15.9744,20.32654,True
1237648722294603919,157.39456479311,0.805325304009184,6.380902,0.05115105,GALAXY,18.59346,17.10492,16.32561,15.92187,15.62621,18.50998,True
1237648722828067036,149.707192747653,1.13439777087466,4.755152,0.07991444,GALAXY,19.35769,17.45943,16.52664,16.11278,15.79024,21.30506,True
1237648722828132569,149.821066995647,1.15346511408092,4.320192,0.07980989,GALAXY,19.87268,18.2436,17.46629,17.08575,16.79616,14.56993,True
1237648722830885066,156.17744312087,1.17238956808607,4.210021,0.1492639,GALAXY,20.82861,18.66862,17.53624,17.05781,16.68297,13.36959,False
1237648722830950551,156.242634272972,1.21891328667081,5.444365,0.1029905,GALAXY,19.37885,17.99448,17.29214,16.90149,16.60631,11.13997,False
1237648722830950579,156.274705516005,1.20056324995145,5.139578,0.1023865,GALAXY,19.33725,17.94087,17.32766,16.92705,16.69802,12.21434,False
1237648722830950599,156.311205833035,1.24868942456529,6.549961,0.1031016,GALAXY,18.984,17.04196,16.05167,15.63595,15.30397,25.53494,False
1237648722831343722,157.120617358163,1.24986386241418,6.791614,0.02231555,GALAXY,18.16587,17.09403,16.67676,16.44368,16.25431,12.67784,True
1237648722831409199,157.375395832283,1.06004715475755,5.323472,0.02852034,GALAXY,17.49069,16.49554,16.02676,15.79563,15.6379,24.53307,True
1237650794609246410,145.804747682703,-1.18404452605677,6.894497,0.1457377,GALAXY,20.12447,18.18899,17.04119,16.56453,16.18367,10.68813,False
1237650794609246448,145.846638937635,-1.18679819746268,3.927822,0.141718,GALAXY,20.58157,18.46743,17.45708,17.003,16.67369,11.38567,False
1237650795145855144,145.160444001272,-0.655478441976187,4.217083,0.1504413,GALAXY,19.50241,18.16912,17.31933,16.86168,16.58155,11.65461,False
1237650795146248369,146.135558007023,-0.682184639025534,6.809725,0.2038409,GALAXY,20.9428,18.83879,17.42058,16.89688,16.53188,12.59272,False
1237650795682726146,145.207765410973,-0.322116790771252,3.771091,0.1223888,GALAXY,20.84183,18.68631,17.61187,17.14316,16.75629,12.02684,False
1237650795682791578,145.320616349633,-0.252866543544807,5.21541,0.05195406,GALAXY,18.5717,17.26836,16.64364,16.27038,16.01363,19.70372,True
1237650795682791595,145.344221068893,-0.368491252474326,4.226458,0.2048142,GALAXY,21.42509,19.10565,17.75065,17.23396,16.86002,10.78614,False
1237650795683250403,146.490547788866,-0.369330521197757,6.489082,0.1231987,GALAXY,19.20322,17.6678,16.74933,16.26662,15.93743,20.53405,False
1237650795683381380,146.643586145582,-0.33135213312075,7.564075,0.1302495,GALAXY,19.93658,17.88651,16.6158,16.06496,15.61186,16.94988,False
1237650795683381472,146.737131268316,-0.25220191232164,4.899777,0.130504,GALAXY,20.35199,18.08472,16.86494,16.35438,15.94261,16.48235,False
1237648722830884909,156.149004018846,1.10981401581018,9.821346,0.02170384,GALAXY,16.84189,15.02242,14.17648,13.7782,13.46235,45.0479,True
1237648722291392795,150.129777986908,0.758960665062155,5.8785,0.03323909,GALAXY,18.56104,17.53645,17.07382,16.78525,16.58965,14.3838,True
1237648722291392551,150.101524252211,0.704590919788355,11.93886,0.03337267,GALAXY,16.81395,14.94518,14.10857,13.67011,13.35343,42.79793,True
1237648721757077650,155.893009350361,0.284993593957885,4.063527,0.13724,GALAXY,20.64817,18.78914,17.69856,17.20419,16.86217,12.18112,False
1237648721221648570,159.30949656766,-0.0874401366456795,3.999828,0.02126185,GALAXY,18.85895,17.84279,17.39774,17.16279,16.95072,10.5707,True
1237648721221583000,159.059541967857,-0.159019119711562,10.8398,0.02770622,GALAXY,17.11091,15.75166,15.01781,14.61758,14.29235,22.69252,True
1237648720684777601,159.216444382308,-0.604874609040737,6.356771,0.0952765,GALAXY,19.8665,17.90001,16.92591,16.45403,16.03753,11.67985,True
1237648720684712091,159.057514071303,-0.58407130149853,4.111898,0.0950123,GALAXY,19.53399,17.58451,16.58664,16.12435,15.76249,17.54086,True
1237657606425346227,127.607340927486,38.4701022165556,5.963274,0.08782798,GALAXY,19.06232,17.15673,16.20246,15.75907,15.41772,24.20735,True
1237657607494959405,118.982187864964,32.0395988967697,3.837782,0.186599,GALAXY,20.85342,18.77749,17.4351,16.93398,16.54572,14.37831,False
1237657607495090471,119.204101582098,32.3217120714459,4.211229,0.1460245,GALAXY,19.85577,18.07036,17.0274,16.52241,16.16074,22.07607,False
1237657607495156092,119.381957066198,32.4365888442255,4.908731,0.2040769,GALAXY,21.2286,19.03581,17.67314,17.12571,16.72173,11.46148,False
1237657627917352978,180.356054368327,51.323232578706,3.523582,0.09552937,GALAXY,20.37332,18.17428,17.18695,16.76262,16.45621,17.19148,True
1237657627917353088,180.463330292469,51.2812545477567,4.551977,0.07072257,GALAXY,19.03244,17.05219,16.11131,15.68866,15.37003,26.48546,True
1237657627917353107,180.504347147793,51.2303581676833,3.227731,0.07195547,GALAXY,19.23528,18.13606,17.65827,17.34868,17.16054,13.73385,True
1237657627917353125,180.525191233004,51.3405878385843,3.37671,0.07001538,GALAXY,20.11408,18.33013,17.5078,17.15992,16.88737,13.98266,True
1237657627917418687,180.578750547396,51.3090522583206,6.763912,0.1827863,GALAXY,19.88304,17.96548,16.76437,16.29964,16.00437,15.90688,False
1237657627917484197,180.927932176539,51.2405609322527,3.515293,0.1267701,GALAXY,20.53416,18.40246,17.35154,16.92255,16.56071,15.8172,False
1237657627917549758,181.059306069494,51.2609448078237,5.090759,0.1712179,GALAXY,20.16601,18.24516,17.05683,16.58887,16.25746,14.77461,False
1237657627917549790,181.157380483097,51.2136200658396,3.523499,0.1094447,GALAXY,19.48087,18.25469,17.61477,17.23207,16.9798,12.84105,False
1237657627917549821,181.263226311035,51.2930093422752,3.681838,0.124033,GALAXY,20.36708,18.4908,17.55973,17.17919,16.8347,12.95061,False
1237657627917615285,181.274562327733,51.3098409538875,7.130953,0.08550516,GALAXY,18.66661,16.68985,15.75049,15.3312,15.01788,26.56686,True
1237657627917615339,181.28971030193,51.2099877262464,5.757206,0.08709027,GALAXY,19.15569,17.53899,16.69692,16.27317,15.96978,14.04246,True
1237657627917615364,181.286600392063,51.3342466439111,5.575247,0.1243861,GALAXY,19.6694,17.66141,16.63238,16.20156,15.85786,18.62851,False
1237657627917615389,181.33340798713,51.3433844356868,4.697465,0.09438341,GALAXY,19.1084,17.82235,17.12154,16.73962,16.48089,15.71244,True
1237657628454093061,179.885960634848,51.6455535514683,4.174674,0.1499955,GALAXY,20.70348,18.5626,17.44518,17.00435,16.63589,12.46246,False
1237657628454093089,180.025774403657,51.7099513737347,5.162014,0.07064597,GALAXY,19.76209,18.0006,17.07625,16.62534,16.17268,14.32129,True
1237657628454158417,180.034988330168,51.6730192253918,5.414262,0.06741771,GALAXY,19.75015,17.98052,17.12115,16.68478,16.33844,13.25228,True
1237657628454158465,180.117997263539,51.7560604650412,5.01375,0.06666603,GALAXY,18.55299,17.09966,16.39841,16.012,15.75324,21.4054,True
1237657628454223918,180.319359425565,51.7441482858303,4.783079,0.07071802,GALAXY,19.66187,18.15396,17.43773,17.02986,16.7325,11.81592,True
1237657628454355276,180.900692895904,51.6941337017817,5.818433,0.08447774,GALAXY,19.828,18.07799,17.14834,16.65638,16.28539,12.86936,True
1237657628454355334,180.967453637297,51.7598741976411,3.725311,0.06151222,GALAXY,20.0526,18.14266,17.30686,16.92424,16.60632,14.086,True
1237657628454420604,181.088879764806,51.6424313619222,4.410245,0.1770222,GALAXY,19.47677,18.06712,17.18407,16.74322,16.46187,14.21793,False
1237657627917287550,180.226758075106,51.1746442929035,6.005864,0.1258121,GALAXY,19.46487,17.42675,16.33565,15.87618,15.5395,22.34149,False
1237657607495090502,119.222005564411,32.3455914189635,3.690601,0.04348576,GALAXY,19.27076,17.27486,16.32249,15.8443,15.47081,31.89728,True
1237657606425477330,127.763322100079,38.7979272999265,3.237114,0.1295168,GALAXY,20.03224,18.46048,17.57058,17.13597,16.80852,12.94538,False
1237657606425280586,127.479464898073,38.3947330416271,3.061676,0.0564629,GALAXY,19.79929,18.41838,17.75235,17.38367,17.0997,15.57431,True
1237657606424821930,126.433879468595,37.6825069135564,5.993853,0.05569074,GALAXY,18.00595,16.87855,16.38623,16.05423,15.89723,16.11812,True
1237657595147583758,119.112300316752,33.1807974724157,4.316953,0.1224046,GALAXY,19.44946,18.2993,17.66524,17.30063,17.09225,10.59803,False
1237657593540116685,126.259508845865,37.7248340592012,4.457943,0.05240808,GALAXY,18.9081,17.44922,16.68912,16.24698,15.94935,21.95371,True
1237657401340723426,127.472475488916,37.2347334315863,4.872483,0.05842526,GALAXY,18.51071,17.41928,17.03358,16.71666,16.63313,16.8623,True
1237657189817516083,328.089652048684,-0.888291991580135,13.75903,0.1393965,GALAXY,20.70788,18.86557,17.63462,17.06972,16.71375,16.47432,False
1237657118409883896,127.473905598727,37.5768051784964,8.739264,0.05632622,GALAXY,17.47696,16.09474,15.39969,14.98742,14.6948,25.45796,True
1237657118409752820,127.20527884603,37.3627661164433,4.185805,0.05871013,GALAXY,19.3313,17.59916,16.70835,16.29049,15.96681,27.1583,True
1237657118409687347,127.109691261539,37.3151513042277,3.453523,0.05762719,GALAXY,19.60009,17.65577,16.76074,16.32863,15.97971,27.25773,True
1237656568119296424,329.099743336354,-0.224624454083545,3.882132,0.1276001,GALAXY,20.65173,18.64467,17.47466,17.01573,16.60453,12.53358,False
1237648720142401611,146.71420341856,-1.0412749005298,6.802569,0.02122228,GALAXY,17.15123,15.49701,14.67864,14.23418,13.90272,39.04678,True
1237648720143188098,148.432503364382,-1.02642035923546,5.941754,0.1102809,GALAXY,18.45333,17.02572,16.25337,15.74728,15.45469,18.47677,False
1237648720143188148,148.508654837189,-0.892229022411282,8.262451,0.09035492,GALAXY,18.51839,16.59866,15.65194,15.256,14.92037,26.89492,True
1237648720143253641,148.565587239354,-0.936092311604233,5.544004,0.08971721,GALAXY,20.00377,18.17045,17.25731,16.75394,16.3976,11.13513,True
1237648720143253644,148.56499137649,-0.954623218635512,3.942558,0.08904524,GALAXY,20.44069,18.64716,17.72778,17.34446,17.03597,10.92411,True
1237648720143253649,148.573598963942,-0.899012875454224,3.805314,0.08971591,GALAXY,20.31309,18.37328,17.4641,17.03503,16.70817,12.94156,True
1237648720143253667,148.585015116825,-0.942078164890356,7.080614,0.08391871,GALAXY,19.2848,17.36638,16.44949,16.02587,15.664,18.29854,True
1237648720143253733,148.666898920115,-0.899090689932191,7.252276,0.09342866,GALAXY,19.12204,17.27628,16.30334,15.86619,15.52822,20.72463,True
1237648720144433323,151.363172570916,-0.874616542700249,4.557117,0.2057139,GALAXY,20.54416,18.59965,17.23373,16.7225,16.32298,11.57832,False
1237648720145350780,153.382431874067,-0.998763432896882,4.218075,0.04055981,GALAXY,18.41643,16.45271,15.5719,15.11834,14.75232,30.79773,True
1237648720145350835,153.481954181753,-0.886218729848703,4.758733,0.04111088,GALAXY,18.00971,16.17976,15.31786,14.89625,14.56333,33.14241,True
1237648720145350975,153.476208542844,-0.916554432576915,4.529823,0.04335027,GALAXY,20.08112,18.3527,17.54881,17.16105,16.86981,10.35873,True
1237648720145416289,153.513217813478,-0.892922172081144,3.45858,0.04087288,GALAXY,19.87273,18.14098,17.40933,17.08693,16.82367,12.69098,True
1237648720145416348,153.607083126828,-0.871867626466456,15.98998,0.04812082,GALAXY,17.15345,15.10307,14.18622,13.75776,13.43596,34.20335,True
1237648720145416419,153.621714417951,-0.90540766459037,10.87045,0.09808032,GALAXY,19.77722,17.8605,16.84066,16.40484,16.03859,13.44028,True
1237648720145416468,153.531678344419,-0.874336322077714,4.363033,0.0471465,GALAXY,19.03944,17.23631,16.42907,16.06566,15.75864,16.82086,True
1237648720680321130,149.112651889328,-0.475619098890281,4.726871,0.08669478,GALAXY,19.33666,17.4771,16.43731,15.93744,15.61362,19.32909,True
1237648720680321254,149.069458381291,-0.554990015186292,3.552032,0.08851489,GALAXY,19.83659,17.81128,16.81396,16.37988,16.0288,20.87739,True
1237648720680386797,149.149917105534,-0.490024753382519,4.521137,0.08809023,GALAXY,19.43965,17.78131,16.93354,16.52804,16.23983,13.71642,True
1237648720681500944,151.832744010337,-0.539727611005686,4.946954,0.09362166,GALAXY,19.56833,18.14698,17.4036,16.92645,16.62044,11.70297,True
1237648720681566431,151.874637396001,-0.572469953997454,6.938475,0.09494463,GALAXY,18.85695,16.91275,15.91441,15.48678,15.14606,22.17204,True
1237648720681566449,151.886679901843,-0.558483453150295,4.081271,0.0881547,GALAXY,19.21667,17.32609,16.35852,15.93505,15.61071,21.32704,True
1237648721216340148,147.114591554148,-0.165218456679618,5.58013,0.2040574,GALAXY,20.98722,18.93068,17.52631,16.9907,16.57426,12.26061,False
1237648721217257621,149.16987755671,-0.0233313956488212,8.185708,0.1391702,GALAXY,19.39238,17.45203,16.29842,15.80721,15.45848,17.79797,False
1237648721217781939,150.381782109522,-0.17423776031247,7.857725,0.105979,GALAXY,18.89238,17.47035,16.74111,16.36437,16.09167,11.26061,False
1237648721218437304,151.932949095106,-0.139174766515777,6.604124,0.06765883,GALAXY,18.97622,17.1353,16.13906,15.59054,15.15579,17.14687,True
1237648721219223677,153.649436169026,-0.155260350008884,6.049923,0.09554408,GALAXY,19.28799,17.44256,16.54024,16.12604,15.78613,19.23918,True
1237648721755177075,151.63529616254,0.336510896974338,5.817728,0.08924252,GALAXY,18.9539,17.22803,16.37891,15.94198,15.62841,20.13274,True
1237648721755177101,151.673923968187,0.345365182405037,4.290498,0.09652442,GALAXY,20.02113,18.14746,17.20818,16.7838,16.46187,12.54066,True
1237648721755373839,152.038526427737,0.388212871836429,3.512042,0.06248555,GALAXY,18.51187,16.52615,15.59085,15.17281,14.8194,31.82948,True
1237648721755373912,152.085852666418,0.250631223909088,13.58339,0.0314129,GALAXY,17.36644,16.25931,15.84351,15.61374,15.42557,10.67801,True
1237648722291785877,151.057170910993,0.812449412583351,9.905183,0.06219585,GALAXY,17.88684,16.00563,15.0993,14.63778,14.30061,30.56429,True
1237648722291851468,151.201111368319,0.768392760758587,4.928699,0.06817851,GALAXY,19.01097,17.3055,16.46524,16.05206,15.70793,23.48582,True
1237650794609574093,146.607219162907,-1.24076432448351,8.666512,0.0906017,GALAXY,19.0651,17.28791,16.35845,15.93467,15.64043,15.80149,True
1237650794610360503,148.410859855082,-1.23339741191404,4.084012,0.1631444,GALAXY,20.42515,18.62438,17.46617,16.98105,16.6262,12.17346,False
1237650794610426069,148.535600619875,-1.17865332691904,4.49248,0.1426428,GALAXY,20.44453,18.63487,17.51471,17.04441,16.69853,11.17967,False
1237650794610426072,148.542437352053,-1.19457709498586,14.77989,0.1383956,GALAXY,18.98131,16.71054,15.57147,15.10434,14.73785,20.57435,False
1237650794610426109,148.572503329105,-1.17246935308471,4.42777,0.1370629,GALAXY,20.51052,18.34104,17.24074,16.77199,16.40539,13.06603,False
1237650795146444862,146.592720141964,-0.760256690861354,5.85586,0.06495924,GALAXY,19.07068,17.61512,16.97374,16.57817,16.34779,15.44776,True
1237650795146445031,146.628570011888,-0.765143977025585,5.381523,0.06465632,GALAXY,19.50005,17.59248,16.67668,16.20502,15.84654,17.98147,True
1237650795146576091,146.934120517923,-0.67040513105068,5.251661,0.1212705,GALAXY,19.95617,17.9929,16.84732,16.3603,15.94058,18.55598,False
1237650795146641532,146.963516028104,-0.759331579980715,3.389451,0.09708638,GALAXY,20.32049,18.50948,17.61596,17.20631,16.90706,13.10017,True
1237650795683512507,146.956078775975,-0.342291354024856,3.869342,0.1346802,GALAXY,21.01828,18.91643,17.61294,17.03453,16.59069,12.04487,False
1237651752386691255,150.331783832809,0.969214330453772,6.239333,0.09412882,GALAXY,20.27137,18.30593,17.32606,16.85595,16.47455,10.85314,True
1237651752387084486,151.22982027173,0.958944471411767,5.486936,0.1751854,GALAXY,20.01277,18.47289,17.40381,16.92891,16.6047,10.46532,False
1237651799622811803,148.4399090562,-1.07022807728941,5.454124,0.08978253,GALAXY,19.736,18.04652,17.12402,16.71679,16.44502,12.97424,True
1237651799622811816,148.453342619878,-1.13326972213885,3.108565,0.0934706,GALAXY,20.21217,18.5075,17.74256,17.39947,17.10883,12.73288,True
1237651799622811838,148.494924688725,-1.08090754548081,4.477147,0.1101958,GALAXY,19.40336,18.00626,17.25695,16.76447,16.47479,14.97876,False
1237651799622877394,148.583284040502,-1.14679386605618,4.505787,0.1387639,GALAXY,20.41522,18.25282,17.14056,16.64497,16.28257,14.17055,False
1237651799623991474,151.136786569685,-1.07351106341727,3.086987,0.08550608,GALAXY,19.96002,18.00809,17.06343,16.63093,16.31371,17.20396,True
1237651800160534720,150.463411577037,-0.68125395567627,8.070691,0.08627754,GALAXY,18.79298,17.33924,16.62981,16.21258,15.91751,10.25187,True
1237651800161976458,153.665582290412,-0.724861555660272,3.942098,0.04497541,GALAXY,19.39045,17.57353,16.73777,16.33929,16.02214,18.15259,True
1237651800696881250,149.186327928749,-0.311807074508784,5.591596,0.08834462,GALAXY,19.84366,17.93677,16.91524,16.47619,16.08408,16.83258,True
1237651800697995474,151.823816952129,-0.260429226652488,5.857064,0.0668576,GALAXY,18.39757,17.0965,16.45397,16.07793,15.80903,16.04132,True
1237651800698060980,151.833073480377,-0.307992608330967,5.725898,0.09460266,GALAXY,19.306,17.98886,17.27856,16.91927,16.68336,10.02979,True
1237651800698912954,153.78417894553,-0.244271826025269,3.572792,0.1435468,GALAXY,19.2027,18.14574,17.49465,17.11946,16.91873,13.46211,False
1237651801771212880,150.59392922777,0.5586110239018,6.367868,0.04419884,GALAXY,17.96699,16.3732,15.64206,15.28205,15.01628,30.48753,True
1237651801771671738,151.580210032681,0.615669235164859,3.447175,0.06208752,GALAXY,19.89828,17.85238,16.94951,16.53982,16.22771,15.38661,True
1237654600491073640,153.28681051041,3.62154781529132,7.211469,0.04646917,GALAXY,18.8072,16.99425,16.18782,15.79773,15.50765,16.28113,True
1237654600492646712,156.924497743374,3.67957385783967,5.652162,0.1903356,GALAXY,19.11111,17.64791,16.69833,16.26563,15.97487,14.52107,False
1237654600492712130,157.026065507076,3.66316356182998,6.696719,0.1250798,GALAXY,18.87244,16.82817,15.74932,15.27966,14.91338,24.69132,False
1237654600492712145,157.028831180407,3.733987858271,5.700853,0.1280015,GALAXY,19.35268,17.96916,17.0929,16.60388,16.26314,11.16869,False
1237654600492712152,157.039679635322,3.78131819278491,3.112606,0.07241573,GALAXY,20.31758,18.37142,17.44189,17.01996,16.67209,13.22265,True
1237654600492777597,157.136362319261,3.78481223949687,5.527182,0.145089,GALAXY,20.06656,17.83661,16.6961,16.20461,15.8516,16.67294,False
1237654600492843178,157.27261058237,3.78636484563707,3.204601,0.07303037,GALAXY,20.10134,18.1234,17.22876,16.79412,16.49026,16.21043,True
1237654600492908589,157.447017004258,3.66468219765483,7.772562,0.06165526,GALAXY,21.58084,17.36473,16.49899,16.07631,15.80617,14.5377,True
1237654600492908728,157.504859812711,3.801778231564,8.095576,0.07575832,GALAXY,18.96448,17.47055,16.65151,16.19461,15.83429,10.92643,True
1237654600492908736,157.513637854758,3.77527078183067,3.735409,0.06843831,GALAXY,19.55687,17.6456,16.77343,16.38882,16.05735,20.03348,True
1237654600492974222,157.556576878898,3.80530899395061,4.548692,0.1150286,GALAXY,19.38128,18.04785,17.21119,16.79904,16.48237,11.9667,False
1237654600492974231,157.589087583613,3.68347787196518,4.679671,0.06799473,GALAXY,19.63871,18.1877,17.53109,17.15886,16.86634,10.77813,True
1237654600493105274,157.913659471321,3.78969687936238,11.59896,0.07362159,GALAXY,17.95972,15.9054,14.95843,14.521,14.1563,26.61477,True
1237654600493498546,158.773701983841,3.69249467197273,6.703011,0.08401233,GALAXY,19.27765,17.22945,16.20519,15.69228,15.2971,18.09314,True
1237654601027944545,153.332481191229,3.87064416727891,5.539689,0.07747766,GALAXY,17.82477,16.48119,15.79143,15.38693,15.12157,28.78839,True
1237654601029583065,156.953863527977,4.19751908732968,3.656896,0.1251116,GALAXY,20.68233,18.6535,17.66186,17.21021,16.88974,10.51635,False
1237654030328791126,172.073768312843,2.65394929328658,16.14155,0.02292847,GALAXY,15.5044,14.36643,13.91353,13.50994,13.47348,39.5376,True
1237651801234800759,151.582148850562,0.166785443734975,3.82531,0.1227362,GALAXY,20.50275,18.54346,17.46213,16.98012,16.60234,11.63609,False
1237651800161124518,151.787924137001,-0.732897636417697,5.991582,0.137608,GALAXY,20.4665,18.47251,17.38198,16.93854,16.55061,10.42074,False
1237648722292048086,151.654714030385,0.632609180168478,9.121442,0.02122282,GALAXY,17.70245,16.22431,15.51102,15.15194,14.83453,17.30151,True
1237648722291785834,150.999600908471,0.806913660323101,6.70116,0.0463645,GALAXY,17.76233,16.64459,16.17845,15.8629,15.63265,17.7058,True
1237648722291785827,150.994180802791,0.73663067830833,8.079043,0.04659506,GALAXY,17.84598,16.73731,16.23418,15.92681,15.73382,15.03156,True
1237648720145481901,153.653344952056,-0.851951230532691,3.137481,0.04161749,GALAXY,19.34206,17.77271,17.06743,16.72225,16.44508,12.61292,True
1237648720145481899,153.650875068716,-0.887626031802133,7.819516,0.04388978,GALAXY,18.5524,16.71362,15.92019,15.54899,15.23775,18.652,True
1237648720145416454,153.499571138522,-0.925266343480694,5.044862,0.04140621,GALAXY,18.99191,17.16595,16.30471,15.90678,15.58841,20.49503,True
1237648720145416447,153.495400978348,-0.95160808170345,5.489942,0.0426452,GALAXY,19.33566,17.5268,16.65009,16.26553,15.94262,16.53051,True
1237648720145416308,153.539576864111,-0.898439893700311,8.28292,0.04715846,GALAXY,18.84908,16.91217,16.00822,15.59136,15.23308,24.24937,True
1237648720145350953,153.448654542534,-0.973571996771045,3.392418,0.0443475,GALAXY,19.93015,18.17168,17.35801,16.96521,16.6751,15.44941,True
1237648720145350937,153.438191172413,-0.877223498439447,6.359221,0.04176417,GALAXY,18.91968,17.07107,16.22097,15.82899,15.52567,19.46783,True
1237648720145350917,153.417098594503,-0.863705547803251,6.089104,0.04144965,GALAXY,18.76879,17.02524,16.21237,15.83982,15.55406,19.51854,True
1237648720145350907,153.410048270633,-0.882002820743006,6.20181,0.0458436,GALAXY,19.27441,17.39498,16.53743,16.14068,15.82972,14.27285,True
1237648720145350899,153.401991785196,-0.980412514631768,4.784843,0.04785177,GALAXY,19.59702,17.63375,16.77292,16.36498,16.09855,16.65378,True
1237654601029648503,157.13359117978,4.11792912315481,3.027337,0.1094513,GALAXY,20.07672,18.20216,17.15582,16.6802,16.3215,15.96025,False
1237654601029648541,157.182013699692,4.11645229036106,5.827836,0.1820119,GALAXY,19.68596,17.84076,16.76448,16.32129,15.99804,18.37223,False
1237654601029648556,157.196502353498,4.05016857219658,6.138497,0.09936315,GALAXY,19.35138,17.39794,16.40242,15.95843,15.59238,18.52404,True
1237654601029779681,157.522336016706,4.06274895567694,11.19467,0.06589774,GALAXY,17.52815,15.88133,15.06444,14.60674,14.28336,23.37691,True
1237654601029845012,157.562832919064,4.02622022810428,4.573963,0.06684162,GALAXY,18.91547,17.00047,16.11587,15.69332,15.36897,27.13766,True
1237654601029845020,157.557421013161,4.16369699321444,3.385863,0.06595263,GALAXY,19.09692,17.16282,16.25304,15.81732,15.51078,24.35832,True
1237654601029845088,157.555193256203,4.05220859583984,3.632047,0.06426534,GALAXY,18.69453,17.42192,16.70577,16.24227,15.93441,18.99742,True
1237654601029845120,157.580687205762,4.16959699615705,13.02011,0.06628022,GALAXY,17.60784,15.72155,14.84008,14.3836,14.01727,24.28599,True
1237654601029845137,157.583984892031,4.08048524478166,3.500103,0.1505741,GALAXY,19.12935,18.07611,17.55894,17.17087,17.0276,14.0901,False
1237654601029845159,157.633249873949,4.20882287125292,3.903618,0.1432559,GALAXY,20.41444,18.42471,17.34097,16.86234,16.48679,12.58648,False
1237654601029845182,157.667133429484,4.22607759947144,7.914316,0.05855872,GALAXY,17.57075,16.14257,15.49097,15.02495,14.71789,22.79512,True
1237654601029845189,157.678617380312,4.14780810919337,6.517135,0.06639465,GALAXY,18.72241,17.04683,16.2685,15.82565,15.52485,19.25387,True
1237654601029910626,157.718992790134,4.10565639743348,8.486355,0.06569681,GALAXY,17.97484,16.47257,15.71182,15.23201,14.85281,19.98069,True
1237654601029910641,157.760854967275,4.12526220449711,6.099653,0.128168,GALAXY,19.50065,18.03745,17.13326,16.67055,16.32407,10.84198,False
1237654601029910644,157.761288310865,4.09544946640627,5.413064,0.1526044,GALAXY,20.25826,18.44773,17.42167,16.96295,16.62713,11.67813,False
1237654601029910650,157.761311653011,4.20266301323159,5.242206,0.08471656,GALAXY,19.14637,17.8306,17.17161,16.77331,16.51143,10.33054,True
1237654601029910667,157.778960611854,4.11659113225772,11.00217,0.06362485,GALAXY,17.18899,16.07633,15.54866,15.1928,14.98799,18.3066,True
1237654601029910693,157.816348506366,4.07419096484929,5.090407,0.1651132,GALAXY,20.54589,18.65833,17.48317,17.00495,16.66147,10.97939,False
1237654601029976185,157.861981331753,4.23990494419184,3.201583,0.1111298,GALAXY,19.49281,18.04965,17.23516,16.80941,16.49973,16.86368,False
1237654601566257321,156.578761284182,4.5660305148961,4.097429,0.1927988,GALAXY,21.27302,18.97052,17.62698,17.12941,16.76497,12.15363,False
1237654601566388409,156.817558702492,4.4306024194604,3.563345,0.1537291,GALAXY,20.79935,18.61871,17.50836,17.0106,16.64602,11.53036,False
1237654601566388473,156.889860264545,4.46677512871004,19.31464,0.0230416,GALAXY,16.22914,15.00193,14.46774,14.15683,13.91543,16.94823,True
1237654602102079780,154.162812510257,4.86169222885738,5.444417,0.1026959,GALAXY,19.41593,17.55581,16.54851,16.1048,15.76483,24.07189,False
1237654602103128168,156.461859148837,4.83013008485604,3.431648,0.1560875,GALAXY,20.22669,18.41072,17.28489,16.81028,16.46624,15.18365,False
1237654602103193777,156.690942851764,5.03378235900323,3.155572,0.1005563,GALAXY,19.16748,18.11979,17.58899,17.21852,17.09029,13.08139,False
1237654604250611917,157.018922874773,3.53737342728046,5.874776,0.1274847,GALAXY,19.72877,17.83554,16.79613,16.36321,15.98785,13.6157,False
1237654604250611920,157.028517821172,3.44483176199488,8.086171,0.1834551,GALAXY,20.35165,18.37485,17.08189,16.56467,16.18746,10.08262,False
1237654604250808391,157.443984332564,3.54593396939335,3.936622,0.05073814,GALAXY,19.01013,17.07916,16.19837,15.78416,15.44515,24.56858,True
1237654604250873973,157.583062776032,3.47098899180793,4.345123,0.192325,GALAXY,20.38591,18.58866,17.41718,16.93154,16.58798,11.47269,False
1237654604251201700,158.32325052183,3.55814591039852,4.245569,0.08515149,GALAXY,19.91498,18.20714,17.29333,16.82186,16.46596,11.12686,True
1237654604785975434,153.489743338043,3.77657301206116,3.100053,0.07776488,GALAXY,19.67467,17.88104,17.00954,16.61965,16.32502,20.86273,True
1237654604787548353,157.068353557298,3.93265401529649,3.056754,0.1091593,GALAXY,19.72147,17.7462,16.68709,16.23555,15.84551,20.35843,False
1237654604787548376,157.10061929288,3.81294092933883,3.349365,0.06850965,GALAXY,19.80486,17.82941,16.92145,16.48842,16.16423,17.86313,True
1237654604787548403,157.123674916989,3.81537522008472,3.807719,0.07594837,GALAXY,20.54003,18.66667,17.72488,17.29441,16.93327,10.05409,True
1237654604787548416,157.146133502976,3.94843425417084,9.158228,0.05695676,GALAXY,17.10597,16.059,15.52218,15.17984,14.90216,18.91637,True
1237654604787613827,157.178218455946,3.97551060867944,3.332348,0.07388157,GALAXY,20.0237,18.06754,17.17476,16.74743,16.40603,15.14799,True
1237654604787613831,157.192989063666,3.9024231458688,7.872437,0.083491,GALAXY,18.3115,16.42086,15.47054,15.02529,14.65446,24.80279,True
1237654604787613895,157.24876742939,3.92751446954301,8.06053,0.1034956,GALAXY,19.36429,17.56985,16.66106,16.23863,15.8994,15.65628,False
1237654604787613913,157.290450713767,3.85737630367347,5.442195,0.1016868,GALAXY,18.73261,17.31924,16.52868,16.09614,15.79378,18.30398,False
1237654604787744945,157.499152846992,4.01206676437131,3.45098,0.06689429,GALAXY,20.26056,18.28129,17.39216,16.98721,16.68787,11.91428,True
1237654604787744950,157.518530027915,3.9718823108976,4.138903,0.06785762,GALAXY,19.09507,17.1135,16.17464,15.76396,15.46092,23.86295,True
1237654604787744981,157.541321539555,3.99401885569098,4.541809,0.06569703,GALAXY,19.23913,17.21671,16.26035,15.82435,15.46334,20.46335,True
1237654604787744982,157.53158266715,4.01116763879208,3.01017,0.0664238,GALAXY,19.66527,17.69439,16.82415,16.42564,16.11437,17.72376,True
1237654604787745026,157.54922322541,3.90298213115103,5.127221,0.05096203,GALAXY,19.22596,17.38668,16.49793,16.01347,15.63274,19.34352,True
1237654604787745057,157.571168793753,3.83479771379826,4.150986,0.06701181,GALAXY,20.24199,18.14153,17.15078,16.63852,16.2382,14.85624,True
1237654604787745084,157.593110253956,3.93820809831296,5.582665,0.064331,GALAXY,19.0617,17.7345,17.07627,16.66557,16.3733,11.53148,True
1237654604787745086,157.591340649289,3.96203849547999,3.280006,0.06492846,GALAXY,19.64834,17.89792,17.02609,16.65436,16.34024,18.21187,True
1237654604787745095,157.60246086206,3.99202289920323,7.084391,0.06789592,GALAXY,18.28141,16.16724,15.1701,14.74254,14.39681,31.23987,True
1237654604787745096,157.601769282446,3.97554252333653,5.263772,0.06398719,GALAXY,18.5375,16.56442,15.63768,15.21935,14.88652,29.2012,True
1237654604787745129,157.608784415803,3.86038048808523,6.636065,0.1509604,GALAXY,19.44265,17.73649,16.74685,16.29654,15.96735,13.27261,False
1237654604787810504,157.624122604981,3.97739019856217,6.065917,0.06820595,GALAXY,18.81567,17.62994,17.09514,16.76643,16.56796,10.69745,True
1237654604787810526,157.655470240989,3.89509844255683,6.771162,0.06606231,GALAXY,18.82543,16.95133,16.15824,15.76196,15.45675,17.45707,True
1237654604787810572,157.698897652432,3.8558326119697,3.157532,0.1501451,GALAXY,20.84741,18.76943,17.60266,17.13362,16.77368,12.33063,False
1237654604787876050,157.853664076071,3.87459227277475,4.278264,0.1630021,GALAXY,20.07921,18.39928,17.3574,16.86823,16.51985,11.66897,False
1237654604787876106,157.903259699852,3.94816009526672,5.085791,0.1236127,GALAXY,18.86894,17.64926,17.05355,16.69723,16.46399,13.77717,False
1237654605323174072,154.249454356703,4.2341423524056,5.276894,0.107369,GALAXY,18.93402,17.63531,16.9741,16.62623,16.38811,13.2644,False
1237654605324157076,156.512214370182,4.24664888221186,12.7784,0.07432622,GALAXY,17.5527,15.67822,14.78086,14.34806,14.02792,27.36328,True
1237654605324222614,156.575057693241,4.32129200166392,3.789492,0.07609226,GALAXY,19.55923,18.11504,17.45524,17.0295,16.83197,11.75592,True
1237654605324222629,156.616430186357,4.26392684664942,13.36666,0.06530445,GALAXY,17.13306,15.49459,14.72192,14.32825,14.0184,22.9921,True
1237654605324222687,156.680984462565,4.23953417547837,3.455417,0.1250041,GALAXY,19.97544,18.1908,17.09892,16.64101,16.24177,16.48213,False
1237654605324288084,156.705324335583,4.29232603809398,5.30553,0.04251385,GALAXY,18.63573,17.03209,16.26594,15.84305,15.55687,20.3767,True
1237654605324288121,156.750247960076,4.21293247294056,11.88553,0.1253305,GALAXY,18.68379,16.63258,15.54422,15.0693,14.73733,20.46548,False
1237654605324353823,156.925007200564,4.32952619586672,7.798954,0.06537507,GALAXY,18.13062,16.47474,15.69087,15.27752,14.97265,19.86676,True
1237645879579967591,54.9285003138559,1.27188765009276,4.92834,0.1317873,GALAXY,20.75028,18.53424,17.398,16.89366,16.50811,13.01686,False
1237645943978393694,55.1236253006416,0.872487205618696,14.50363,0.0406868,GALAXY,18.29589,16.52947,15.61466,15.09457,14.63546,18.25637,True
1237645943978524737,55.4735380817137,0.940179948879856,5.285548,0.1937556,GALAXY,21.50394,18.97571,17.6307,17.12607,16.76579,14.29888,False
1237648720141877472,145.502457313591,-0.966611095212957,5.221302,0.1477088,GALAXY,20.21395,18.09592,16.95965,16.50877,16.13422,15.46553,False
1237648720143777968,149.794243153907,-0.859430542241125,4.139326,0.1045381,GALAXY,18.99221,18.03735,17.41614,17.01984,16.76277,12.54855,False
1237648720143843470,149.999032228241,-0.869149458440511,8.221484,0.07604031,GALAXY,18.16105,16.22465,15.32444,14.8955,14.57333,31.94555,True
1237648720143909041,150.184955682519,-0.899090739647758,3.340746,0.1391733,GALAXY,19.98368,18.51506,17.61439,17.16747,16.82649,12.97874,False
1237648720148037890,159.577937542509,-1.01922067575538,5.665299,0.1073238,GALAXY,20.20865,18.19815,17.20256,16.76636,16.4062,21.23363,False
1237648720148103276,159.629822424834,-0.920522734588209,5.255145,0.08751033,GALAXY,19.63795,18.09226,17.29136,16.80987,16.46198,19.32462,True
1237648720148103303,159.656670002428,-0.948282002153463,6.007111,0.0968226,GALAXY,19.15469,17.90782,17.30978,16.94468,16.7074,15.54733,True
1237648720148103422,159.700118745536,-0.93626818449415,3.985421,0.1909861,GALAXY,20.98523,18.81832,17.62934,17.14693,16.81573,17.49427,False
1237648720148103446,159.724568870921,-0.941631914444804,7.986293,0.075511,GALAXY,18.97727,17.14617,16.26891,15.83275,15.50064,33.96935,True
1237648720678879348,145.722038785159,-0.527143419724582,3.162439,0.1640542,GALAXY,20.91039,18.87358,17.68516,17.19018,16.83731,13.81266,False
1237648720680648893,149.875987977689,-0.629353303550418,6.481223,0.07888881,GALAXY,18.707,17.33896,16.64481,16.26493,15.99683,14.6729,True
1237648720680714471,150.016915935814,-0.588057390616542,3.782722,0.04600773,GALAXY,18.81632,17.53404,16.88906,16.5596,16.25543,18.86554,True
1237648720680779853,150.139704964526,-0.567630021459032,4.111677,0.1678891,GALAXY,21.4593,18.89664,17.62421,17.09115,16.67919,10.18932,False
1237648720680779923,150.097759579105,-0.445039728881657,5.205937,0.08704937,GALAXY,18.86694,16.89172,15.9012,15.47136,15.10452,28.83837,True
1237648720680779989,150.190748527616,-0.614745491181583,6.469409,0.1693277,GALAXY,19.96745,17.96871,16.74139,16.24553,15.88201,15.923,False
1237648720680845525,150.268498706036,-0.542309834909188,5.408815,0.09453826,GALAXY,19.34536,17.52541,16.54203,16.08306,15.68136,19.03704,True
1237648720680910946,150.372636451019,-0.441641627656478,4.362401,0.09158873,GALAXY,19.05122,17.90169,17.34407,16.99055,16.78728,11.45065,True
1237648720680910948,150.372701860423,-0.545600096011436,3.657584,0.09407266,GALAXY,20.27795,18.3777,17.35431,16.90564,16.49281,15.03229,True
1237648720684646512,158.876914916868,-0.438667827082188,4.665349,0.1504898,GALAXY,21.01365,18.87842,17.65151,17.1172,16.656,14.87118,False
1237648720684843249,159.328668135715,-0.452827152020856,3.669185,0.09673389,GALAXY,20.0587,18.07333,17.07254,16.65121,16.24634,26.91723,True
1237648720684843266,159.344887090969,-0.513479342796851,5.528986,0.1139037,GALAXY,19.42299,17.98718,17.18846,16.72641,16.4144,15.99887,False
1237648720684843336,159.42536195493,-0.556108431823083,7.319807,0.09432663,GALAXY,19.4895,17.45942,16.39634,15.88114,15.45296,19.78902,True
1237648720684908689,159.546245790383,-0.619904666873399,6.757857,0.09500289,GALAXY,19.13165,17.98516,17.46714,17.13377,16.94147,11.05483,True
1237648720684974224,159.667306222872,-0.518970975644435,3.662923,0.1139529,GALAXY,20.43625,18.5302,17.44971,16.98876,16.5758,20.88365,False
1237648720685039769,159.847523457182,-0.534266400017217,4.47902,0.1141676,GALAXY,19.38251,17.92302,17.11018,16.66492,16.34558,24.09093,False
1237648720685105308,159.994636962398,-0.505369401013349,3.023432,0.1105957,GALAXY,20.21212,18.32725,17.30066,16.8714,16.50205,27.72589,False
1237648720685105352,160.034263606852,-0.421625751212431,8.239345,0.1330486,GALAXY,19.2634,17.67693,16.82551,16.42307,16.13864,15.20208,False
1237648720685105353,160.035161870165,-0.599992668573346,5.286837,0.07470067,GALAXY,19.31866,18.27407,17.74884,17.41618,17.24165,11.43939,True
1237648721215750163,145.737188847435,-0.0610041946274227,5.748073,0.1439173,GALAXY,20.20715,18.21169,17.10739,16.59554,16.23047,15.5057,False
1237648721215750320,145.778383130158,-0.134538717112184,3.78729,0.1451567,GALAXY,21.04931,18.858,17.68032,17.1676,16.77431,12.6155,False
1237648721217716478,150.295579635997,-0.0629726266544866,6.139619,0.09193879,GALAXY,19.26116,17.29478,16.3337,15.88839,15.53391,21.31931,True
1237648721217716483,150.297003559416,-0.133472685723812,9.027001,0.09008988,GALAXY,18.40213,16.41165,15.42901,14.9765,14.6189,29.44415,True
1237648721217781931,150.377734605992,-0.130136294444744,4.213489,0.089852,GALAXY,19.97139,18.01768,16.98985,16.47662,16.05276,15.13714,True
1237648721217782018,150.447978998306,-0.161328068862352,3.859806,0.06505554,GALAXY,19.90286,18.09299,17.17839,16.69507,16.30473,15.06155,True
1237648721221714095,159.414944988701,-0.18049953031395,6.524494,0.09644731,GALAXY,19.67956,18.19341,17.36634,16.95503,16.66772,15.51593,True
1237648721221779630,159.601978715527,-0.190076705771781,9.625408,0.1237914,GALAXY,18.65759,17.36591,16.66049,16.25913,15.99489,14.39813,False
1237648721221845089,159.631601710602,-0.0649225606065006,8.618585,0.06400023,GALAXY,18.70474,17.57937,17.05436,16.70817,16.51939,12.38226,True
1237648721221845149,159.728864631054,-0.187610484557901,6.854221,0.1103091,GALAXY,18.88819,17.73005,17.13529,16.76015,16.55101,13.94884,False
1237648721221845221,159.766811480322,-0.0309361551797207,8.969076,0.1327375,GALAXY,19.16208,17.73868,16.90584,16.48139,16.1153,12.29103,False
1237648721221910799,159.901456871183,-0.147197388982142,5.632049,0.0947874,GALAXY,19.46554,17.53807,16.53552,16.08463,15.70325,30.52347,True
1237648721221976086,159.960012289589,-0.0219340326266894,7.656148,0.1339286,GALAXY,19.72817,17.79026,16.66531,16.18359,15.76704,26.92235,False
1237648721221976278,160.065882843493,-0.204704292479201,3.293391,0.1139066,GALAXY,20.44748,18.49702,17.55189,17.15952,16.79049,22.29383,False
1237648721222041731,160.084322551049,-0.162909376466432,5.469199,0.08177026,GALAXY,19.60486,17.91496,17.05623,16.5504,16.21727,23.00747,True
1237648721222041741,160.114697350554,-0.0205075308437164,3.877154,0.1403162,GALAXY,20.48516,18.65376,17.6424,17.09183,16.73081,19.37362,False
1237648721752555616,145.556290460622,0.238524957056529,4.524508,0.1532605,GALAXY,21.03269,18.92961,17.70299,17.16309,16.80335,10.98554,False
1237648721752555627,145.576843430539,0.233666443498186,3.665288,0.09049731,GALAXY,20.1466,18.45012,17.51858,17.07642,16.7201,13.39612,True
1237648721753997600,148.982439656739,0.229872354459963,10.58034,0.06247292,GALAXY,19.04115,17.38003,16.6373,16.16045,15.83395,11.25744,True
1237648722289557692,145.969659074809,0.830928027512297,5.101073,0.03635695,GALAXY,19.37867,17.44197,16.49375,16.03287,15.65151,24.83976,True
1237648722289557713,145.992634603744,0.788073236970777,4.30987,0.03801033,GALAXY,18.7196,17.22156,16.41532,15.96881,15.62269,26.208,True
1237648722289623054,146.020908346966,0.733551670883614,11.13455,0.03617733,GALAXY,17.41963,15.3452,14.35107,13.86729,13.50864,43.43944,True
1237648722289623245,146.015129551822,0.823517401473917,5.879128,0.1232092,GALAXY,19.8365,18.10935,17.1384,16.66297,16.30555,16.25492,False
1237648722289623338,146.147400820694,0.817353560792876,4.928802,0.1222711,GALAXY,19.88703,17.61316,16.44837,15.95457,15.5356,22.62509,False
1237648722298667175,166.801422046749,0.836388448767615,5.433283,0.1247317,GALAXY,19.77475,17.55799,16.43299,15.94752,15.54088,18.24929,False
1237648722835538003,166.723535301005,1.24979156978558,6.878605,0.1051525,GALAXY,18.83895,17.12937,16.26866,15.79532,15.45175,17.46162,False
1237650794609049744,145.374115934085,-1.24928407351235,9.877888,0.06686618,GALAXY,17.7262,15.75583,14.84658,14.4214,14.08334,34.94822,True
1237650794609049814,145.444107546852,-1.19541893614084,3.684434,0.08816301,GALAXY,20.2838,18.18342,17.24123,16.80253,16.48524,14.25712,True
1237650795145920759,145.398359887983,-0.670878777609148,3.798256,0.1468171,GALAXY,20.63142,18.55927,17.43383,16.98697,16.6536,12.35608,False
1237650795145986089,145.487274514257,-0.806903952463781,6.244962,0.06084378,GALAXY,19.04427,17.20748,16.23163,15.78432,15.45478,21.44586,True
1237650796217565359,140.521881435024,0.150901970842713,3.962552,0.06950609,GALAXY,18.98104,17.30594,16.39964,15.89865,15.53271,26.19533,True
1237650796219728046,145.471341998382,0.155196383325004,5.438304,0.1225,GALAXY,19.20243,17.90559,17.10783,16.62104,16.35365,13.79656,False
1237650796219728076,145.499304709685,0.121501896221656,3.107401,0.1230344,GALAXY,20.56481,18.49578,17.40826,16.94236,16.5602,15.8768,False
1237650796219859143,145.827967598123,0.193233420381656,4.323448,0.125227,GALAXY,19.87867,17.80488,16.64135,16.16825,15.7715,22.79129,False
1237650796754567340,140.853322094769,0.440685823393913,3.409326,0.1388296,GALAXY,20.53382,18.51547,17.40232,16.93994,16.56103,18.62753,False
1237650796756664452,145.633678371039,0.620817410675479,3.595912,0.1557892,GALAXY,20.53745,18.61941,17.51908,16.9875,16.65269,13.21226,False
1237650797286850905,130.396197632535,1.03227976878631,3.128712,0.1106849,GALAXY,19.10789,17.98856,17.22671,16.67428,16.60073,22.98446,False
1237650797286916125,130.496309209487,1.01729600949554,6.37999,0.07722788,GALAXY,18.51073,16.47286,15.51703,15.07813,14.74757,42.31889,True
1237650797293731984,146.087370705264,0.99800580325007,4.685474,0.12037,GALAXY,20.58495,18.47228,17.29326,16.77585,16.37303,14.02466,False
1237651752384790621,145.871901479161,0.873782352919205,3.725452,0.1515293,GALAXY,20.49097,18.65678,17.48805,16.96747,16.60925,13.36099,False
1237651752394096717,167.180037662537,1.26082767494163,12.24035,0.08420949,GALAXY,18.43065,16.78265,15.99917,15.59517,15.31256,14.41372,True
1237651752921661615,145.891258614346,1.11647673545746,3.945799,0.05158934,GALAXY,18.1697,17.51446,17.57963,17.29115,17.49613,19.21238,True
1237651752930705607,166.543167508652,1.58091107916325,5.70595,0.1298967,GALAXY,19.73078,18.25065,17.45309,16.99407,16.63202,11.26829,False
1237651752930771033,166.718541047072,1.67622814989787,4.522092,0.1336731,GALAXY,19.86157,18.13671,17.10236,16.63796,16.27562,13.77814,False
1237651752930836611,166.854906065623,1.74054878823196,4.090497,0.1345289,GALAXY,19.84616,18.28714,17.35937,16.82832,16.41103,11.33557,False
1237651752930967684,167.123990598157,1.57793421534854,9.13278,0.08550457,GALAXY,18.64529,16.74529,15.8093,15.33512,15.01772,23.79993,True
1237651753467773090,166.980583678106,2.01325859538701,20.05458,0.04212482,GALAXY,17.08116,15.56817,14.90643,14.52697,14.31155,12.16525,True
1237651753467773163,167.06279326783,2.08317909880119,3.562531,0.08746012,GALAXY,19.34665,17.38771,16.42677,16.01449,15.68404,23.31907,True
1237651799623336122,149.711566427381,-1.15140758192588,4.004312,0.1668149,GALAXY,20.67189,18.59895,17.40289,16.90131,16.51862,13.24245,False
1237651799623401613,149.819735007533,-1.12732076763649,3.966204,0.07951723,GALAXY,20.01035,18.29956,17.4126,17.01701,16.75433,11.72752,True
1237651800160469245,150.229201592026,-0.727848376931669,4.425066,0.1688969,GALAXY,20.04877,18.23971,17.01307,16.512,16.13761,16.46954,False
1237651800160469257,150.247836994782,-0.738448493547453,3.752245,0.1363658,GALAXY,20.96355,18.7122,17.63469,17.18008,16.84358,12.82898,False
1237651800160534607,150.346304550972,-0.634602653757388,6.139413,0.09237399,GALAXY,18.28149,16.99061,16.33272,15.93964,15.6637,19.03454,True
1237651800697405595,150.366801626837,-0.301474617683336,8.042291,0.1409078,GALAXY,19.86429,17.79737,16.76498,16.30097,15.9402,12.24793,False
1237651800697405602,150.372098137942,-0.214954544012229,3.416369,0.06191481,GALAXY,19.35456,17.35582,16.44253,16.00637,15.65833,27.70085,True
1237651801233752176,149.19449773961,0.20273027067409,9.442783,0.0877696,GALAXY,18.24377,16.3531,15.39046,14.92598,14.60696,31.16451,True
1237651823245262977,213.707796233184,4.95013540845263,5.744179,0.1580052,GALAXY,19.82378,18.22848,17.22835,16.72737,16.33634,10.30638,False
1237651823245263051,213.783049643961,4.97232055855096,6.513237,0.07949296,GALAXY,18.1209,16.88544,16.22618,15.86416,15.64838,18.14615,True
1237651823245328501,213.856423818127,4.97232495655073,5.466778,0.07986312,GALAXY,19.63987,17.84872,16.96343,16.55579,16.22674,13.74921,True
1237651823245328521,213.885003913408,4.95077571575952,4.757042,0.07954051,GALAXY,19.391,17.44875,16.49682,16.05046,15.71766,20.24944,True
1237651823245328559,213.912498809387,4.94817215762659,4.309863,0.07994432,GALAXY,20.18566,18.26125,17.31125,16.90341,16.53937,12.90428,True
1237651823245328620,213.955539359534,4.95128673213673,3.237408,0.08008114,GALAXY,20.07102,18.3093,17.38239,16.95937,16.61899,14.62061,True
1237651823245459615,214.240328839586,4.98899549681813,4.018078,0.09745356,GALAXY,19.86203,18.28955,17.46002,16.95148,16.59789,13.09296,True
1237651823782133884,213.712422971333,5.25330472774635,4.700879,0.1808599,GALAXY,20.54892,18.46709,17.25556,16.77426,16.40912,12.63402,False
1237651823782199439,213.914261798761,5.22466457556812,3.147874,0.1077202,GALAXY,20.43091,18.38001,17.4883,17.09564,16.78271,14.21153,False
1237651823782199454,213.924581086619,5.27052970239715,9.773122,0.08959311,GALAXY,18.18912,16.2288,15.27378,14.85454,14.52693,26.14585,True
1237651823782199476,213.938063563245,5.25901297315035,4.540723,0.08751706,GALAXY,19.7688,17.75268,16.78013,16.32403,15.94506,18.57544,True
1237651823782396044,214.389124785456,5.21784800900987,7.17222,0.07958744,GALAXY,18.69313,16.86063,15.94485,15.47219,15.11913,19.16007,True
1237652944240378073,339.453072520776,14.3552832291446,4.926433,0.1164818,GALAXY,19.06078,18.0896,17.58877,17.25104,17.0544,11.4628,False
1237652944240378078,339.452183145976,14.3827484095272,5.84017,0.08633361,GALAXY,19.16708,17.63088,16.77503,16.32327,15.99779,17.2248,True
1237652944240378108,339.504049832932,14.2989507034595,9.149274,0.08390597,GALAXY,18.3052,16.318,15.33572,14.8994,14.56755,30.23322,True
1237652944240378136,339.497240969118,14.3887115241003,5.013628,0.1153186,GALAXY,19.64336,18.1145,17.22601,16.78157,16.46947,11.30653,False
1237652944240443738,339.631691583251,14.4432506614779,5.092571,0.1855828,GALAXY,20.52321,18.46869,17.10902,16.55123,16.16552,13.58473,False
1237652944240443740,339.651065035642,14.3254113732334,4.495909,0.08635402,GALAXY,19.04082,17.86025,17.22284,16.83089,16.55333,14.28414,True
1237652944240443791,339.685169561035,14.3365138073576,4.689085,0.08695357,GALAXY,18.7017,17.4735,16.76435,16.32733,16.03591,20.37944,True
1237652944240509052,339.820840877621,14.4017158166732,3.479575,0.08473618,GALAXY,18.85304,17.30099,16.59239,16.22036,15.97157,26.91396,True
1237652944240509322,339.886274146103,14.3636712003487,13.39365,0.08376097,GALAXY,19.2368,17.0891,15.96515,15.44543,15.07943,23.51819,True
1237652944240574713,339.919992359531,14.3842734278914,3.526428,0.08683719,GALAXY,20.20999,18.51535,17.52426,17.02943,16.64803,13.46007,True
1237652944240574733,339.93659296504,14.4140272544389,6.109102,0.08420853,GALAXY,18.60718,17.34432,16.68933,16.27786,16.04319,12.87555,True
1237652944240574746,339.944681145958,14.3861421440879,9.324627,0.08447238,GALAXY,18.1315,17.12172,16.65342,16.30215,16.1626,12.53788,True
1237653586334122271,122.424861892827,39.5203140292559,7.55576,0.07590813,GALAXY,19.08209,16.92267,15.93589,15.49082,15.14558,30.25036,True
1237654028715819109,166.611804052866,1.38709630646596,5.123327,0.08343369,GALAXY,18.71327,17.40816,16.73206,16.33636,16.09591,15.84352,True
1237654028715884622,166.772598165072,1.34025173634637,4.092097,0.06693334,GALAXY,18.41837,17.30482,16.76933,16.38581,16.21349,18.83833,True
1237654028715884666,166.871962730641,1.38844722661139,4.137302,0.09685946,GALAXY,18.86296,17.73988,17.27457,16.95683,16.82344,12.99628,True
1237654028715950202,166.902225124644,1.49091393568579,4.728046,0.06771784,GALAXY,18.33056,17.25081,16.96187,16.68561,16.57083,17.68886,True
1237654028715950242,166.960431122362,1.36636180181861,3.407684,0.1435162,GALAXY,20.50467,18.45259,17.35209,16.90083,16.54778,14.0904,False
1237654029252755672,166.854525864128,1.77558248555222,7.976547,0.1338849,GALAXY,19.48642,17.75039,16.76156,16.31086,15.9581,13.32871,False
1237654029252821001,166.900218868818,1.94463875584055,8.908541,0.08839578,GALAXY,19.97557,18.03376,17.13613,16.65318,16.32486,15.24737,True
1237654029252821110,166.914877435331,1.78307994967333,6.160811,0.06621521,GALAXY,18.59299,16.67873,15.75032,15.30637,14.92713,25.34154,True
1237654029252821146,166.984303991889,1.77174288310687,3.466903,0.1034483,GALAXY,20.0425,18.29765,17.32355,16.89209,16.52536,14.36531,False
1237654029252886667,167.050805548818,1.95094486639525,4.61869,0.09949763,GALAXY,20.16152,18.0794,17.04264,16.59036,16.20146,16.02909,True
1237654029252886677,167.064756919393,1.92699873170491,4.929769,0.1000658,GALAXY,19.26803,17.38467,16.36938,15.8951,15.52279,19.01992,False
1237654029252886708,167.08993942512,1.94231063036658,8.416768,0.09857417,GALAXY,18.8517,16.85366,15.84237,15.40341,15.03752,22.61694,True
1237654029789626528,166.821079664435,2.22126654284802,6.408988,0.06214903,GALAXY,18.66647,17.30706,16.79546,16.45354,16.26258,12.69823,True
1237654029789757623,167.094731760621,2.19242414066078,4.853193,0.0862603,GALAXY,19.72223,17.86439,16.89566,16.43948,16.0568,13.86249,True
1237654601564749924,153.050376830846,4.32033892458089,3.354152,0.105773,GALAXY,20.41575,18.4436,17.47364,17.05419,16.74275,14.25602,False
1237654601564815456,153.207685116162,4.35067064332152,7.465986,0.09710994,GALAXY,18.49413,17.1588,16.49189,16.13081,15.86871,11.04232,True
1237654601570517150,166.3559711401,4.92340959026083,3.257977,0.1530456,GALAXY,20.6998,18.69707,17.59205,17.15382,16.78561,16.49645,False
1237654601570582641,166.402877428246,4.93860642658405,8.928898,0.1083399,GALAXY,19.11739,17.34494,16.36576,15.91778,15.52422,17.87325,False
1237654601570648148,166.542627339364,4.92153254411978,4.801146,0.07540573,GALAXY,19.81952,18.34282,17.5833,17.20865,16.99201,11.7763,True
1237654602101424271,152.647880348906,4.80468571666177,3.94287,0.210183,GALAXY,20.87761,18.97251,17.69276,17.17396,16.83905,10.97312,False
1237654602101555358,152.997411362175,4.68372120735417,4.624705,0.2034535,GALAXY,20.98893,18.97369,17.63487,17.07342,16.71329,10.69061,False
1237654602107322682,166.220401723812,5.17809370379896,4.059783,0.09062594,GALAXY,20.20364,18.27736,17.29465,16.90344,16.55445,18.14962,True
1237654602107322687,166.218517925394,5.28827999140784,4.050804,0.1525137,GALAXY,20.41714,18.59177,17.57291,17.13088,16.75938,13.55128,False
1237654602107388080,166.236456870477,5.25006308219733,3.932184,0.1087774,GALAXY,19.98482,17.97219,16.8878,16.39442,16.0215,24.79296,False
1237654602107453522,166.373727580526,5.28036162908788,3.21539,0.09122294,GALAXY,19.62126,18.02646,17.21203,16.78569,16.48594,25.18273,True
1237654602107453608,166.508903169438,5.2913219792751,4.079395,0.177723,GALAXY,20.90808,18.87926,17.67505,17.16527,16.81843,15.35207,False
1237654602107519065,166.552913821526,5.19963759072585,4.460769,0.1529838,GALAXY,20.30983,18.42049,17.21373,16.70127,16.3259,18.29317,False
1237654602107519067,166.553989417439,5.22184756537175,8.164008,0.1533386,GALAXY,18.9791,17.80444,17.08237,16.68938,16.44901,10.31452,False
1237654602644127850,165.969359112262,5.6674917781071,8.033468,0.08285902,GALAXY,18.77724,16.90768,15.97504,15.55585,15.2281,31.35712,True
1237654602644127963,166.032525703139,5.75286912056941,6.479382,0.2226947,GALAXY,21.16464,18.86293,17.42999,16.90643,16.59715,11.46193,False
1237654602644193448,166.110957636955,5.71686622081368,5.908267,0.158839,GALAXY,20.36633,18.11928,16.91769,16.43221,16.07516,18.65466,False
1237654602644258904,166.325374757059,5.63872972662055,4.719956,0.2429704,GALAXY,20.70796,18.8878,17.58079,17.08403,16.7482,13.32029,False
1237654602644390036,166.568894360537,5.75939171544498,9.797444,0.07591709,GALAXY,18.6606,17.16853,16.44566,16.07653,15.87261,11.80049,True
1237654602644455438,166.669109596726,5.6687237453142,5.517226,0.204056,GALAXY,21.00226,18.75029,17.38781,16.85903,16.54016,15.52803,False
1237654602644455476,166.677113350855,5.69127129656851,3.480203,0.08252548,GALAXY,19.91674,18.50518,17.75587,17.32278,17.06154,15.19913,True
1237654604249563272,154.52011268689,3.36053867195004,3.698161,0.1052368,GALAXY,19.74321,17.65976,16.60269,16.1263,15.74624,22.95653,False
1237654604249563310,154.584959422351,3.30998950353194,5.583447,0.0460006,GALAXY,18.45074,17.35038,16.90463,16.63288,16.46965,17.57746,True
1237654604249563325,154.598129503865,3.35451350093679,3.236208,0.1044191,GALAXY,20.59852,18.60458,17.61233,17.16072,16.78244,12.34559,False
1237654604249563338,154.620867027365,3.29031507419113,5.846496,0.0460196,GALAXY,18.40711,17.135,16.56292,16.24009,16.01785,19.34829,True
1237654604249628852,154.75638134557,3.36057486049583,3.834116,0.03252297,GALAXY,18.48671,17.02142,16.40988,16.07168,15.8334,26.08567,True
1237654605865091227,165.775351336459,4.93794275835176,12.31111,0.06729691,GALAXY,18.17856,16.30188,15.43004,15.01024,14.6877,26.80068,True
1237654605865222329,166.042948895574,5.0599782862784,4.415169,0.07534588,GALAXY,20.06572,18.11184,17.17958,16.75563,16.43589,19.57922,True
1237654605865287919,166.232568755188,5.00837863406611,9.41016,0.2461129,GALAXY,21.13133,18.62724,17.1665,16.61678,16.26104,10.1818,False
1237654605865353292,166.33742192289,5.00964473386683,4.770772,0.1020694,GALAXY,19.17818,17.76178,16.99542,16.54754,16.27382,20.75896,False
1237654605865353348,166.394265132571,5.00705155302943,5.116183,0.1445769,GALAXY,19.93494,18.14083,17.10363,16.64281,16.33132,14.42687,False
1237654605865353361,166.419975613953,4.99740119155336,7.387255,0.06754266,GALAXY,18.87127,17.49145,16.87464,16.47966,16.24422,14.76912,True
1237654605865419015,166.581878543743,5.04327614496401,4.526728,0.2042023,GALAXY,20.81615,18.8633,17.52669,16.99998,16.60244,16.73979,False
1237654606396719345,153.750067068452,4.94774751696076,5.602152,0.07649337,GALAXY,19.0169,17.12951,16.21903,15.8128,15.49657,28.18552,True
1237654606396784743,153.816512222669,4.95813577624705,5.309206,0.1888362,GALAXY,20.3122,18.36229,17.11345,16.58016,16.2555,13.50571,False
1237654606396784751,153.81942320192,4.97454811593224,5.718718,0.08825381,GALAXY,18.70494,17.43242,16.86446,16.4768,16.30052,16.75164,True
1237654606401896685,165.667887757987,5.40431855400004,5.328003,0.1198195,GALAXY,18.83556,17.51423,16.73844,16.29216,16.01279,22.66438,False
1237654606401962084,165.690835359935,5.36763114765511,4.18732,0.06088262,GALAXY,19.8245,18.3911,17.72433,17.38026,17.16545,10.96534,True
1237654606402093184,166.018696852578,5.50894562094401,3.715558,0.1585439,GALAXY,19.28059,18.03862,17.29945,16.8809,16.63532,18.00387,False
1237654606402158701,166.173884793986,5.44729116346918,3.894609,0.07546122,GALAXY,19.76888,18.05647,17.17856,16.74422,16.42857,19.43347,True
1237654606402158707,166.172852330085,5.55647486177154,5.346006,0.1578278,GALAXY,20.74268,18.57331,17.41834,16.9494,16.60932,14.75605,False
1237654606402158710,166.177723000781,5.50273242559856,7.541039,0.09566815,GALAXY,18.99021,17.31705,16.43047,16.01219,15.67948,19.22833,True
1237654606402158738,166.227975549497,5.44813959186864,3.664437,0.08282866,GALAXY,19.80614,17.84318,16.90503,16.47522,16.15064,24.34083,True
1237654606402224320,166.383334733213,5.47501978638653,6.393733,0.1891916,GALAXY,19.49154,18.14035,17.31496,16.85826,16.59822,13.23945,False
1237654606402224334,166.38731350936,5.58109877277727,3.872155,0.1528157,GALAXY,20.68501,18.82515,17.74895,17.2216,16.81995,10.38356,False
1237654606402289753,166.508128351049,5.54525215088978,10.00775,0.07581494,GALAXY,17.86802,16.56061,15.82505,15.41616,15.13152,22.22097,True
1237654606402289768,166.520768572321,5.52835306250961,5.958478,0.07503679,GALAXY,18.50112,16.52104,15.55747,15.11294,14.76733,40.87038,True
1237654606402289803,166.568998760831,5.39887431084608,4.423553,0.1894133,GALAXY,19.90207,18.16045,17.04914,16.57437,16.25014,18.93467,False
1237654606402355477,166.658842858372,5.4928208298358,6.612604,0.1567757,GALAXY,19.55606,18.12468,17.25412,16.83079,16.53229,13.58704,False
1237654606938964255,166.106278062193,5.85117418363937,4.602774,0.2211262,GALAXY,20.80618,18.93243,17.49508,16.97934,16.61519,13.04565,False
1237654668665749618,158.912493023736,-1.10040990410413,5.250922,0.1292931,GALAXY,19.4403,18.06635,17.24171,16.83443,16.56427,16.49644,False
1237654668665749684,158.931465313438,-1.22075451522396,5.020091,0.1428779,GALAXY,19.88001,18.28376,17.35731,16.86029,16.51656,14.35914,False
1237654668665815105,159.112999341649,-1.14610194716861,8.508378,0.02395853,GALAXY,18.26308,16.96508,16.42639,16.14616,15.94501,18.35185,True
1237654668665815113,159.12849200304,-1.18868877084889,5.286623,0.03608739,GALAXY,19.2005,17.95114,17.3671,17.06948,16.82554,14.67465,True
1237654668665815258,159.126974589043,-1.05499753064591,5.954689,0.150111,GALAXY,19.43792,18.36656,17.65519,17.27795,17.03039,10.98815,False
1237654668666011810,159.576597457376,-1.21043464526264,3.934622,0.1376868,GALAXY,20.71858,18.67954,17.58122,17.09242,16.72011,15.53783,False
1237654668666077320,159.622725565842,-1.21687872476233,7.987702,0.1381717,GALAXY,19.97275,17.69273,16.53271,16.04304,15.67977,24.84076,False
1237654668666077363,159.667463156937,-1.21319478655852,4.045173,0.03940077,GALAXY,20.12948,18.21001,17.43377,17.03568,16.80547,19.73528,True
1237654668666077398,159.703569368392,-1.14297481691837,3.193332,0.1247547,GALAXY,21.2317,18.70803,17.6354,17.17273,16.81816,19.82221,False
1237654668666077422,159.699728296667,-1.17168961146142,5.747736,0.1397965,GALAXY,20.39561,18.43253,17.38823,16.91557,16.57448,16.32497,False
1237654669198688303,149.915646853323,-0.784806154495703,5.003089,0.09454266,GALAXY,18.99287,17.72935,17.23184,16.91195,16.80382,12.04084,True
1237654669202686094,159.027366356424,-0.65378953760566,6.079138,0.1153168,GALAXY,20.18273,18.12985,17.04326,16.59185,16.2124,24.78851,False
1237654669202686133,159.107091372437,-0.817813845573787,4.917408,0.08837735,GALAXY,18.94025,17.87168,17.39359,17.05138,16.92887,12.9587,True
1237654669202751642,159.241887777804,-0.644796042051814,4.776764,0.08239438,GALAXY,19.04746,17.67665,16.89921,16.43832,16.12691,23.13293,True
1237654669202817103,159.373987709019,-0.677950512027739,7.858505,0.09556536,GALAXY,19.02127,16.86125,15.81309,15.33537,14.96703,41.76732,True
1237654669202817150,159.295038601276,-0.690179776230878,4.497765,0.07409647,GALAXY,19.54375,17.69688,16.83455,16.38814,16.07138,23.99576,True
1237654669202817157,159.310058785782,-0.708614990457836,6.689796,0.09397531,GALAXY,19.76628,18.00932,17.08229,16.6785,16.37534,19.95303,True
1237654669202817208,159.353580698961,-0.704412920874588,4.582331,0.08277651,GALAXY,19.43497,17.66355,16.7775,16.28544,15.97131,26.30564,True
1237654669202817275,159.430584840074,-0.654683015019284,7.237814,0.09521819,GALAXY,19.06016,17.03767,16.01797,15.52846,15.15462,32.84181,True
1237654669202817330,159.407530683567,-0.771146921256135,7.899851,0.09658697,GALAXY,20.46934,18.19157,17.23323,16.68258,16.27769,12.28664,True
1237654606938964260,166.106634653076,5.88098313721207,5.383245,0.04320542,GALAXY,18.86098,17.91566,17.59587,17.36014,17.24053,10.67803,True
1237654606402224237,166.314050198271,5.38925888306812,3.410999,0.03155914,GALAXY,18.75962,17.05249,16.27478,15.89497,15.63342,38.82327,True
1237654606396719308,153.677117066103,4.95138946566769,7.974094,0.04526504,GALAXY,17.07419,16.0701,15.65694,15.37421,15.22871,23.23547,True
1237654605865353366,166.418365274915,5.12266236525055,8.05244,0.0519894,GALAXY,18.14386,16.80748,16.16264,15.782,15.48374,19.25165,True
1237654605865222300,166.028549106363,5.02749898090419,13.50452,0.02529279,GALAXY,17.76976,16.02427,15.23579,14.84038,14.55171,40.18488,True
1237654605865091259,165.824326448258,5.07224472669627,8.424207,0.03848149,GALAXY,17.60233,16.41157,15.90137,15.60344,15.39849,23.01017,True
1237654602644389916,166.546446253177,5.72583579968312,6.638005,0.05963952,GALAXY,19.54616,18.00622,17.27943,16.88453,16.62431,10.67923,True
1237654602644324515,166.384543385593,5.70759603570345,5.915627,0.04993612,GALAXY,19.43915,17.72188,16.85101,16.45088,16.13396,16.62942,True
1237654602644324420,166.421176958555,5.70651634470499,12.80538,0.05013314,GALAXY,17.66227,15.74167,14.86158,14.43612,14.13264,41.35144,True
1237654602107453525,166.375932762663,5.36917256766262,4.489708,0.1271252,GALAXY,20.00317,18.2315,17.24321,16.78556,16.41678,17.7953,False
1237654602107388099,166.289325524805,5.3599742465948,7.507761,0.1275833,GALAXY,18.85182,17.46872,16.66574,16.27314,15.98899,15.94339,False
1237654601570320520,165.892759489388,4.88396022031156,5.20968,0.1298466,GALAXY,20.71573,18.56596,17.46842,17.00169,16.66807,15.0947,False
1237652944240378258,339.544150726637,14.4405887606414,8.724359,0.03598876,GALAXY,18.51696,17.07081,16.31705,15.9046,15.57092,15.76169,True
1237651823245459566,214.135958586155,4.95466097250964,5.697154,0.05761838,GALAXY,18.78603,17.3358,16.57381,16.16052,15.87853,18.95962,True
1237651823245394142,214.115285203764,4.96136686216069,9.062325,0.05752193,GALAXY,18.22345,16.30947,15.43529,15.01965,14.69755,31.23094,True
1237651823245328583,213.924916044676,4.96258544659983,4.929511,0.1264746,GALAXY,19.62162,17.8635,16.87651,16.44688,16.07858,14.785,False
1237651823245263137,213.821949261794,4.94819179854479,3.524553,0.05680472,GALAXY,19.98692,18.19607,17.23878,16.75643,16.35785,13.87135,True
1237651823245263124,213.813667965894,4.89901135292543,5.56409,0.05797697,GALAXY,18.70417,17.19168,16.44406,16.068,15.78112,18.90773,True
1237651823245263060,213.789900985936,4.92666848932354,16.79444,0.05605765,GALAXY,16.90615,15.38732,14.6414,14.25954,13.96924,19.48832,True
1237651823245262904,213.807118315861,4.8347381528395,4.980502,0.05604844,GALAXY,18.73962,16.79822,15.90245,15.50013,15.1948,28.04715,True
1237651823245197515,213.579785063339,4.91255939971302,4.071666,0.05443105,GALAXY,19.0113,17.76071,17.18725,16.84897,16.65424,14.23561,True
1237651800160469283,150.272378424028,-0.724602331348556,4.923488,0.1386263,GALAXY,19.90497,18.24875,17.30767,16.84447,16.4884,12.33192,False
1237651799623467084,150.009431888939,-1.06225376450408,4.237466,0.04609136,GALAXY,17.80674,16.04892,15.31676,14.97736,14.72916,41.49583,True
1237651752921792685,146.206295735387,1.14829020130248,5.081462,0.1232023,GALAXY,20.19852,17.9651,16.77356,16.25899,15.81169,18.98822,False
1237651752384921745,146.1597679618,0.840692804265108,6.993592,0.1221189,GALAXY,19.42594,17.41061,16.26919,15.78316,15.36316,19.14838,False
1237651752384856377,146.13154382869,0.841162725075002,6.465509,0.1224185,GALAXY,20.50978,17.8382,16.84991,16.375,16.02099,11.00474,False
1237651250974949419,237.881515504041,52.0888339685182,3.7007,0.03955929,GALAXY,19.86331,17.77088,16.71991,16.2102,15.84512,28.15317,True
1237650797293600970,145.89354739443,1.0284499808309,6.23548,0.05329375,GALAXY,18.99446,17.63755,16.96599,16.56319,16.31514,11.73845,True
1237650797293600959,145.875241121335,0.912496080146214,5.254121,0.124454,GALAXY,20.45548,18.1868,16.96005,16.4178,15.99756,15.77965,False
1237650796756730081,145.792579892616,0.524746586955892,4.133236,0.1222728,GALAXY,19.66759,18.59689,17.72811,17.2695,16.94997,11.08624,False
1237648720148168968,159.83925631916,-0.873946537618937,4.398459,0.1383015,GALAXY,20.64997,18.80394,17.64528,17.17316,16.78366,15.08005,False
1237648720148169024,159.915845168662,-0.903772562416303,5.102686,0.08724763,GALAXY,19.66127,17.82012,16.82766,16.35569,15.97588,24.68177,True
1237648720148299897,160.144321888775,-0.909414057564798,5.973711,0.03899339,GALAXY,17.44907,15.70001,14.91898,14.53679,14.23787,55.78362,True
1237648720148300016,160.089873784884,-1.02839635533018,4.150122,0.1349766,GALAXY,20.65562,18.79688,17.72994,17.25507,16.85843,16.8155,False
1237648720148300099,160.21360427121,-0.922022151847472,8.253594,0.03984923,GALAXY,17.75308,16.14525,15.34903,14.9183,14.5779,41.03505,True
1237648721222172802,160.428523070865,-0.189881083349835,7.262234,0.09522899,GALAXY,18.78296,17.72537,17.02269,16.65418,16.39706,18.6854,True
1237648721222172860,160.496047274071,-0.0770369135498089,5.883912,0.1130077,GALAXY,19.48017,17.96935,16.97952,16.5415,16.15438,16.61432,False
1237648721222238368,160.53701994959,-0.110781918676321,3.824331,0.1139992,GALAXY,20.505,18.59687,17.59938,17.1586,16.83695,19.4436,False
1237648721222238491,160.641013915716,-0.0371039085694395,6.354858,0.09483168,GALAXY,19.15195,17.94258,17.30023,16.91934,16.62581,13.72015,True
1237648721222303937,160.773789336912,-0.0549154196631708,7.040721,0.09530569,GALAXY,19.20467,17.70579,16.92341,16.50928,16.16742,17.53788,True
1237648721222303946,160.781642307265,-0.0944347234233636,6.948159,0.0615075,GALAXY,18.65266,17.53367,17.21231,16.93949,16.86692,17.28061,True
1237648721759961197,162.525717889481,0.333248799031144,3.297805,0.04032925,GALAXY,18.44975,16.52571,15.64857,15.21284,14.87298,47.38388,True
1237648721759961461,162.594962975805,0.236386228879564,13.25529,0.03942392,GALAXY,17.47535,15.81039,14.97389,14.57337,14.23697,34.64819,True
1237648721760026777,162.738849764229,0.281126074730521,5.767827,0.09485572,GALAXY,19.07809,17.57606,16.75495,16.34189,16.01859,23.30017,True
1237648721760092302,162.824632335451,0.252333454157638,5.853108,0.09521044,GALAXY,19.32757,17.71438,16.8847,16.4044,16.04116,20.04955,True
1237648721760157864,162.939726858729,0.348042586131176,4.58938,0.1270814,GALAXY,19.87637,17.93813,16.90782,16.4768,16.12407,24.77306,False
1237648721760157905,163.023289809997,0.289939254940085,4.726614,0.03787675,GALAXY,19.47384,17.83879,16.97902,16.49217,16.09986,16.72725,True
1237648721760157924,163.033774679626,0.321112649439151,4.516331,0.1072763,GALAXY,19.81569,17.87638,16.88568,16.43076,16.06112,22.39694,False
1237648721760223390,163.193953464407,0.318024075734965,6.045818,0.09505691,GALAXY,19.30584,17.74873,16.87515,16.41825,16.03822,19.08179,True
1237648721760288813,163.276665759981,0.264635056313492,4.806109,0.1251915,GALAXY,19.64545,17.58724,16.49954,16.02708,15.62588,28.25685,False
1237648721760288929,163.246094279393,0.268470395359676,5.613606,0.1260294,GALAXY,20.28509,18.40252,17.3639,16.86899,16.50039,13.93371,False
1237648721760289003,163.342896641488,0.320244744019615,3.631758,0.1074813,GALAXY,20.47222,18.59205,17.64522,17.23808,16.88243,17.14049,False
1237648721760419955,163.534313468594,0.361024078287358,7.802623,0.04774925,GALAXY,17.91135,16.4323,15.72861,15.33101,15.01491,33.79292,True
1237648721760419967,163.540354616173,0.409718765791859,6.443312,0.0479777,GALAXY,18.78853,17.60207,17.15968,16.85664,16.72724,12.23953,True
1237648721760420032,163.60870165559,0.335943571888452,6.261218,0.0386696,GALAXY,18.85178,17.60312,17.09175,16.77393,16.53333,13.04184,True
1237648721760420058,163.644674111673,0.343648365323376,6.768063,0.07665615,GALAXY,19.02806,17.58505,16.87262,16.44743,16.15225,17.51194,True
1237648721760551005,163.842883659988,0.415030896485425,3.588291,0.1475309,GALAXY,20.37748,18.1755,17.06188,16.59731,16.22411,23.38913,False
1237648721760551046,163.91286110293,0.35417202817951,3.910063,0.07145859,GALAXY,18.90475,17.69591,17.23648,16.90525,16.70729,19.73056,True
1237648722297290930,163.629084036523,0.635366645979814,4.848215,0.06570604,GALAXY,19.55245,17.5547,16.55705,16.05183,15.6738,24.22512,True
1237648722834161773,163.571391301407,1.06125864024064,3.111254,0.1547082,GALAXY,20.65579,18.84908,17.63207,17.17468,16.79839,15.97095,False
1237648722834161838,163.617377829559,1.0701519959373,7.978929,0.06811443,GALAXY,20.15544,18.22926,17.34657,16.91601,16.6083,11.3855,True
1237648722834161856,163.633506326011,1.25001712499721,4.215282,0.1548575,GALAXY,20.69914,18.84146,17.73568,17.25563,16.94762,13.32783,False
1237648722834161863,163.642858060182,1.23493569071564,3.625699,0.1035984,GALAXY,20.23916,18.47012,17.51342,17.06845,16.75603,14.31385,False
1237648722834292851,163.847751189573,1.12879127434605,5.8176,0.0639591,GALAXY,18.26096,17.22339,16.80347,16.48803,16.32345,16.71,True
1237651755072684144,153.982030485701,2.99972856069222,5.588843,0.09040105,GALAXY,18.38203,17.21235,16.48123,16.04266,15.74634,21.21094,True
1237651821098369173,214.979374923007,3.21643975223481,5.217578,0.1002878,GALAXY,19.52334,17.86162,16.91985,16.44937,16.08688,13.52577,False
1237651821098369182,214.988982185664,3.2710192889489,4.814292,0.1080488,GALAXY,19.44302,17.49025,16.46132,16.01042,15.63768,21.59859,False
1237651821634912427,214.342498676677,3.54732320884864,3.723849,0.1285517,GALAXY,20.01173,17.88582,16.84301,16.413,16.07163,18.89998,False
1237651821635043506,214.588845145649,3.5572879423558,3.830948,0.1304588,GALAXY,20.59501,18.66863,17.61969,17.16385,16.81028,11.15803,False
1237651821635109065,214.683712275902,3.56450191622867,4.864715,0.08523014,GALAXY,19.85612,18.29184,17.42635,17.0526,16.74317,11.95755,True
1237651822171848724,214.40164632513,4.03967725026993,7.574914,0.07905323,GALAXY,18.97096,17.3105,16.52703,16.11135,15.74593,11.35488,True
1237651822171848844,214.445309393249,4.0676025896304,5.325442,0.1558536,GALAXY,19.64157,17.96456,16.97931,16.5034,16.16641,12.23265,False
1237651822708719704,214.41295706538,4.43920433121801,3.532206,0.09952078,GALAXY,18.87017,17.88323,17.36614,16.98566,16.81661,15.65687,True
1237651822708719720,214.449440192602,4.53982378158624,5.799772,0.1257528,GALAXY,19.43982,17.8378,16.96903,16.56397,16.29942,13.86766,False
1237651822708785315,214.584106406355,4.48964839600647,3.079348,0.1296294,GALAXY,20.45502,18.60074,17.59758,17.16634,16.7954,11.74241,False
1237651822708785317,214.581354427829,4.3695038816827,3.149927,0.05568456,GALAXY,19.36292,17.63895,16.7769,16.39292,16.10071,22.46597,True
1237656567045226756,328.221908533106,-1.06617242123678,4.896181,0.1349677,GALAXY,20.56314,18.38215,17.14568,16.63443,16.20144,16.20342,False
1237654605323370619,154.616227538762,4.16886280879247,4.000776,0.04585491,GALAXY,19.48967,17.8646,17.01221,16.57049,16.21589,20.43059,True
1237654604787482926,156.964612496762,3.94115893995827,6.873792,0.05565638,GALAXY,18.53914,17.00755,16.24314,15.83493,15.54376,12.7995,True
1237654600492712072,156.985836038991,3.70922025619338,4.35087,0.1259127,GALAXY,19.96062,17.97368,16.89537,16.41387,16.04713,15.1287,False
1237654600492712067,156.984097498206,3.73437453270804,3.898544,0.1262926,GALAXY,20.07134,18.19477,17.15048,16.68311,16.3043,13.76308,False
1237654600491597984,154.507099989391,3.59641672051417,4.631514,0.1271065,GALAXY,20.39992,18.28047,17.22486,16.76529,16.41359,14.69202,False
1237654600491139293,153.506541737593,3.57546870367308,3.170279,0.1212145,GALAXY,20.24074,18.1843,17.18677,16.76499,16.41306,20.86714,False
1237657628454486141,181.360124644505,51.7649822425416,4.607379,0.1680931,GALAXY,20.76015,18.76971,17.63683,17.1514,16.85306,10.90507,False
1237657628454486162,181.420045140808,51.6229770954335,4.265092,0.1088067,GALAXY,18.95099,17.84752,17.3468,16.98378,16.86801,12.42895,False
1237657628454551694,181.514725029381,51.7683562464139,4.274248,0.1032986,GALAXY,19.74036,18.17995,17.3622,16.94515,16.61848,14.53509,False
1237657628454617217,181.815491943856,51.7471334974159,5.555346,0.08167653,GALAXY,19.65407,17.54609,16.55376,16.07674,15.74192,18.27209,True
1237657628990963819,179.960269070037,52.1211983355965,6.094851,0.08408649,GALAXY,18.46477,17.21699,16.6251,16.27722,16.07302,14.00217,True
1237657628991029331,180.002703016066,52.1044039013493,3.707246,0.1258715,GALAXY,20.47753,18.81581,17.74589,17.24111,16.8238,10.67567,False
1237657628991029388,180.143185829351,52.1623280872156,6.336814,0.07212655,GALAXY,18.58144,16.76522,15.88077,15.46894,15.14901,27.41473,True
1237657628991029400,180.217725033446,52.0144989372802,4.847893,0.06687964,GALAXY,18.97006,17.18879,16.31965,15.91074,15.60053,23.69321,True
1237657628991094865,180.278931149619,52.0178692395938,4.020216,0.06704374,GALAXY,18.45956,16.77151,15.94901,15.52124,15.18967,29.47301,True
1237657628991094905,180.369879539747,52.0254817784733,7.579079,0.06195544,GALAXY,18.01723,16.86694,16.30291,15.97176,15.75882,11.62067,True
1237657628991291518,181.143037140111,52.2223811051472,3.906697,0.06305526,GALAXY,18.77991,17.75166,17.4454,17.22473,17.15301,13.54356,True
1237657628991422664,181.674489252559,52.1556780495676,8.408202,0.06071632,GALAXY,17.55621,15.93606,15.17027,14.73953,14.41466,29.00794,True
1237657629510402380,128.026179103408,35.6560823610599,5.678692,0.147316,GALAXY,19.44249,17.98294,17.29504,16.85111,16.66724,11.41668,False
1237657629510467868,128.22734710257,35.5998987785822,6.361525,0.1772146,GALAXY,20.232,18.26213,16.99875,16.454,16.13236,14.23308,False
1237657629527179411,177.376969548003,52.4132766400136,6.230617,0.05233113,GALAXY,18.09109,16.2395,15.38295,14.96743,14.6426,31.14042,True
1237657629527179422,177.414592090165,52.2905770835323,5.828612,0.05253523,GALAXY,18.42415,16.67799,15.85509,15.44928,15.15804,26.79423,True
1237657629527441615,178.337526801474,52.3453274197225,8.803855,0.0485936,GALAXY,17.59004,16.31492,15.72236,15.3327,15.10869,13.0227,True
1237657629527441641,178.435321899934,52.4422970570052,4.254155,0.1122133,GALAXY,20.2819,18.29764,17.28523,16.82225,16.46641,13.28019,False
1237657629527572611,178.795637101068,52.5261219674018,8.146977,0.04786553,GALAXY,18.5532,17.30307,16.85614,16.58435,16.44163,12.37091,True
1237657629527638184,179.066576149846,52.5134124697219,11.79125,0.06126088,GALAXY,17.34545,15.71817,14.91637,14.47927,14.14677,25.98306,True
1237657630064115806,177.477341468901,52.7886958952833,4.05019,0.1706685,GALAXY,20.59268,18.55745,17.4831,17.05927,16.80223,11.88641,False
1237657630064377878,178.545488260647,52.8528545424589,10.06319,0.069856,GALAXY,18.06583,16.33236,15.50366,15.07733,14.79118,20.48201,True
1237657630064377944,178.453509211941,52.8058444335451,8.532556,0.07160952,GALAXY,18.76246,16.96682,16.11907,15.71592,15.39481,18.13534,True
1237657630064377950,178.444489053563,52.9037050416837,8.574914,0.04993337,GALAXY,17.94766,16.02809,15.16381,14.75988,14.44673,33.51744,True
1237657630064377973,178.501265902798,52.9214396982902,9.630362,0.07136904,GALAXY,17.50262,16.12642,15.46065,15.08178,14.85576,19.74495,True
1237657630064377997,178.557270107997,52.8724929782073,5.435215,0.07920352,GALAXY,19.23281,17.8823,17.30449,16.9554,16.72368,10.45492,True
1237657630064378020,178.623962951278,52.7701199383178,5.053993,0.06944498,GALAXY,18.59169,16.71044,15.84659,15.4281,15.11517,26.68872,True
1237657630064443410,178.707434677206,52.8143753081479,14.3398,0.06939342,GALAXY,18.73114,16.76983,15.87328,15.44767,15.18568,21.03027,True
1237657630064443555,178.834439572863,52.8542670060303,7.492473,0.06599836,GALAXY,18.47566,17.19428,16.6107,16.25035,16.10081,10.43164,True
1237657630064443564,178.826369430252,52.8885570614963,4.412394,0.07037053,GALAXY,19.02716,17.99744,17.59211,17.29509,17.20026,10.44669,True
1237657630064443583,178.883317552094,52.9064369352912,4.601208,0.06886017,GALAXY,19.41471,18.21577,17.60997,17.25464,17.07225,11.11939,True
1237657630601117758,178.039199985955,53.316694759496,9.932581,0.05579462,GALAXY,17.62626,16.09797,15.49272,15.13506,14.90622,21.8554,True
1237657630601117866,178.09567680572,53.1603459183782,5.173989,0.07866825,GALAXY,18.80449,17.58381,16.98415,16.60001,16.40846,12.78178,True
1237657775002943682,128.115456918904,35.4233691225044,4.142734,0.1770587,GALAXY,20.67726,18.77122,17.62882,17.12695,16.77557,13.62714,False
1237657775003009217,128.300498093467,35.4861653811336,5.280511,0.0639841,GALAXY,19.24179,17.74592,17.03771,16.60889,16.3051,16.21275,True
1237657775539945655,128.101185530067,35.8599779321736,7.008595,0.1367725,GALAXY,19.32298,17.63479,16.65961,16.15729,15.8017,16.23231,False
1237657855536267332,180.355736050813,51.52179883025,3.70954,0.06339796,GALAXY,19.59426,17.97045,17.1684,16.7843,16.50211,18.13194,True
1237657855536267365,180.511108183205,51.5334109436313,3.942472,0.1179703,GALAXY,19.65911,18.36685,17.62517,17.2359,16.91954,10.98415,False
1237657855536267368,180.524856721615,51.5021513156905,6.124317,0.08664932,GALAXY,19.02544,17.03729,16.06863,15.62817,15.28486,26.10537,True
1237657855536267372,180.52046059854,51.5630749375485,4.098146,0.1182174,GALAXY,20.27463,18.25872,17.21884,16.77238,16.40401,15.11291,False
1237657855536332812,180.548932853588,51.4059997496784,3.952415,0.09239601,GALAXY,19.23328,17.15302,16.17751,15.76731,15.40603,28.50798,True
1237657855536332889,180.580836623997,51.4719193990779,4.297298,0.1504875,GALAXY,20.31839,18.34967,17.19845,16.73237,16.3618,15.75461,False
1237657855536529562,181.276819700723,51.3950177054993,6.999181,0.09470347,GALAXY,19.33084,17.49048,16.5293,16.13655,15.7908,19.78326,True
1237657855536529570,181.277760051743,51.4616813555875,10.7839,0.08483206,GALAXY,18.37766,16.46178,15.48055,15.00627,14.61988,22.34871,True
1237657855536529593,181.308352518536,51.4391660499414,5.154814,0.08565978,GALAXY,20.26219,18.22747,17.27135,16.85207,16.51207,11.43519,True
1237657855536660536,181.776897198774,51.5965609789392,3.866418,0.09092703,GALAXY,19.3915,18.06814,17.40741,17.01811,16.7792,14.88214,True
1237657856073334904,181.021567953245,52.0057451713778,5.361058,0.07273245,GALAXY,19.32209,17.98068,17.51597,17.18492,16.97638,10.73358,True
1237657856073334961,181.186415368945,51.8994905870936,3.466753,0.09231484,GALAXY,18.56297,17.26635,16.60645,16.23299,15.94577,23.04725,True
1237657856073334966,181.199841408709,51.852275777396,5.491903,0.06045033,GALAXY,18.40462,16.64629,15.83499,15.42728,15.08161,27.47151,True
1237657856073465970,181.679221517449,51.869620471445,5.224436,0.1780116,GALAXY,20.7132,18.76086,17.51948,17.05001,16.66291,10.74656,False
1237657856073531548,181.799067951959,51.9242158570683,5.167392,0.177734,GALAXY,19.9799,18.36852,17.27206,16.77945,16.42893,12.20454,False
1237657856609222752,177.468972307255,52.2606572824491,4.648572,0.09470964,GALAXY,18.98229,17.78184,17.15172,16.83414,16.63958,11.92603,True
1237657856609484933,178.346166731333,52.2981335192681,3.271205,0.07861024,GALAXY,20.353,18.40849,17.44353,17.00683,16.68885,14.55408,True
1237657856609943641,179.975877134468,52.2904117952242,6.619028,0.07207241,GALAXY,18.74129,16.79775,15.84999,15.41666,15.05126,26.2669,True
1237657856609943686,180.103400668468,52.3378651228292,7.659591,0.09344903,GALAXY,17.46338,16.3766,15.75089,15.38008,15.14045,23.55113,True
1237657856609943699,180.131977360368,52.3305242404527,7.119534,0.09315471,GALAXY,18.08353,16.87779,16.25587,15.91107,15.67955,17.31098,True
1237657856610009191,180.247805415189,52.2431373464353,6.034384,0.1164162,GALAXY,19.4822,17.49404,16.49559,16.05942,15.71009,19.28745,False
1237657856610009196,180.271003140562,52.2497718764987,8.700965,0.1154917,GALAXY,19.21402,17.38938,16.30616,15.78485,15.30747,13.34858,False
1237657856610205894,181.182043130645,52.3372589743922,4.521584,0.08810093,GALAXY,19.59322,17.95299,17.31768,16.88138,16.69844,13.22016,True
1237657856610271324,181.194783623788,52.3219434170816,5.768746,0.1693245,GALAXY,19.15629,18.1027,17.36858,16.97761,16.72812,13.76542,False
1237657856610271362,181.313246798337,52.3178608019184,3.214912,0.07797503,GALAXY,19.84426,18.10617,17.1825,16.79106,16.47802,18.99778,True
1237657856610336922,181.674909442501,52.3170475462039,7.197517,0.08259372,GALAXY,18.83889,17.20153,16.37354,15.98877,15.68962,12.31397,True
1237657857146159221,177.660087880441,52.5309458497244,4.297264,0.1106831,GALAXY,19.42878,18.04672,17.33542,16.93995,16.68833,12.17777,False
1237657857146224750,177.717078758838,52.6174182544691,5.123445,0.06680699,GALAXY,18.87193,17.74402,17.29054,16.96572,16.86743,10.01555,True
1237657857146224813,177.863974300649,52.6963400723697,4.224132,0.1712172,GALAXY,20.62657,18.40701,17.1972,16.70773,16.31251,14.59461,False
1237657857146355777,178.377427367961,52.6894438325452,18.56028,0.07163902,GALAXY,17.47275,15.54111,14.58843,14.18748,13.83214,29.75467,True
1237657857146421407,178.431351977568,52.7236282281072,10.27856,0.0787883,GALAXY,18.16366,16.74752,16.04779,15.69445,15.44412,13.1271,True
1237657857146421426,178.547085076721,52.5866725268534,3.38159,0.07123342,GALAXY,19.96497,17.94934,17.04833,16.60892,16.31839,17.37195,True
1237657857146421444,178.550630515738,52.6911492552137,5.608247,0.06456379,GALAXY,18.55886,16.61115,15.72676,15.3258,15.02383,29.14606,True
1237657857146421452,178.581252293205,52.6946080122744,5.014575,0.06297518,GALAXY,18.90999,16.96147,16.04751,15.60809,15.2903,26.461,True
1237645943978655982,55.8147588284992,0.998027448709593,4.560426,0.1001597,GALAXY,19.80442,18.22081,17.36597,16.85783,16.49876,14.97712,False
1237645943978655993,55.8319963341421,0.890833609147749,3.984653,0.1004212,GALAXY,19.45624,17.6463,16.66085,16.17872,15.78058,24.67508,False
1237645943978721492,55.8883028822129,0.996131969430339,5.325776,0.2340349,GALAXY,21.97339,19.25714,17.66804,17.13443,16.7034,12.07994,False
1237648720143057096,148.214273826621,-1.00169913986018,3.717712,0.09255239,GALAXY,20.20339,18.33258,17.36991,16.95346,16.59197,15.02925,True
1237648720143057118,148.232122708011,-0.863635756069868,3.287077,0.1460121,GALAXY,20.6585,18.83451,17.73832,17.29995,16.92471,11.24089,False
1237648720143057124,148.24549709385,-0.97317727266648,5.86706,0.04863385,GALAXY,18.06462,16.90013,16.40897,16.08534,15.8518,20.48939,True
1237648720143057136,148.121562041614,-1.03202593983416,5.657009,0.1621596,GALAXY,20.06697,18.39047,17.26628,16.76237,16.36821,10.54067,False
1237648720143122520,148.265679074849,-0.960254870827298,3.07193,0.04852381,GALAXY,19.28344,18.13924,17.66454,17.36842,17.17779,14.21907,True
1237648720143122615,148.384960043677,-0.941452431840223,3.816362,0.08325355,GALAXY,19.76841,17.84013,16.91057,16.48621,16.16002,21.18382,True
1237648720143122623,148.394539945078,-0.887741520902375,5.550414,0.13728,GALAXY,19.95461,17.92927,16.84707,16.32904,15.91534,13.47603,False
1237648720143253703,148.650658231596,-1.03564218992745,5.700664,0.1642807,GALAXY,20.72683,18.33338,17.09788,16.57736,16.20648,13.99463,False
1237648720144040072,150.355141733307,-0.880357361936855,5.41255,0.1685575,GALAXY,20.29642,18.34182,17.11119,16.58401,16.1605,11.74623,False
1237648720144040094,150.405833096303,-0.943491695960046,10.27166,0.04726475,GALAXY,18.7589,17.2234,16.60966,16.21881,15.86789,10.09472,True
1237648720144040126,150.461261220419,-0.846551572960779,3.106287,0.1361056,GALAXY,20.2925,18.29615,17.20365,16.74326,16.3592,16.76721,False
1237648720680190139,148.783377602772,-0.565699048004478,4.192863,0.1100083,GALAXY,19.43772,17.6721,16.73163,16.25163,15.89293,20.98598,False
1237648720680255563,148.879982167471,-0.467239418749006,4.870155,0.03220713,GALAXY,18.33179,16.48593,15.64949,15.24556,14.91479,31.11094,True
1237648720680321224,149.019761632542,-0.596428546241601,5.101101,0.08421674,GALAXY,18.85496,16.8428,15.86345,15.41568,15.05105,28.59773,True
1237648720680321231,149.043837639041,-0.62280948885766,7.723313,0.09358854,GALAXY,19.05885,17.69846,17.00149,16.59719,16.30994,11.37811,True
1237648720680452107,149.300073208994,-0.424274813966917,4.156061,0.08885787,GALAXY,18.83725,17.23633,16.41119,15.98594,15.67349,23.36869,True
1237648720681173181,150.96998320019,-0.620946867170594,3.812866,0.1226063,GALAXY,19.39655,18.17027,17.47177,17.02669,16.73509,11.96751,False
1237648720681238732,151.196138284289,-0.628563181223924,3.948994,0.09412583,GALAXY,19.54979,18.09357,17.32069,16.92555,16.6315,12.07263,True
1237648720681304250,151.297603718585,-0.606242830205429,4.102719,0.1924806,GALAXY,20.99016,18.90373,17.60553,17.10963,16.7472,10.31021,False
1237648720681304271,151.326063128662,-0.448103995155593,3.255151,0.2011759,GALAXY,21.05041,19.05051,17.74553,17.28994,16.92278,10.47404,False
1237648721216929816,148.432907767649,-0.0902145836683082,3.459484,0.08336419,GALAXY,17.45574,16.64223,16.31715,16.12166,15.90564,37.19881,True
1237648721217061050,148.775584930954,-0.141190273627364,3.188982,0.07679157,GALAXY,20.00356,18.01243,17.08386,16.64997,16.34101,19.18866,True
1237648721217061052,148.791662000458,-0.0210107386481626,6.302457,0.08521271,GALAXY,19.68263,18.07706,17.21296,16.71471,16.35929,10.08324,True
1237648721217061096,148.842064862142,-0.0723382159246962,4.161527,0.08461425,GALAXY,20.18979,18.30397,17.38949,16.98343,16.6574,13.40983,True
1237648721217061098,148.84253281479,-0.0440964206188018,4.106896,0.08525094,GALAXY,19.98429,17.96647,16.94775,16.46749,16.06803,17.37746,True
1237648721217126584,148.856648736504,-0.059143833405223,6.043086,0.08821983,GALAXY,19.4167,17.41965,16.4329,15.99358,15.60899,19.31353,True
1237648721217126671,148.953647247778,-0.0971220092440175,15.14887,0.08395238,GALAXY,17.5752,15.60245,14.63883,14.21344,13.85449,37.90376,True
1237648721217126706,148.954835044029,-0.0020868674363978,3.945568,0.1248562,GALAXY,19.46765,18.27505,17.58648,17.20614,16.94212,11.39415,False
1237648721217126716,148.969147277878,-0.179067361324902,4.079509,0.08323718,GALAXY,20.42192,18.09765,17.16615,16.73039,16.38187,19.40262,True
1237648721217126725,148.979492200151,-0.190281126634072,7.426924,0.02094694,GALAXY,18.53193,16.55182,15.60538,15.06845,14.60923,25.04636,True
1237648721217192171,149.046199473057,-0.0776232423474475,7.673226,0.06491762,GALAXY,18.30225,16.33124,15.45522,15.04751,14.71332,34.6907,True
1237648721217192192,149.059413644455,-0.0206452790584532,8.053799,0.06502754,GALAXY,18.19977,16.18921,15.25671,14.82799,14.46648,32.66224,True
1237648721217192199,149.062686383358,-0.0291918022548227,4.797688,0.06383968,GALAXY,18.56549,17.29849,16.68588,16.31239,16.0597,20.63968,True
1237648721217257674,149.218888861389,-0.0848485169316204,8.863155,0.1391594,GALAXY,20.46592,18.49007,17.39082,16.92711,16.55138,11.79982,False
1237648721217257691,149.234845690442,-0.0740349660172151,5.626683,0.06983577,GALAXY,18.71194,17.38428,16.72403,16.34995,16.0904,16.09182,True
1237648721217978556,150.79219928376,-0.100939316367723,5.054527,0.1969385,GALAXY,20.49074,18.65481,17.37543,16.8611,16.52613,11.81103,False
1237648721218109642,151.220749066075,-0.05833497845554,18.34707,0.02147727,GALAXY,17.58076,16.14459,15.45339,15.06927,14.79169,11.56472,True
1237648721218109656,151.237577202538,-0.0235052993285494,3.060199,0.06686294,GALAXY,19.56834,17.50851,16.57809,16.14628,15.78695,24.04321,True
1237648721753538824,147.864590042975,0.255910736865939,11.17563,0.0858379,GALAXY,19.01005,17.4565,16.64985,16.12796,15.78517,11.42953,True
1237648721753538850,147.895255988866,0.255656057398816,4.661143,0.08539967,GALAXY,18.96667,16.99418,16.01497,15.57269,15.20947,28.42084,True
1237648722289557665,145.937743251123,0.672064271033784,6.154478,0.1434542,GALAXY,20.85571,18.93751,17.69973,17.21035,16.76273,10.29888,False
1237648722289623248,146.016869509319,0.71679597234665,4.362741,0.03516901,GALAXY,19.2669,17.30498,16.34389,15.88671,15.51674,26.0619,True
1237648720142139625,146.093435671409,-1.00818107996207,3.081083,0.06589106,GALAXY,20.06977,18.32167,17.51046,17.12522,16.83066,15.71247,True
1237648720142270656,146.432797355117,-0.987378009062472,3.590598,0.1404723,GALAXY,20.43741,18.42003,17.31446,16.85592,16.49146,15.94299,False
1237648720142336185,146.51281767756,-0.84578295276744,9.461358,0.06490172,GALAXY,17.37162,16.17903,15.5015,15.05806,14.78616,24.35292,True
1237648720142336237,146.571322012569,-0.957206943582653,8.935108,0.06518305,GALAXY,18.5427,17.0509,16.25521,15.79538,15.45037,16.72298,True
1237648720143712324,149.654673480524,-0.92950537317698,9.183173,0.06139873,GALAXY,17.67831,15.62343,14.68135,14.21932,13.86801,38.14529,True
1237648720143712465,149.646438224128,-0.915968123637987,5.180018,0.06053571,GALAXY,19.56628,17.77236,16.90207,16.52229,16.21778,15.23812,True
1237648720145416288,153.509798588881,-0.891685474557746,4.532525,0.0448721,GALAXY,19.10999,17.1925,16.28523,15.87091,15.53726,24.20485,True
1237648720145416349,153.603378121227,-0.874026992747964,30.48748,0.09769554,GALAXY,19.49077,17.53573,16.53602,16.09453,15.77519,16.11104,True
1237648720145416474,153.540018643671,-0.8683832929666,4.308914,0.04596619,GALAXY,19.01592,17.21737,16.36308,15.96802,15.64436,26.03246,True
1237648720145416478,153.556596500941,-0.888660136125322,3.523816,0.04484872,GALAXY,19.4264,17.58161,16.70197,16.3038,15.97732,23.33371,True
1237648720145416509,153.583220263523,-0.858475024380288,5.165536,0.04957389,GALAXY,19.33736,17.47616,16.63656,16.25256,15.95621,14.674,True
1237648720679338241,146.864323882311,-0.464067816616998,3.994327,0.06510994,GALAXY,19.17866,17.87613,17.18678,16.72502,16.46977,13.65406,True
1237648720682418354,153.855929410489,-0.613278254147395,3.063227,0.0440147,GALAXY,19.96288,18.27086,17.50739,17.13943,16.86249,14.53201,True
1237648720682483855,153.949939816515,-0.458874154438609,5.818014,0.1234957,GALAXY,18.80463,17.62592,16.89912,16.51163,16.24456,13.86755,False
1237648720682483961,154.066878158545,-0.495844829747426,3.121778,0.107872,GALAXY,19.25523,18.06884,17.4809,17.08892,16.88343,15.01167,False
1237648721216209055,146.811996193846,-0.1900383146915,4.522445,0.06215091,GALAXY,19.61221,17.55931,16.56294,16.0865,15.7095,22.68423,True
1237648721216405657,147.24801770212,-0.0357085690947416,4.708797,0.08419658,GALAXY,20.38689,18.09273,17.01718,16.50344,16.11856,17.61474,True
1237648721217716259,150.236207799024,-0.106483009206982,5.778851,0.1054762,GALAXY,19.3397,17.51147,16.53505,16.11361,15.77571,21.67512,False
1237648721217716302,150.28976277301,-0.0795036304952191,10.56441,0.04526348,GALAXY,17.49319,15.53202,14.58186,14.11206,13.79795,41.54018,True
1237648721217716327,150.285786378341,-0.193478225913073,5.600917,0.04565933,GALAXY,19.24612,17.79707,17.1165,16.71693,16.42833,10.57859,True
1237648721217716376,150.208211947633,-0.149159040367351,8.375134,0.04281429,GALAXY,17.52312,16.11988,15.57625,15.25449,15.03674,22.58787,True
1237648721217716396,150.227080685373,-0.0311082409736053,6.238085,0.09491993,GALAXY,19.0446,17.59115,16.84054,16.42082,16.12059,14.00336,True
1237648721217716426,150.255640129382,-0.0638114428004802,4.109788,0.09239345,GALAXY,18.87419,17.43731,16.71679,16.30246,16.0468,21.19518,True
1237648721217716445,150.280206118054,-0.0440685941959203,3.643009,0.08847246,GALAXY,19.70678,17.64249,16.67945,16.2367,15.87246,23.09312,True
1237648721217716475,150.294866402111,-0.107150832635817,3.290154,0.09199978,GALAXY,18.72972,17.72304,17.39474,17.12132,17.04659,18.69503,True
1237648721217716496,150.300999708867,-0.00660017094999338,4.673938,0.03264355,GALAXY,19.38931,17.99117,17.408,17.10687,16.81655,12.47731,True
1237648721217716499,150.30310222868,-0.0888959258192594,9.305048,0.09508175,GALAXY,18.88476,17.13399,16.238,15.78741,15.45085,15.73928,True
1237648721217716525,150.319182966186,-0.0307148341865415,4.678749,0.03270648,GALAXY,18.88212,17.80796,17.38452,17.13389,17.00496,11.36886,True
1237648721217716546,150.335375820752,-0.182863726304489,4.52183,0.08995679,GALAXY,19.03924,17.2045,16.2881,15.84864,15.48375,27.27315,True
1237648721217781903,150.34505057947,-0.1570417874011,4.913276,0.09086309,GALAXY,19.25753,17.87042,17.3089,16.9436,16.73668,10.74533,True
1237648721219354811,154.002658423186,-0.112700987831629,3.298928,0.05991426,GALAXY,19.09596,17.07662,16.16983,15.72136,15.34942,29.27703,True
1237648721219420325,154.100204897547,-0.105896354232177,3.202853,0.09431144,GALAXY,20.09166,18.12395,17.13521,16.67594,16.28782,18.64363,True
1237648721753538747,147.934830636614,0.26842111779419,5.625272,0.09143651,GALAXY,19.73854,17.91434,17.02223,16.60932,16.24889,15.88696,True
1237648721753538898,147.945349412756,0.330468514369049,9.994789,0.0844093,GALAXY,18.3126,16.54343,15.65867,15.23051,14.87113,25.85291,True
1237648721753604290,148.006283551025,0.348855852622249,3.226025,0.0796707,GALAXY,20.21796,18.29025,17.38269,16.98769,16.71031,14.86057,True
1237648721753604358,148.058718723753,0.235931341853374,6.164614,0.08517714,GALAXY,18.90142,16.91346,15.93626,15.49382,15.12776,29.89644,True
1237648721753669653,148.134517475554,0.235816361648197,4.801411,0.08571817,GALAXY,18.93353,16.98117,16.04544,15.60755,15.27932,27.3604,True
1237648721753669808,148.146365305415,0.249043874575453,5.225756,0.08185273,GALAXY,18.8115,17.67166,17.08666,16.44283,16.44788,17.5143,True
1237648721753669817,148.156767996223,0.308844017429712,6.816989,0.07949528,GALAXY,19.08723,17.12725,16.21387,15.77308,15.43097,22.16795,True
1237648721753735313,148.252206894227,0.240866844931146,3.740018,0.08612102,GALAXY,20.00364,18.13887,17.20021,16.7514,16.39611,18.59154,True
1237648721753735318,148.25574971788,0.296383080274141,4.227385,0.1562096,GALAXY,20.57075,18.58473,17.42564,16.94927,16.56984,15.96417,False
1237648722290475142,147.964708322156,0.658327868036492,3.772028,0.143366,GALAXY,19.90261,17.99123,17.05153,16.63927,16.33698,18.13944,False
1237648722290475152,147.975250598208,0.714011082881111,3.531317,0.1641842,GALAXY,20.97913,18.78318,17.56469,17.09448,16.72821,13.22717,False
1237648722290540656,148.188100804729,0.751631418526323,3.604766,0.02616739,GALAXY,17.95381,17.28597,17.12378,17.04028,16.88636,17.60198,True
1237648722290606324,148.307937651401,0.628534352846503,4.416645,0.09272406,GALAXY,19.76967,18.02778,17.19939,16.77106,16.47766,15.51593,True
1237648722290606343,148.317821455406,0.666697601915336,4.407884,0.09370408,GALAXY,20.08422,17.91347,16.81705,16.28374,15.85537,18.47433,True
1237648722290606356,148.335241597554,0.720646674802786,5.900882,0.02078303,GALAXY,18.46292,17.40333,16.94285,16.68523,16.48422,13.54318,True
1237648722290671761,148.429695952883,0.666506683237942,4.472583,0.09665815,GALAXY,19.81827,18.24103,17.33576,16.91025,16.57806,10.67661,True
1237648722827280442,147.895864049868,1.11206684666239,7.351241,0.02054176,GALAXY,17.17308,15.295,14.46127,14.04805,13.74491,44.81456,True
1237648722827280657,147.89257129107,1.13884093128489,6.995617,0.06179937,GALAXY,19.14367,17.45354,16.57049,16.12348,15.79759,17.04412,True
1237648722827346152,147.985562493089,1.11098538316719,3.485804,0.06204342,GALAXY,18.95387,16.9544,15.98638,15.52592,15.15781,31.2076,True
1237650794609442930,146.323514726894,-1.18085420698515,3.258952,0.08926281,GALAXY,19.57475,17.8407,17.09549,16.75382,16.52479,16.40035,True
1237648722289950980,146.852497989787,0.68702538531147,4.708382,0.06253826,GALAXY,19.9435,18.01724,17.05776,16.62575,16.27789,14.20203,True
1237648722290278576,147.500039287053,0.644921446082602,3.900297,0.09785258,GALAXY,19.63676,18.09502,17.44678,17.07461,16.7957,11.36135,True
1237648722290278627,147.56857786828,0.706088740541472,3.85356,0.2205509,GALAXY,19.83328,18.49483,17.4963,17.03184,16.75129,11.11584,False
1237648722290344082,147.671011225534,0.667272793474115,4.022226,0.08665648,GALAXY,19.23989,18.14667,17.70473,17.36212,17.27708,10.09088,True
1237648722290344109,147.700498175529,0.82955972053438,4.838325,0.1420789,GALAXY,19.76191,17.82091,16.73601,16.27298,15.9029,19.80429,False
1237648722290344133,147.728942398481,0.769706786727907,3.896558,0.09342141,GALAXY,19.49921,17.47877,16.48082,16.02574,15.6892,21.55394,True
1237648722826821732,146.767611713119,1.07468925506464,4.495751,0.08557262,GALAXY,19.90633,18.18135,17.22556,16.77164,16.44748,15.0125,True
1237648722827215020,147.709148160534,1.14823390281402,7.446817,0.06144949,GALAXY,18.30998,16.39885,15.44522,15.02465,14.67003,28.89934,True
1237648722827346124,147.956744691739,1.14280279273012,4.12357,0.06441984,GALAXY,19.88029,17.93231,16.98097,16.54883,16.20587,18.2288,True
1237648722827346177,148.015811899036,1.1484200396361,3.302843,0.06410416,GALAXY,19.53428,17.69969,16.82242,16.41954,16.08924,20.94654,True
1237650794610163873,147.944566026761,-1.22335923049608,5.903252,0.1219072,GALAXY,19.7028,18.0252,17.06376,16.5836,16.21603,12.51656,False
1237650794610360490,148.381822820236,-1.20663976562212,3.247986,0.08964385,GALAXY,20.57207,18.55171,17.60183,17.20345,16.87188,13.61494,True
1237650795147165899,148.237680975064,-0.79196717766555,6.192253,0.08978136,GALAXY,18.69999,16.62315,15.6226,15.17109,14.8086,31.98139,True
1237650795147165945,148.266866057465,-0.78331699188777,4.600554,0.08944994,GALAXY,19.91719,17.87196,16.89435,16.43844,16.0946,16.38975,True
1237650795147296873,148.465684828543,-0.825165635759881,5.530868,0.1069756,GALAXY,19.48157,17.43959,16.38665,15.90888,15.5377,21.785,False
1237650795684168020,148.584461556938,-0.335590137102272,5.232089,0.06881656,GALAXY,19.41739,17.68994,16.83437,16.4121,16.07137,20.38651,True
1237650796219924616,145.939699621309,0.116911696391069,4.027347,0.1454365,GALAXY,19.49245,18.20696,17.44244,17.01279,16.76972,13.39976,False
1237650796219924631,145.956250242286,0.199401384693364,5.847335,0.1445547,GALAXY,19.64035,17.92587,16.81595,16.31913,15.91554,12.98687,False
1237650796219924667,146.006035739946,0.1454650142513,5.86339,0.1271269,GALAXY,20.45045,18.18838,16.91344,16.37456,15.92777,17.62568,False
1237650796220186852,146.616745776403,0.137878297739803,5.353669,0.09155164,GALAXY,20.44929,18.46793,17.34797,16.85969,16.47566,12.64974,True
1237650796756861065,146.050971601406,0.440112565508523,5.081997,0.08006686,GALAXY,18.7352,17.50551,16.88299,16.43497,16.20848,15.85605,True
1237650796757647516,147.865625723879,0.502012284871117,7.122881,0.08063073,GALAXY,18.80165,16.93778,16.01687,15.51175,15.14538,24.61081,True
1237650797293994195,146.777925432119,1.03958690086452,4.008282,0.0864859,GALAXY,19.28378,17.28391,16.22545,15.75459,15.38213,30.14817,True
1237650797294059653,146.816246136973,0.944088514372433,11.73475,0.06297942,GALAXY,19.66321,17.47826,16.43077,15.93763,15.54225,15.02758,True
1237650797294518398,147.910761830599,1.03199212936061,3.607027,0.09392655,GALAXY,20.10296,18.22556,17.22408,16.7621,16.38991,16.1201,True
1237651066280804648,192.416858282504,64.8150159095576,5.899141,0.1118875,GALAXY,19.45997,17.58441,16.61622,16.20238,15.85447,25.69848,False
1237651752385577176,147.740239613489,0.863144797473649,7.583514,0.02513117,GALAXY,17.97391,16.82672,16.23739,15.94267,15.67652,20.27508,True
1237651752385577215,147.789925581079,0.916181603419763,10.3292,0.09404112,GALAXY,19.26065,17.42687,16.55634,16.11841,15.80029,12.79756,True
1237651752385642628,147.855620051236,0.932113995306349,3.000041,0.1164241,GALAXY,19.53612,18.27281,17.49453,17.05974,16.76248,16.44243,False
1237651752922448014,147.692025987188,1.17951293014003,5.179849,0.06219256,GALAXY,18.95589,16.94027,16.05405,15.64329,15.32157,27.67522,True
1237651752922448044,147.725910030087,1.19268680029457,4.922669,0.02833657,GALAXY,18.62317,17.71469,17.46498,17.32793,17.22648,15.2733,True
1237651754004643948,166.998419948197,2.42136016133786,3.81071,0.1059894,GALAXY,20.12251,18.1721,17.09661,16.60981,16.19666,16.73825,False
1237651754004643962,167.021975327445,2.44830448321775,4.130579,0.08614741,GALAXY,18.45223,17.5126,17.12804,16.77934,16.69508,15.25703,True
1237651754004709459,167.087845589692,2.4202696312883,4.490107,0.1583356,GALAXY,19.54402,18.02135,17.06813,16.5767,16.25093,16.1144,False
1237651754004709493,167.16762101641,2.399327713549,4.154727,0.1593054,GALAXY,20.24168,18.13717,16.96246,16.45851,16.11911,17.27912,False
1237651754541056183,166.008964806974,2.91385979825381,6.632602,0.1568699,GALAXY,20.31422,18.33863,17.14341,16.66355,16.29568,11.59278,False
1237651754541449400,166.810510417042,2.88323791215562,3.802934,0.07611869,GALAXY,20.08272,18.02875,17.05465,16.57568,16.22991,14.43821,True
1237651754541449427,166.832170809214,2.97235447725404,13.64232,0.07504988,GALAXY,18.07762,16.12052,15.17248,14.70606,14.38009,21.49124,True
1237651754541449450,166.832776816085,2.99055208548041,5.40338,0.07613032,GALAXY,19.24112,17.3042,16.3119,15.83719,15.48308,20.86219,True
1237651754541449496,166.873717281196,2.91065053038821,7.215106,0.07540921,GALAXY,18.15733,16.22695,15.27201,14.8051,14.45611,26.24853,True
1237651754541449515,166.881174278674,3.0071684106552,16.28945,0.07507169,GALAXY,18.4045,16.56646,15.62169,15.1739,14.8281,20.04537,True
1237651754541514909,167.004309225673,2.94502275465204,5.145761,0.1579013,GALAXY,19.92672,17.98028,16.81411,16.30613,15.93459,16.31849,False
1237651755078189266,166.590450564703,3.30215584623796,3.031242,0.1573964,GALAXY,20.79477,18.81153,17.65001,17.13448,16.76477,12.04804,False
1237651755078320278,166.87726419543,3.25615245923369,3.731771,0.1584494,GALAXY,20.78301,18.52198,17.35279,16.83755,16.43688,12.94964,False
1237651755078385778,166.931072534253,3.26925027067283,10.66678,0.06123605,GALAXY,17.41822,16.16664,15.60002,15.2278,15.00598,15.20266,True
1237651799622746222,148.279804639957,-1.06090337941885,6.892754,0.08355071,GALAXY,19.25151,17.22908,16.26937,15.81244,15.5027,20.88408,True
1237651799622746245,148.317549231069,-1.05052997716604,3.892603,0.1393791,GALAXY,20.70906,18.68895,17.56569,17.09862,16.73622,12.94066,False
1237651799622746278,148.357100160015,-1.0615117753477,8.347433,0.08362079,GALAXY,18.47497,16.8116,15.93158,15.47065,15.18444,24.73174,True
1237651800160862448,151.221252510227,-0.677094995468758,8.79272,0.09589524,GALAXY,18.85701,16.90928,15.96096,15.53154,15.20855,20.1427,True
1237651800160862539,151.21525157006,-0.64142813363984,6.925902,0.1959435,GALAXY,20.89232,18.80289,17.45426,16.94747,16.56167,10.84107,False
1237651800160927863,151.233788423417,-0.709552532657369,6.025908,0.08463703,GALAXY,18.91574,16.81844,15.85894,15.42605,15.09512,27.81557,True
1237651800696750245,148.873575816535,-0.290583056131871,4.731349,0.1354369,GALAXY,19.40689,17.93353,17.15309,16.76554,16.51284,13.2103,False
1237651800696815647,149.019738294508,-0.239856707492239,4.743517,0.08186871,GALAXY,18.83104,17.3871,16.63991,16.24669,15.95872,18.26971,True
1237651800696815746,149.006978081412,-0.241047057203877,7.50178,0.08371498,GALAXY,18.98572,17.12658,16.17668,15.76165,15.42386,22.05252,True
1237651800696815807,149.049313115831,-0.303153876834333,3.936123,0.08697634,GALAXY,19.47743,17.85207,17.06726,16.68358,16.39929,15.98443,True
1237651800696815831,149.090206729947,-0.251427074082198,8.007872,0.02139691,GALAXY,17.74933,16.50113,15.89778,15.60806,15.32293,23.77202,True
1237651800696881341,149.270670758372,-0.26408775774688,3.865897,0.08808289,GALAXY,20.19009,18.55148,17.67355,17.2309,16.89639,11.78893,True
1237651800696946882,149.3111328791,-0.310497167527734,5.136015,0.08841926,GALAXY,19.10538,17.49843,16.70475,16.29281,15.98952,21.34893,True
1237651801233686675,149.01062697576,0.139731090337452,3.383056,0.0745739,GALAXY,19.52171,17.7776,16.92644,16.44943,16.09857,19.35647,True
1237651801233686759,149.112540383361,0.129711336284537,7.023521,0.04578607,GALAXY,18.08406,16.839,16.27883,15.9043,15.68307,19.40248,True
1237651801769902260,147.490832399691,0.531001383577837,3.466765,0.07289765,GALAXY,20.37084,18.47411,17.52296,17.05615,16.78601,11.87111,True
1237651801769902301,147.524879608828,0.538819690999692,5.842519,0.0931683,GALAXY,19.56633,17.56542,16.55194,16.10863,15.75758,20.39173,True
1237651801769967819,147.74001885278,0.615669172320483,3.278336,0.1630008,GALAXY,20.69054,18.61621,17.43676,16.99067,16.66669,14.833,False
1237653651836436620,3.49299163879857,14.9549909175642,7.466656,0.07852877,GALAXY,19.11601,17.20334,16.26412,15.81999,15.4722,30.36542,True
1237654029789364456,166.243504240236,2.31894630411784,5.329938,0.1009509,GALAXY,19.37366,17.40415,16.3831,15.95008,15.54842,20.47265,False
1237654029789626523,166.804242326151,2.34516412785089,3.46263,0.1048501,GALAXY,20.54468,18.67679,17.71111,17.29789,16.95282,10.54881,False
1237654029789757659,167.156014686699,2.36569659942115,3.533617,0.1572267,GALAXY,21.06885,18.90508,17.69674,17.20653,16.84054,11.08308,False
1237654029789823079,167.195971496429,2.33561565997382,3.951678,0.1554499,GALAXY,20.48326,18.47126,17.34377,16.87388,16.48302,14.90849,False
1237654030326169738,166.039033939296,2.59107550068428,3.431199,0.08079009,GALAXY,20.05192,18.23235,17.27156,16.81972,16.48497,14.18494,True
1237654030326563051,167.011163933785,2.76709129373506,6.320433,0.1577404,GALAXY,19.74568,17.63997,16.44505,15.95351,15.57258,16.67216,False
1237654030326628563,167.132374734942,2.77874007927901,12.3632,0.07493453,GALAXY,18.26555,16.34916,15.40271,14.97088,14.64421,24.71555,True
1237654030863368418,166.795513293701,3.09903596084269,5.720166,0.07311074,GALAXY,19.15508,17.31796,16.39136,15.90038,15.55077,16.66358,True
1237654030863433917,166.935877539058,3.01148668382515,4.551214,0.07267401,GALAXY,19.5752,17.67661,16.77271,16.35227,16.00396,15.47634,True
1237654599959969925,166.564864181166,3.53928677576806,3.861779,0.1046838,GALAXY,19.8334,18.20351,17.27784,16.82117,16.46681,12.28094,False
1237654600490811603,152.751810656894,3.52144893389173,4.103036,0.1628291,GALAXY,19.28124,18.25031,17.65235,17.2803,17.10414,12.15964,False
1237654600492056737,155.550728316814,3.62535631352101,3.777797,0.09929995,GALAXY,18.92445,17.55767,16.86208,16.46673,16.21458,20.34463,True
1237654600492187894,155.846287359299,3.55216314030951,7.020864,0.1923966,GALAXY,21.09759,18.58766,17.26112,16.73867,16.36981,11.56551,False
1237654600492187922,155.894977739426,3.60925495373407,10.97451,0.2101167,GALAXY,20.01427,17.80635,16.41159,15.9009,15.54207,13.19231,False
1237654600492515429,156.523710780685,3.69762469021623,11.17586,0.2025424,GALAXY,20.92416,17.94291,16.54571,16.00912,15.64668,10.498,False
1237654601028010116,153.442236276979,3.93514976552043,3.871079,0.1486334,GALAXY,20.86739,18.64267,17.45034,16.96633,16.59242,11.3871,False
1237654601029058708,155.867241275913,4.15513723923216,4.209461,0.06881604,GALAXY,18.25512,17.21893,16.79593,16.43175,16.3146,18.19942,True
1237654601029124144,155.979684406162,4.02692324486952,6.267162,0.06455752,GALAXY,17.76753,16.48819,15.84686,15.45718,15.22045,28.53996,True
1237654601029124206,156.035047032832,4.00924054915769,3.462796,0.06411809,GALAXY,17.6704,16.68946,16.24588,15.91397,15.76011,27.24472,True
1237654601029189782,156.132184719679,3.9818504507241,5.565895,0.2100011,GALAXY,21.25081,18.80812,17.4693,16.86934,16.46069,11.54093,False
1237654601029255274,156.256689825119,4.03399930861141,11.69621,0.2112272,GALAXY,20.62112,17.85974,16.42494,15.89612,15.57102,12.64454,False
1237654601029320806,156.400832047051,4.02099763974206,4.989758,0.09895498,GALAXY,19.44277,17.62987,16.69922,16.28051,15.93718,18.81536,True
1237654601029320850,156.456823029124,4.05018406123919,3.655544,0.09793255,GALAXY,20.43787,18.6432,17.72133,17.24333,16.89092,11.10436,True
1237654601565339826,154.487934184332,4.46725365863384,6.087553,0.1849727,GALAXY,19.84068,18.0583,16.88979,16.35592,15.97624,14.30386,False
1237654601565405329,154.583400476446,4.41206523027781,3.137689,0.1067856,GALAXY,20.23824,18.26571,17.24469,16.80652,16.45952,20.37772,False
1237654601566191843,156.473136346365,4.50595835092483,5.713148,0.1252874,GALAXY,19.84903,17.7998,16.70396,16.24293,15.87419,17.86606,False
1237654601566257291,156.532981953166,4.50411093233395,4.576558,0.1223378,GALAXY,19.43264,17.63755,16.69767,16.29339,15.97585,18.81409,False
1237654602102997093,156.169502276125,4.97441212356316,4.255672,0.1592419,GALAXY,19.9456,18.37826,17.27063,16.73927,16.35735,12.33176,False
1237654602102997096,156.176058641371,4.86395401325842,6.728201,0.04284115,GALAXY,18.45723,16.66416,15.84653,15.46369,15.17666,27.4994,True
1237654602102997121,156.198094216694,4.8252557704884,4.09514,0.1831834,GALAXY,19.30673,18.19899,17.42376,16.96188,16.76122,12.13692,False
1237654602103062643,156.356225094681,4.9722458568523,7.059189,0.1093346,GALAXY,18.31087,16.9604,16.18942,15.74808,15.4593,16.51122,False
1237654602629316829,132.129329330469,4.06878882025663,5.501229,0.07830053,GALAXY,18.87058,16.95044,15.99321,15.55502,15.2361,26.94706,True
1237654602629382308,132.270148973572,4.07019807563285,7.63175,0.05882929,GALAXY,17.95684,16.24409,15.42296,14.97382,14.64632,26.95805,True
1237654602629382448,132.243318687826,3.92498471767601,4.020137,0.07254878,GALAXY,20.15253,18.42198,17.58783,17.18178,16.89165,12.55753,True
1237654602629447910,132.308753914857,3.93376969377534,4.43844,0.05872738,GALAXY,18.81263,17.567,16.92968,16.56628,16.33113,15.39584,True
1237654602629447950,132.338738911833,4.04608158969418,4.510558,0.07464613,GALAXY,19.4882,17.64989,16.69789,16.25556,15.91447,17.30671,True
1237654602629775544,133.096837292394,4.08069871243129,3.330641,0.07269356,GALAXY,19.30596,17.38563,16.48861,16.07034,15.76423,25.43112,True
1237654601029320725,156.389176493214,4.08130545773829,3.269617,0.1254525,GALAXY,18.59629,17.65694,17.31184,17.05104,16.99604,19.49483,False
1237654601029058641,155.777058126605,4.13454476564229,13.23189,0.04845324,GALAXY,17.42395,16.21058,15.72269,15.43506,15.21771,12.79873,True
1237654601028993229,155.683546247949,4.00681002608415,5.612093,0.04350974,GALAXY,18.71334,16.87908,16.05512,15.65872,15.35734,21.91362,True
1237654601028993224,155.674106947221,4.12210719231759,5.100669,0.1230804,GALAXY,19.83117,18.22835,17.3043,16.78835,16.43102,11.67916,False
1237654600490746023,152.463361756349,3.54735422600461,11.84299,0.0320104,GALAXY,17.16871,15.45189,14.71776,14.33246,14.0442,31.95944,True
1237654031400304755,166.946381215568,3.47380508352856,6.48034,0.04153059,GALAXY,17.42142,16.48038,16.12991,15.89172,15.74521,16.90998,True
1237654031400304684,166.935920899185,3.43801293444174,8.226701,0.04113746,GALAXY,17.14611,16.11339,15.90499,15.6848,15.59238,22.46064,True
1237654030863368367,166.767267284354,3.06371195501035,4.165265,0.1363737,GALAXY,20.04979,18.01981,16.90002,16.38623,15.99359,16.28675,False
1237654030863302792,166.63980185013,3.15990174049371,3.301115,0.1354695,GALAXY,20.60637,18.71234,17.67797,17.23067,16.89378,11.68937,False
1237654030863302762,166.576708361761,3.13707358152629,6.96003,0.05627058,GALAXY,18.12507,16.93835,16.41228,16.08448,15.85909,14.92476,True
1237654030326628458,167.037878090265,2.61350969417546,4.395513,0.1356567,GALAXY,20.43282,18.57744,17.44323,16.91026,16.51067,11.71622,False
1237654030326563061,167.011619488817,2.75147524057368,4.232759,0.135057,GALAXY,20.17183,18.32658,17.30522,16.8649,16.52831,10.45299,False
1237650795146248304,146.079410659265,-0.680957270955823,3.571324,0.06727324,GALAXY,19.09724,17.53215,16.71395,16.2963,15.99664,23.63446,True
1237650795146248321,146.093683842779,-0.793093696168647,8.14686,0.06758517,GALAXY,18.65844,16.76803,15.84377,15.4096,15.08862,30.48366,True
1237650795146248378,146.143567610756,-0.741635350605028,8.960416,0.2038225,GALAXY,20.3737,18.02931,16.60012,16.0758,15.70413,15.58605,False
1237650795146379447,146.44833927528,-0.713431207404615,3.360034,0.1146793,GALAXY,19.01997,17.93048,17.34575,16.88677,16.70497,17.23042,False
1237650796220317797,146.809135995643,0.0263628969962808,6.55267,0.1260304,GALAXY,20.24164,17.97209,16.66847,16.08369,15.61154,16.57214,False
1237650796220842186,148.082814606216,0.203665507379422,10.80823,0.07496258,GALAXY,18.24851,16.72456,15.96619,15.57461,15.27292,17.04331,True
1237650796757647663,147.927994946922,0.494259353226544,5.625169,0.2429659,GALAXY,21.04255,18.83188,17.32951,16.76549,16.47752,11.15894,False
1237651752385708149,147.993313623078,0.936391522339015,4.360214,0.0880089,GALAXY,19.62909,18.37689,17.68291,17.2428,17.02374,10.17387,True
1237651752385708153,148.014343385491,0.871195691366738,4.116875,0.1423475,GALAXY,20.04066,18.07631,16.94797,16.46,16.05084,16.92482,False
1237651755080679585,172.242132545402,3.32048041100544,5.721661,0.05112295,GALAXY,19.90768,17.97986,16.96113,16.38464,15.9849,20.9608,True
1237651799623139453,149.248734001477,-1.0721783250887,3.226188,0.0924287,GALAXY,20.95472,18.62711,17.60444,17.1826,16.82707,13.66023,True
1237651799623270512,149.438334645385,-1.08357409660097,4.209748,0.0848731,GALAXY,19.46197,17.42793,16.38806,15.88897,15.55054,26.93284,True
1237651799623336108,149.688027277633,-1.08563953654208,5.331533,0.2033384,GALAXY,20.84692,18.67612,17.34348,16.81792,16.4754,12.47497,False
1237651799625040248,153.521907029345,-1.09296412843979,4.085854,0.119863,GALAXY,19.86413,18.52905,17.73045,17.28609,17.00882,10.56431,False
1237651799625171282,153.817632806395,-1.12779084288643,6.291471,0.2014655,GALAXY,20.47561,18.62446,17.35106,16.84049,16.48573,11.34503,False
1237651800160206978,149.62760246003,-0.686967691684105,3.929098,0.08544431,GALAXY,20.00197,18.3952,17.40302,16.91487,16.52839,12.72951,True
1237651800162042067,153.82983661085,-0.649924260112161,3.69439,0.0626008,GALAXY,19.93946,18.16895,17.33051,16.91674,16.63248,14.38126,True
1237651800697339950,150.229572665908,-0.211819307669586,8.17505,0.0910074,GALAXY,18.69519,16.74732,15.77685,15.3523,14.99876,21.45028,True
1237651800697340062,150.227828018902,-0.310571244572782,4.583472,0.08794625,GALAXY,19.15013,17.1638,16.21948,15.80673,15.4866,26.27499,True
1237651800697340087,150.267111091804,-0.225780366905349,5.652437,0.09226476,GALAXY,19.54036,17.39617,16.28024,15.75488,15.36571,20.66771,True
1237651800697340133,150.291370873314,-0.269037544529171,8.315207,0.087836,GALAXY,18.26155,16.81249,16.09176,15.70334,15.41287,17.92587,True
1237651800699043940,154.080985241373,-0.241282848454493,3.487659,0.08338461,GALAXY,19.63341,18.27416,17.57537,17.16829,16.89512,14.58123,True
1237651800699043965,154.109941457872,-0.242987395255516,5.234316,0.07077462,GALAXY,19.05961,17.25255,16.34588,15.91901,15.55688,23.33801,True
1237651801233293573,148.1309217376,0.201835451650855,4.174804,0.08597912,GALAXY,19.64081,17.71615,16.77263,16.29859,15.96747,22.37588,True
1237651801234276482,150.363788718501,0.103116349078086,4.502098,0.1853262,GALAXY,20.12095,18.36524,17.16382,16.67496,16.35022,16.67446,False
1237651801770164404,148.167450016868,0.530412381093004,7.038192,0.0779044,GALAXY,18.45593,16.44624,15.47823,15.04279,14.72808,33.74606,True
1237651801770164434,148.182030992675,0.537232336471075,3.618914,0.0766632,GALAXY,20.35311,18.60078,17.65786,17.2053,16.87466,13.81495,True
1237651801770164478,148.236828752318,0.611036664081629,3.311278,0.09850378,GALAXY,20.21656,18.18165,17.14942,16.71467,16.39194,16.22894,True
1237651801770229959,148.290210904951,0.58347134140282,3.658486,0.08781833,GALAXY,20.03554,18.05356,17.04959,16.60285,16.27497,15.03879,True
1237651801770295403,148.395157349904,0.59627221120132,5.331429,0.09438431,GALAXY,19.59519,17.64058,16.60139,16.11595,15.77079,17.42707,True
1237651801770295447,148.413801251129,0.595327969549588,4.744313,0.09474918,GALAXY,19.08398,18.07086,17.68705,17.34249,17.20657,10.34709,True
1237651801770295462,148.429370138465,0.571361104391482,3.094786,0.0940383,GALAXY,19.71734,18.02348,17.1286,16.7425,16.48464,18.86419,True
1237652943703572723,339.657735258642,14.0046643838123,4.598498,0.09754305,GALAXY,19.61403,17.69494,16.69602,16.24146,15.88603,21.43189,True
1237652943703638212,339.778804300311,14.0295510809752,6.447467,0.06340568,GALAXY,17.68873,15.95761,15.18104,14.8128,14.51213,36.40085,True
1237652943703638263,339.799589792769,14.0384414676275,3.483021,0.1605243,GALAXY,19.22981,17.94532,17.05969,16.57227,16.24122,15.83738,False
1237652943703638346,339.854704420672,14.0120097817261,3.755241,0.09180237,GALAXY,20.47123,18.47071,17.46972,17.04232,16.67486,13.52413,True
1237652944240443527,339.669333451557,14.319516039552,8.442709,0.08681317,GALAXY,18.47467,17.04225,16.19877,15.72613,15.37109,23.74671,True
1237652944240574826,340.006210578714,14.3752319797246,6.608114,0.1153646,GALAXY,19.98999,18.14692,17.06932,16.58477,16.18319,11.7133,False
1237654601566912642,158.013234935227,4.48228631368249,4.512642,0.06188408,GALAXY,19.42599,17.52558,16.6966,16.30471,16.01959,17.5058,True
1237654601566912720,157.990072798719,4.56406863581092,3.681774,0.187086,GALAXY,20.96098,18.83514,17.6046,17.11505,16.72427,10.40131,False
1237654601568157951,160.962355950589,4.60424726044919,6.105563,0.1505156,GALAXY,19.81547,17.84979,16.69046,16.20466,15.8272,19.08468,False
1237654601568288884,161.164202666014,4.74208589439322,3.892668,0.07432022,GALAXY,19.69809,18.16378,17.38643,16.98673,16.67799,15.4947,True
1237654601568485561,161.587838106861,4.78920895241061,3.772147,0.09988604,GALAXY,20.36478,18.45638,17.44809,17.0016,16.66864,13.08032,True
1237654601568551024,161.745374590947,4.60875668475447,5.614982,0.07238286,GALAXY,19.06524,17.12751,16.28148,15.85332,15.55429,23.55625,True
1237654602103587050,157.620451211522,5.06607762668908,4.037018,0.1621344,GALAXY,20.59092,18.73593,17.62917,17.13354,16.79512,12.26199,False
1237654602103718089,157.837442393709,5.07575809039677,4.573548,0.0275083,GALAXY,17.84765,16.77317,16.27095,15.99441,15.73706,22.27523,True
1237654602105225368,161.291385573213,5.08815036497979,6.376112,0.06909855,GALAXY,19.04585,17.33784,16.45606,15.96275,15.61167,17.93365,True
1237654602105225402,161.326266232696,5.09362382246372,11.34969,0.06925026,GALAXY,17.84114,16.16147,15.36559,14.96564,14.64223,21.94004,True
1237654602105356445,161.679705542179,5.14428566148483,3.761325,0.1032483,GALAXY,19.25701,18.0778,17.43287,17.01085,16.78324,15.43945,False
1237654602105422020,161.828402254529,5.20950449611372,7.36072,0.06975874,GALAXY,19.04808,17.14295,16.25985,15.82683,15.53186,19.46387,True
1237654602105422032,161.848042114955,5.19079729555594,3.080247,0.06963263,GALAXY,19.78638,17.91315,17.01665,16.58454,16.28197,21.63092,True
1237654602628858195,131.031360833807,3.83513546057113,4.761884,0.1175871,GALAXY,19.02704,17.97739,17.49085,17.16042,17.0056,10.62187,False
1237654602628858255,131.081542446324,3.87397407622712,6.505672,0.1177646,GALAXY,19.37069,17.48288,16.47989,16.0453,15.70709,19.67124,False
1237654602628989298,131.334810821842,4.00721532838145,4.65036,0.09662823,GALAXY,19.63449,18.21346,17.49032,17.09171,16.88071,11.12047,True
1237654602640523414,157.679628839032,5.38853944763031,3.070483,0.1756557,GALAXY,20.2284,18.29739,17.28769,16.87841,16.59464,15.26658,False
1237654602640588960,157.854505841319,5.36889091946554,4.91466,0.1763043,GALAXY,20.96522,18.93091,17.7587,17.2251,16.82188,10.18089,False
1237654602640654458,158.032911114089,5.40157541441042,3.02667,0.163562,GALAXY,20.94896,18.86899,17.72537,17.25657,16.90711,11.58282,False
1237654602641899637,160.894116906538,5.57102173637823,7.095691,0.1576094,GALAXY,19.07743,17.65722,16.76859,16.32598,16.045,13.22914,False
1237654602642030804,161.22898657088,5.56934441435919,4.700415,0.1011715,GALAXY,18.97493,17.76726,17.13663,16.70467,16.51719,16.53986,False
1237654602642096232,161.305540540829,5.42886112945647,4.170162,0.2293728,GALAXY,21.07141,19.10229,17.75689,17.26676,16.95556,11.4113,False
1237654602642161774,161.472074965723,5.46328621931447,6.091819,0.096003,GALAXY,18.91803,17.627,16.91006,16.48929,16.22127,12.40501,True
1237654605324812494,158.001906604496,4.42760224185063,3.407302,0.06512786,GALAXY,19.83276,18.03256,17.14841,16.73582,16.41974,16.10006,True
1237654605324878033,158.168625367545,4.29938967572358,5.156785,0.1235551,GALAXY,20.30307,18.27284,17.18076,16.67438,16.30419,12.03287,False
1237654605324878047,158.185188155082,4.42557167598127,4.326902,0.1417186,GALAXY,20.38972,18.49454,17.46611,16.96003,16.58002,10.05424,False
1237654605326713009,162.384559579337,4.57353804333376,14.50164,0.1254325,GALAXY,18.63852,16.73246,15.74122,15.29779,14.97611,15.29745,False
1237654602105028768,160.849528730103,5.17055609951078,4.867031,0.1315958,GALAXY,20.48154,18.52198,17.49914,17.07619,16.74415,12.08209,False
1237652944240574849,340.030014094501,14.391764330908,7.076198,0.1309471,GALAXY,19.5583,17.5712,16.40453,15.89726,15.51666,15.90865,False
1237652943703769280,340.14702140922,13.9773084787354,4.181552,0.036709,GALAXY,18.94508,16.9571,16.06248,15.62052,15.27688,29.06403,True
1237652943703703901,340.058804079152,13.9341894831406,10.5812,0.1260714,GALAXY,19.24112,17.22361,16.12659,15.66689,15.25517,15.28803,False
1237652943703703873,340.034482553849,13.940863454977,5.757223,0.1256503,GALAXY,19.63217,18.48034,17.73014,17.31329,17.07579,11.61964,False
1237651800160206973,149.61068768189,-0.671489340061528,6.106297,0.1245503,GALAXY,20.132,18.06909,16.98032,16.54007,16.15417,17.49971,False
1237651799625105751,153.722307129009,-1.15286793298139,5.820786,0.0202565,GALAXY,18.19693,17.1713,16.74796,16.51191,16.36147,13.2425,True
1237651799625040136,153.485939394161,-1.11649375878987,6.836115,0.0448023,GALAXY,18.24747,16.41492,15.52909,15.06819,14.74829,30.471,True
1237650796757778527,148.247245656614,0.502877747706114,4.288901,0.03552244,GALAXY,17.61104,16.71651,16.48015,16.28381,16.18628,19.53036,True
1237650796220514489,147.329501903488,0.028900744222666,8.47871,0.04808582,GALAXY,17.98446,16.30686,15.52711,15.10624,14.7796,25.60662,True
1237648720684712010,159.126800733321,-0.505605320655857,11.18611,0.08467862,GALAXY,18.34877,16.78679,16.00201,15.58171,15.28008,10.03378,True
1237648720684646616,159.007791083565,-0.630133113896423,5.63121,0.09535529,GALAXY,19.44115,17.53522,16.55236,16.11407,15.74253,18.21898,True
1237648720151183470,166.697789875347,-0.924148490427942,11.15121,0.03824842,GALAXY,17.58879,15.76081,14.9593,14.55726,14.24744,39.05458,True
1237650795683381502,146.751729166939,-0.408402771411109,6.837883,0.03580831,GALAXY,17.80526,16.60975,16.01056,15.66046,15.39482,23.59831,True
1237650796219662479,145.330058096625,0.0431201593743545,4.388935,0.1204287,GALAXY,19.89895,18.3531,17.59628,17.1443,16.85757,11.27058,False
1237650796219662494,145.340589123208,0.0191729148848416,5.548404,0.1202934,GALAXY,19.69222,17.9051,16.82326,16.34775,15.95692,16.89679,False
1237650796219859159,145.836878251523,0.00290962800514681,4.332783,0.1294907,GALAXY,20.09671,18.32299,17.23985,16.76503,16.34704,14.21122,False
1237650796219859165,145.844228082459,0.0307268246917331,4.7749,0.1554309,GALAXY,19.68977,18.32206,17.52791,17.07866,16.79991,11.50233,False
1237650796220186869,146.630700167371,0.0709745309293799,5.481743,0.1258571,GALAXY,20.99059,18.94007,17.64229,17.06895,16.60637,10.59536,False
1237650796220252301,146.729008855571,0.0269572621706323,3.019974,0.05665967,GALAXY,20.39542,18.2483,17.14875,16.63056,16.22604,20.5513,True
1237651752386429147,149.718149269455,0.870522487640773,4.441812,0.1420566,GALAXY,20.77438,18.76169,17.68131,17.2313,16.90878,12.27581,False
1237651752386494593,149.815673392566,0.967317314318562,3.819023,0.08800191,GALAXY,19.68664,18.33508,17.61854,17.23734,16.95798,14.80939,True
1237651752386691219,150.282336332176,0.853217998119072,5.40459,0.1239753,GALAXY,19.1385,17.11563,16.08967,15.66057,15.30872,27.66773,False
1237651752389312661,156.212219293259,0.961823606625064,3.042358,0.09411234,GALAXY,19.64569,18.37146,17.70852,17.26716,17.04939,10.51701,True
1237651752389771391,157.329851303878,0.972782464806757,4.951542,0.08862168,GALAXY,19.38983,17.152,16.15321,15.70372,15.3374,22.78555,True
1237651752389771403,157.336382890196,0.98957105741464,4.866831,0.08864196,GALAXY,20.57571,18.39588,17.38288,16.88691,16.45603,10.45717,True
1237651800700223719,156.836634421977,-0.242508113760123,6.191972,0.1519827,GALAXY,19.71561,18.10301,17.06317,16.57258,16.21088,13.86747,False
1237651801236635877,155.837469046534,0.196195213837749,3.040385,0.09400783,GALAXY,20.50764,18.42394,17.45747,17.00021,16.64015,16.2545,True
1237651801236701418,155.88374668347,0.173723863235578,11.79432,0.09566244,GALAXY,18.33203,16.23919,15.24053,14.77495,14.44407,28.57326,True
1237651801236701462,155.890399494648,0.200618201916213,3.769604,0.09487051,GALAXY,20.04636,18.116,17.14882,16.67161,16.30593,15.93143,True
1237651801236701473,155.913117250741,0.17269189835257,5.469484,0.09297101,GALAXY,19.09855,17.24855,16.29204,15.85516,15.52327,22.37956,True
1237651801236701478,155.916487783601,0.132633792046382,6.001988,0.09668781,GALAXY,19.98066,18.18681,17.28057,16.84584,16.48795,13.27782,True
1237651801236701505,155.944235624656,0.18123952137221,3.768697,0.09679966,GALAXY,20.3189,18.51466,17.55285,17.06584,16.74453,13.42282,True
1237651801236766878,156.022269896771,0.152488192071296,5.000445,0.09751563,GALAXY,18.87134,17.72214,17.20522,16.80813,16.66145,12.80174,True
1237651801237028909,156.721248972498,0.14208295148434,3.369291,0.03392197,GALAXY,17.80935,16.84893,16.42159,16.12935,15.9148,24.32742,True
1237651801237225645,157.201939527804,0.130244814050812,4.196027,0.1073147,GALAXY,20.37556,18.47591,17.4512,16.9963,16.61983,13.19492,False
1237651801237291123,157.221397295797,0.111668474733125,5.980474,0.09515768,GALAXY,18.66563,16.91067,16.02411,15.54558,15.23005,26.3945,True
1237651801773768822,156.347559304464,0.585321976968157,5.596543,0.1577481,GALAXY,20.68778,18.57198,17.28534,16.71804,16.29405,12.68605,False
1237651801773834462,156.598070987099,0.527225526692406,6.073403,0.09786262,GALAXY,19.51213,17.58654,16.62237,16.20073,15.854,14.01347,True
1237652943703900434,340.421621919199,14.0213857494484,6.69665,0.07560726,GALAXY,18.19884,17.08797,16.58299,16.21584,16.03379,15.59877,True
1237653663648055487,149.645503105027,1.01425433846594,9.830876,0.06359739,GALAXY,18.44292,17.2622,16.76894,16.44264,16.29375,10.9313,True
1237653663648121030,149.72234134998,1.02096776656958,4.185394,0.08171165,GALAXY,20.12607,18.25245,17.42175,17.0253,16.72983,14.14502,True
1237653663648186510,149.852160116513,1.03579747834503,4.855227,0.07830796,GALAXY,19.65582,17.78123,16.89572,16.45729,16.17395,18.40967,True
1237654599954661466,154.342032016621,3.18949771589084,3.430266,0.1056195,GALAXY,20.44046,18.47898,17.42768,16.99559,16.63088,16.6219,False
1237654600491270330,153.775909669332,3.63437893097835,5.662275,0.1149139,GALAXY,19.63768,17.60233,16.5333,16.08491,15.70474,22.34116,False
1237654600491401394,153.984136747719,3.64237998801291,4.392872,0.1247881,GALAXY,20.13722,18.35007,17.29744,16.78265,16.36637,15.46673,False
1237654600491401423,154.049822560528,3.65055971514024,7.844723,0.03201616,GALAXY,16.81153,15.69118,15.14948,14.83235,14.58846,29.99604,True
1237654600491532425,154.319220503838,3.54379868399536,6.324348,0.04681201,GALAXY,18.52277,16.72254,15.85669,15.39768,15.0366,30.37987,True
1237654600491597955,154.46015140949,3.55660193316991,5.479319,0.1061023,GALAXY,19.65037,18.01371,17.17172,16.72739,16.38107,15.13131,False
1237654601028272268,153.989737694285,3.97267524181706,4.92046,0.1584333,GALAXY,20.40955,18.45372,17.311,16.84804,16.51069,14.57752,False
1237654601028337768,154.114392422924,3.87748164714702,3.397157,0.1068191,GALAXY,20.18773,18.45399,17.47607,17.04102,16.70354,14.92003,False
1237654601028403275,154.265020998542,3.90391018284101,6.455047,0.1597781,GALAXY,19.9343,18.25266,17.34519,16.88766,16.61877,10.0753,False
1237654601028665560,154.986950967821,3.93766599752243,5.556844,0.1018328,GALAXY,18.96877,17.49347,16.77111,16.37849,16.08561,18.94178,False
1237654601028665563,154.984360601137,4.05146599643942,3.172449,0.07383589,GALAXY,19.14186,17.14927,16.21614,15.7835,15.436,33.52021,True
1237654602628792680,130.814411856668,3.88152238031,5.715612,0.1665814,GALAXY,21.10418,18.53537,17.28737,16.7426,16.3483,11.67437,False
1237654602628858295,130.977279958001,3.82088681024021,4.701936,0.230036,GALAXY,20.44072,18.91788,17.7157,17.21471,16.84481,10.54656,False
1237654604249563239,154.494808755324,3.26846367977415,3.345981,0.106172,GALAXY,20.23593,18.43616,17.56663,17.12601,16.85831,13.62366,False
1237654604249563248,154.507582039658,3.31301219384875,7.343271,0.1037286,GALAXY,19.48427,17.67401,16.77938,16.344,16.02266,13.1046,False
1237654604249563268,154.519047601767,3.33879970566679,3.979118,0.1058983,GALAXY,19.9803,18.07907,17.09187,16.66665,16.35266,18.97956,False
1237654604786172083,153.932301298606,3.68745040999546,3.117222,0.1495143,GALAXY,20.66593,18.53572,17.39124,16.91227,16.55124,14.36843,False
1237654604786172107,153.953366575143,3.81520397394777,5.199119,0.1152424,GALAXY,19.76614,17.84801,16.82894,16.35219,15.96145,19.32049,False
1237654604786237506,154.033704087966,3.75829279073338,3.865977,0.2042799,GALAXY,20.96868,19.02554,17.71948,17.23658,16.88896,11.7776,False
1237654604786565277,154.858056513193,3.83141108007214,5.268659,0.09841092,GALAXY,18.6404,17.4876,16.89293,16.52078,16.30432,16.47965,True
1237654605323108440,153.997784777597,4.18135926193004,5.383704,0.04576737,GALAXY,18.54047,16.65919,15.77858,15.37425,15.05465,33.69303,True
1237654605323436210,154.854687914728,4.1661148242999,5.087641,0.1017677,GALAXY,19.18283,17.78195,17.00401,16.57097,16.27547,19.48643,False
1237654605323632826,155.262922009084,4.13851160057949,3.89736,0.09947119,GALAXY,19.83826,17.98944,17.05491,16.66537,16.3534,19.48661,True
1237654668665552973,158.394911661141,-1.06789009881402,3.718387,0.1528445,GALAXY,18.90632,17.78841,17.13983,16.73232,16.48869,14.53918,False
1237654668665552979,158.410964967438,-1.19980540368853,5.055577,0.1529721,GALAXY,20.54289,18.47346,17.32762,16.82549,16.45893,11.75167,False
1237654669202423925,158.470737344154,-0.716584540632425,5.128949,0.1154891,GALAXY,20.07865,18.06633,16.95125,16.48502,16.08778,13.59416,False
1237654669202423936,158.490518794438,-0.732594526574641,7.279672,0.152541,GALAXY,20.45033,18.25624,17.01987,16.49812,16.15567,12.29761,False
1237654670275313821,156.5396476965,0.0205378359198098,3.271131,0.1469988,GALAXY,20.97358,18.61009,17.41576,16.8735,16.44477,12.96596,False
1237654670275379362,156.687623995179,0.0845586071478791,4.035392,0.09603637,GALAXY,19.95576,18.12362,17.18412,16.73159,16.43203,13.41866,True
1237654670809301140,149.894618576937,0.479420505232213,4.052525,0.09411001,GALAXY,19.24854,18.08419,17.54505,17.20628,17.00694,10.45258,True
1237654670809301212,149.957555697874,0.43692894549051,3.818954,0.172407,GALAXY,21.18314,18.94367,17.70768,17.24037,16.88742,12.83586,False
1237654670809366725,150.105272463825,0.498091942384777,5.153971,0.1068543,GALAXY,19.01855,17.60748,16.83531,16.42863,16.12683,19.01407,False
1237654670811922566,155.850272624843,0.444281134916405,5.281487,0.09649263,GALAXY,19.61523,18.15466,17.43208,17.0476,16.73436,12.10629,True
1237654670811988109,156.092479808351,0.465436245554985,6.822251,0.09727432,GALAXY,18.4759,17.39408,16.881,16.5585,16.40651,12.29495,True
1237654670812053639,156.242129449283,0.448974387766491,8.416363,0.09808512,GALAXY,18.65822,17.46164,16.79186,16.41529,16.17375,12.36439,True
1237654670812184782,156.556422364946,0.46765045655001,3.716363,0.09687928,GALAXY,20.14936,18.32426,17.33556,16.79833,16.52596,11.8846,True
1237654671348859044,156.121972945203,0.905190996968781,3.097291,0.1484534,GALAXY,21.14428,18.88692,17.75467,17.28148,16.89333,13.17545,False
1237654671348924581,156.206771251697,0.866613269805169,3.69043,0.09453972,GALAXY,19.81471,18.43977,17.72534,17.31765,17.04837,11.15386,True
1237654671349252233,156.967399404701,0.853367848461708,6.676095,0.08964867,GALAXY,18.92145,17.09098,16.19124,15.67278,15.33513,16.73063,True
1237654671349448806,157.404566258339,0.951132509643237,9.988187,0.0225078,GALAXY,17.43449,16.09895,15.50787,15.20116,14.95072,17.02254,True
1237655347812106340,220.472078562065,56.7697611053007,5.098223,0.1014799,GALAXY,20.01612,18.3255,17.4904,17.08748,16.82017,10.36335,False
1237655348889256135,232.301505549993,52.8279615800478,6.70282,0.07179031,GALAXY,18.9725,17.08834,16.2065,15.79345,15.4873,28.50471,True
1237655368759574680,220.935300373397,56.0655645327207,3.932935,0.1049889,GALAXY,19.96152,18.23076,17.29267,16.87117,16.52371,13.68477,False
1237655368759640149,221.018468529599,56.0337332357603,4.450897,0.1251123,GALAXY,20.70937,18.57645,17.55297,17.11098,16.79734,10.31233,False
1237655368759640159,221.177123705598,56.1388682868237,5.528556,0.1151569,GALAXY,19.51681,17.41777,16.44544,16.03688,15.67357,19.37696,False
1237655368759640166,221.161390296068,56.1236266528718,4.396734,0.08027502,GALAXY,19.70568,17.91629,17.09402,16.71333,16.42343,15.48665,True
1237655368759640247,221.206191957563,56.0683118318735,4.495279,0.1494449,GALAXY,20.29732,18.1853,17.0975,16.6294,16.26829,14.18287,False
1237655368759640262,221.29665603765,56.0915368949537,3.702079,0.09978145,GALAXY,20.3356,18.47305,17.55698,17.14808,16.79232,12.10292,True
1237655368759705655,221.276885955244,55.9939837073676,6.745711,0.07605022,GALAXY,18.30998,16.36226,15.39404,14.92086,14.55272,29.20337,True
1237655368759705687,221.292268110932,55.9506685853177,13.06963,0.07599188,GALAXY,18.21813,16.6461,15.7774,15.27545,14.8935,13.65695,True
1237655368759705693,221.350224914795,55.9792703199248,4.41716,0.07616917,GALAXY,19.79538,18.10739,17.35107,16.96682,16.70566,10.20281,True
1237655463776878732,220.377058925301,56.5402979484075,3.90303,0.1051916,GALAXY,19.05824,18.10854,17.61302,17.26749,17.1236,11.00066,False
1237655463777075364,221.323877518901,56.3634454427287,3.919493,0.1493776,GALAXY,19.7012,18.16926,17.31233,16.91315,16.6242,14.11258,False
1237655463777075373,221.276155277897,56.3065341179279,3.723874,0.1501244,GALAXY,20.50758,18.44582,17.39535,16.96764,16.6232,14.65007,False
1237655463777140854,221.254180003391,56.2045834548426,3.45707,0.0802,GALAXY,19.93549,18.03787,17.11606,16.6987,16.36219,16.96096,True
1237655464313749728,220.947544710773,56.9154396953142,3.763405,0.1054923,GALAXY,20.13174,18.54544,17.61416,17.22178,16.94705,11.30744,False
1237655745089306790,217.443360299968,7.19118450811909,3.901031,0.05208249,GALAXY,19.42165,17.57881,16.73485,16.32423,16.013,20.62643,True
1237656242237473024,340.287233056265,13.9226088331494,3.274735,0.0989263,GALAXY,20.21931,18.40372,17.34718,16.88355,16.46748,16.45275,True
1237656242237604141,340.590486477061,13.9329208842852,3.31543,0.09050114,GALAXY,20.29336,18.19749,17.21128,16.77354,16.42305,18.77617,True
1237656242237604281,340.680363203257,13.9186549190221,7.669736,0.08342656,GALAXY,19.61841,17.68026,16.64335,16.15854,15.7616,18.55363,True
1237656242237669590,340.736070306434,13.9466589977143,3.927811,0.08910658,GALAXY,19.01964,17.72121,17.15907,16.81315,16.62068,17.15313,True
1237656243311280288,340.328229570501,14.7456264807012,5.298295,0.07914302,GALAXY,18.83266,17.002,16.06036,15.62061,15.27891,27.05334,True
1237656243311280311,340.359476279301,14.6346042146175,4.230524,0.1147127,GALAXY,19.59571,17.7554,16.83001,16.4112,16.07337,20.89433,False
1237656243311280315,340.351585235495,14.7243345105829,7.361719,0.07928573,GALAXY,19.26675,17.34484,16.45286,16.00873,15.67564,14.94263,True
1237656243311280401,340.410480642002,14.697646332676,7.800163,0.08442838,GALAXY,18.01366,16.40132,15.58519,15.15109,14.87185,23.91621,True
1237656496179052902,340.329669046427,14.1070045671874,5.96271,0.07949042,GALAXY,18.70983,17.40751,16.7295,16.31761,16.08294,15.28108,True
1237656496179052930,340.344529973985,14.1400703354744,5.022067,0.07929219,GALAXY,20.05961,18.40433,17.55381,17.03243,16.65443,12.26382,True
1237657594610385177,118.993113973048,32.2936877284732,3.734738,0.1130038,GALAXY,20.68368,18.77362,17.7688,17.30689,16.92302,12.25836,False
1237657627916239029,176.331431803035,51.1033825341904,3.453855,0.0840612,GALAXY,19.80959,18.06611,17.21541,16.80751,16.48641,14.69214,True
1237657627916304583,176.593919958249,51.1192390230665,3.313513,0.07683625,GALAXY,20.01921,18.34204,17.42416,16.99532,16.68009,13.17236,True
1237657627916369958,176.787090317259,50.9997235949542,8.51668,0.05306964,GALAXY,17.01708,15.96394,15.47253,15.16507,14.9246,22.27832,True
1237657627920040009,190.255559506664,51.1778442858897,3.694098,0.1179903,GALAXY,20.37321,18.44236,17.49568,17.09608,16.79193,11.02476,False
1237657627920040015,190.303373067527,51.2725584647718,3.435939,0.1192628,GALAXY,19.45912,18.17684,17.45968,17.08707,16.82875,12.56339,False
1237657628436988146,129.530537620203,35.3868657378766,4.639251,0.08345634,GALAXY,19.36665,17.81617,17.05855,16.62552,16.32683,15.04295,True
1237657628452978820,175.800495221538,51.4103999496423,3.893671,0.1253437,GALAXY,20.10239,17.87622,16.80507,16.37588,16.01685,18.93501,False
1237657628452978853,175.851783349434,51.4080245572999,5.366996,0.1323006,GALAXY,19.75209,18.01108,16.98548,16.53317,16.20993,14.87282,False
1237657628452978862,175.868322678523,51.34518361261,6.875519,0.1332455,GALAXY,19.75344,17.73911,16.64034,16.18461,15.84792,17.10834,False
1237657628452978895,175.928040152423,51.3271820868631,4.867824,0.1463461,GALAXY,18.9823,17.40158,16.71631,16.36751,16.12315,20.95737,False
1237657628452978936,175.951272542273,51.4122287095991,3.794525,0.12527,GALAXY,19.96083,18.0324,16.99928,16.57657,16.21236,17.1308,False
1237657628453241023,176.874132211099,51.5055986931612,4.248355,0.1303059,GALAXY,20.46842,18.54835,17.4858,17.07347,16.70573,12.64893,False
1237657628973859147,129.138674544864,35.781426802163,4.463919,0.1642193,GALAXY,20.1198,18.49065,17.4172,16.93467,16.58282,11.96384,False
1237657628978577570,140.066135645937,42.3739815918137,5.289805,0.1746814,GALAXY,19.1326,17.74855,16.83782,16.36392,16.07729,15.05958,False
1237657628978643101,140.179245828237,42.450052200452,3.499288,0.1743225,GALAXY,20.81331,18.83178,17.67198,17.22312,16.88891,11.74404,False
1237657628989915219,175.93657626645,51.9359769120275,6.125477,0.1108979,GALAXY,19.28974,17.87664,17.23028,16.87502,16.59327,10.12251,False
1237657628993847396,190.530611709264,52.1545667166337,3.658589,0.1546884,GALAXY,20.62566,18.71627,17.59985,17.12656,16.7772,10.199,False
1237657629515186434,139.189798811421,42.3640914129676,6.176559,0.1360123,GALAXY,19.22145,17.72003,16.94345,16.58695,16.27563,12.70673,False
1237657629515251880,139.193153908848,42.506772661097,4.028908,0.08659153,GALAXY,18.7346,16.81669,15.91707,15.48673,15.12084,30.95516,True
1237657629515317383,139.440649730623,42.4507262626723,4.485468,0.1551309,GALAXY,19.92984,18.04406,17.02711,16.53055,16.19258,14.36666,False
1237657629515448512,139.663735204881,42.733698854666,7.247829,0.0858872,GALAXY,19.21917,17.26888,16.36336,15.96829,15.66215,16.49697,True
1237657629515513978,139.936465533644,42.7181975926766,4.266019,0.155076,GALAXY,20.42302,18.56322,17.49487,17.01415,16.69318,11.20411,False
1237657629515513987,139.913168306446,42.7607655753558,3.75456,0.06304343,GALAXY,18.97606,17.1637,16.33352,15.92844,15.65165,27.58162,True
1237657629526851826,176.281027347752,52.1892184052783,3.142538,0.1324177,GALAXY,20.24056,18.35526,17.27732,16.77916,16.42492,11.83181,False
1237657629530849368,191.164547516648,52.3486578562248,6.127954,0.1072254,GALAXY,19.59049,17.33633,16.21231,15.72406,15.33755,16.66114,False
1237657630051991813,138.617157018328,42.5714535110494,6.026127,0.1512902,GALAXY,19.75046,17.81363,16.68763,16.25877,15.87237,19.13622,False
1237657630052122664,138.910271304241,42.7888160121375,5.234498,0.04824219,GALAXY,17.36878,16.43644,16.06263,15.69306,15.51951,27.79569,True
1237657630052253895,139.363176634678,42.9666983299475,9.141498,0.06185538,GALAXY,17.78334,16.39761,15.73365,15.39147,15.10376,22.05049,True
1237657630052384896,139.483921058555,43.1471624840468,3.781013,0.06211759,GALAXY,19.83467,18.04407,17.21938,16.81329,16.51044,18.45125,True
1237657630052450484,139.7704091341,43.1537310272114,5.110738,0.1905887,GALAXY,20.26031,18.60652,17.44139,16.90809,16.50208,10.40552,False
1237657630052515946,139.981032504022,43.1704848782902,4.155249,0.0399842,GALAXY,19.28632,18.08261,17.60264,17.39266,17.19168,10.68221,True
1237657630589452435,139.725966208961,43.6738584102223,3.409357,0.06211209,GALAXY,19.13578,17.20064,16.31813,15.86767,15.51687,25.38358,True
1237657630600659040,176.203961535077,53.1827998218393,8.973767,0.09445346,GALAXY,18.41801,16.68754,15.79089,15.38282,15.07216,17.49896,True
1237657630600659105,176.32745720334,53.1942299067749,5.593974,0.1065758,GALAXY,18.24873,17.05622,16.50177,16.14791,15.94644,15.54752,False
1237657630600855621,176.988877517974,53.1698227215388,5.255154,0.07729572,GALAXY,18.86864,17.2139,16.35063,15.91901,15.62218,18.64526,True
1237657630600855658,177.083269310342,53.1070061337261,9.501251,0.0952784,GALAXY,18.82737,16.7937,15.81468,15.3796,15.06629,22.28554,True
1237657630600921214,177.112878127958,53.1986700691264,3.47247,0.09794451,GALAXY,20.11999,18.19603,17.2359,16.82766,16.50105,11.25295,True
1237657774466269391,128.928080244319,35.3502211306343,11.91138,0.06405959,GALAXY,18.06236,16.27259,15.44567,15.03096,14.73349,22.52495,True
1237657774466269468,128.932545044192,35.444536272087,3.757313,0.0789234,GALAXY,19.49186,17.5072,16.56557,16.14298,15.81507,23.14165,True
1237657774466269482,128.967439698206,35.4461363229598,6.27375,0.07901716,GALAXY,18.81813,16.76941,15.80894,15.36697,15.03925,29.76459,True
1237657774466466001,129.314650605643,35.6984992368549,5.086592,0.1641275,GALAXY,20.67564,18.53646,17.3534,16.86823,16.52954,12.59486,False
1237657775007924410,139.636263478529,42.4465572969119,4.456769,0.1144465,GALAXY,18.25319,17.14744,16.47571,16.06465,15.82066,21.97952,False
1237657775008055468,140.032100609305,42.5459052506681,11.41753,0.04775461,GALAXY,17.81095,16.25938,15.52691,15.13251,14.79403,23.75722,True
1237657775008055487,140.12353613445,42.4882240434507,4.80336,0.06352286,GALAXY,18.68316,17.11647,16.42831,16.04939,15.76383,20.50051,True
1237657775540076906,128.554999748952,36.0706030178697,7.654495,0.1013662,GALAXY,18.69112,17.05273,16.30315,15.87393,15.58025,16.17903,False
1237657775544467516,138.508226943361,42.3768419675412,8.147768,0.0482276,GALAXY,17.87811,16.67632,16.18266,15.86426,15.67196,15.71741,True
1237657775544729921,139.263411156342,42.6475685939993,6.223976,0.02973223,GALAXY,17.50203,16.11814,15.48314,15.14317,14.8607,29.50785,True
1237657775544729963,139.288580946434,42.681954155079,4.039504,0.1194643,GALAXY,19.84786,18.30986,17.41459,16.95319,16.61926,15.22431,False
1237657775544860822,139.524718659436,42.9186580734448,5.569992,0.1302037,GALAXY,19.88085,18.20465,17.34554,16.91665,16.56898,12.45756,False
1237657775544926420,139.702947088844,42.9769379310325,6.403912,0.06799606,GALAXY,18.52127,16.64166,15.76761,15.36715,15.03018,27.04469,True
1237657775544926448,139.841937461377,42.8950105349374,5.603425,0.08557229,GALAXY,18.91459,17.72904,17.22267,16.93046,16.71725,11.44616,True
1237657775544991888,139.898859838898,42.9718275763058,7.08601,0.06626032,GALAXY,18.54891,17.16159,16.46449,16.07292,15.76049,16.46296,True
1237657775544991958,139.943434924229,43.0390514666357,3.209707,0.08561569,GALAXY,19.4157,17.50384,16.59917,16.19682,15.86826,21.54828,True
1237657776081338526,138.325594975438,42.5862191561436,5.014246,0.1563339,GALAXY,19.92098,18.26838,17.28672,16.85607,16.54417,13.93681,False
1237657776081404071,138.375667900993,42.7139809498612,4.254045,0.0715687,GALAXY,19.64007,18.15131,17.50456,17.09533,16.84255,11.95855,True
1237657775003402543,129.248654405906,36.0222672907032,8.006029,0.1150531,GALAXY,19.02628,17.20146,16.30268,15.88608,15.54094,15.27775,False
1237657775003336961,128.926823902221,36.0011075985393,4.229456,0.08218755,GALAXY,19.90845,18.18902,17.26269,16.82273,16.45512,14.61187,True
1237657630600659059,176.240325481843,53.0591144800171,4.915827,0.04633383,GALAXY,18.96472,17.76407,17.20289,16.84454,16.5881,11.85996,True
1237657630063722624,176.015340260413,52.6757596592512,5.068775,0.04939644,GALAXY,18.42039,17.06693,16.32565,15.9124,15.60844,22.91738,True
1237657629526720601,175.62963596094,52.2840071909786,7.558897,0.1311463,GALAXY,19.31104,17.29372,16.26536,15.81547,15.42461,17.06022,False
1237657629510795457,128.913772177869,36.057432461435,3.180757,0.02737213,GALAXY,19.00317,17.26577,16.48414,16.08548,15.79827,25.99615,True
1237657629510730046,128.802212113399,36.0612707843412,3.886925,0.08729297,GALAXY,20.02191,17.90812,16.97465,16.52989,16.18284,16.48134,True
1237657629510729980,128.838227083897,35.9729920516688,5.586921,0.09740943,GALAXY,19.12901,17.1738,16.18614,15.74109,15.36511,24.68098,True
1237657629510729964,128.817733999361,35.9661808900385,4.039557,0.09832585,GALAXY,19.83834,17.9439,17.02779,16.615,16.28651,16.58568,True
1237657628436857186,129.118941331943,35.3000669321078,3.778637,0.1364772,GALAXY,20.50983,18.61376,17.56082,17.104,16.6995,11.61781,False
1237657627920236647,191.049336338518,51.2673547545679,3.297013,0.1228819,GALAXY,20.74871,18.69936,17.65162,17.19564,16.82822,11.24643,False
1237656242237669758,340.839354424963,13.8991578165921,3.30374,0.1212604,GALAXY,20.80767,18.67733,17.64194,17.19774,16.82719,13.91058,False
1237656242237538486,340.555779680419,13.7727369241777,3.651249,0.1243309,GALAXY,20.38224,18.51361,17.46027,17.00392,16.57519,15.59366,False
1237655463776813224,220.380547674619,56.6834943315079,3.994836,0.1398945,GALAXY,20.45085,18.27665,17.18023,16.74327,16.37929,14.80096,False
1237655347812106422,220.597004175119,56.6573616180607,9.394727,0.04815272,GALAXY,18.34913,16.57596,15.76398,15.35299,15.07758,18.08219,True
1237654671348990099,156.313167940405,0.892645068252386,8.248253,0.02274756,GALAXY,18.03472,16.97347,16.56201,16.34332,16.16053,14.00434,True
1237654670809366712,150.082246301138,0.478241395238519,6.574957,0.04612698,GALAXY,19.10423,17.16132,16.30281,15.9053,15.58502,25.49426,True
1237654604786303136,154.229151835622,3.82166220675979,12.56554,0.04600689,GALAXY,18.0115,16.332,15.54245,15.10106,14.76084,18.93221,True
1237654030326563014,166.998346582746,2.72073538481248,12.04514,0.05780922,GALAXY,17.33799,15.76186,14.99442,14.56107,14.22211,22.97646,True
1237654030326562931,166.883755208917,2.67833744894501,5.130582,0.05798376,GALAXY,18.26609,16.98678,16.37336,15.96634,15.6864,18.82616,True
1237654030326497289,166.758859670861,2.62653180647019,11.15318,0.03604291,GALAXY,17.4132,15.73501,14.96349,14.59278,14.31301,29.87533,True
1237654029789691934,166.954689208806,2.35664657052737,14.79209,0.03086852,GALAXY,16.69494,15.02534,14.25093,13.86003,13.53606,34.85197,True
1237651801233686714,149.061250185928,0.103009217301946,7.311169,0.03541203,GALAXY,18.9023,17.73888,17.22136,16.88949,16.67964,11.2721,True
1237651755078320299,166.899013499487,3.30977243702301,3.238255,0.1366326,GALAXY,20.93175,18.72018,17.57957,17.07538,16.67947,12.48264,False
1237651755078189138,166.542533477705,3.3207073308367,13.36769,0.03114781,GALAXY,17.22832,15.08075,14.1483,13.65925,13.30597,38.2976,True
1237651754541580402,167.105429263561,2.97732192030344,16.23177,0.05497883,GALAXY,17.08357,15.54453,14.78284,14.33815,14.043,17.89673,True
1237651754541449565,166.928228083439,2.91446408545933,6.579906,0.1369762,GALAXY,19.70202,17.95111,16.95845,16.47694,16.12046,10.6376,False
1237651754541449551,166.897878292927,2.90812455428616,4.271798,0.05742135,GALAXY,19.21222,17.45648,16.62359,16.24166,15.93185,18.84822,True
1237651754541449534,166.881657606105,2.8920776527202,7.586598,0.05745812,GALAXY,18.74186,16.82229,15.94638,15.51737,15.16485,22.17759,True
1237651754541449485,166.860615060649,2.88203604677549,3.238679,0.05723992,GALAXY,19.28478,17.53928,16.68838,16.27411,15.93342,19.92414,True
1237651754541449474,166.853131972552,2.90473503453322,9.499751,0.05733616,GALAXY,16.79926,15.40325,14.77985,14.41885,14.18034,30.08437,True
1237651754541449463,166.84448220468,2.94607900524139,3.546146,0.05820583,GALAXY,18.70204,17.7123,17.32257,17.00998,16.8715,15.21451,True
1237651754541449383,166.780043664408,3.00246969665217,3.540676,0.05838544,GALAXY,19.06343,17.33967,16.48328,16.05437,15.73883,24.24852,True
1237651754541449246,166.809269243771,2.98068824398348,7.044865,0.05860567,GALAXY,17.84296,16.59687,16.06513,15.74607,15.5271,19.68605,True
1237651754541318320,166.610493822772,2.86539589267187,6.784478,0.03931328,GALAXY,17.87263,15.89284,15.01578,14.57062,14.23978,34.95656,True
1237651754004709481,167.126898019396,2.38619119253807,4.186347,0.05732619,GALAXY,19.11127,17.41681,16.55444,16.146,15.84387,21.28669,True
1237654602629775572,133.122904000621,4.04002070484413,4.026095,0.07164323,GALAXY,20.21112,18.27179,17.32514,16.85256,16.48596,15.02639,True
1237654602639802476,156.047223188893,5.24127623104136,5.862673,0.1838017,GALAXY,20.3682,18.60968,17.43278,16.97599,16.65575,10.0317,False
1237654602639933667,156.410169895925,5.28634437486403,4.549029,0.1259347,GALAXY,19.29217,17.7678,17.19159,16.82745,16.59874,10.28045,False
1237654604248776884,152.702626282834,3.2300645469201,4.691255,0.09563436,GALAXY,19.1327,17.93484,17.44208,17.1168,16.96893,11.61021,True
1237654604248776890,152.708183097696,3.24882563108922,4.776632,0.1220046,GALAXY,20.46242,18.36577,17.37366,16.94751,16.59848,12.13345,False
1237654604248776932,152.758719783464,3.32935622771526,4.888981,0.09584464,GALAXY,19.26954,17.36865,16.41706,15.98557,15.65588,23.23978,True
1237654604248776954,152.798076370494,3.24865745539564,5.105485,0.1583087,GALAXY,20.21428,18.27743,17.11558,16.6391,16.27808,14.69502,False
1237654604248842413,152.906401762873,3.28742005177495,10.15653,0.0449492,GALAXY,17.6871,16.24126,15.55428,15.1673,14.88761,16.51619,True
1237654604250153005,155.887815153437,3.45859581298505,4.38444,0.0337068,GALAXY,17.69291,16.58611,16.14832,15.85799,15.64663,24.13826,True
1237654604786892982,155.611617349108,3.88713146425404,9.91225,0.04452148,GALAXY,17.99598,16.60101,16.11438,15.86931,15.68301,12.43839,True
1237654604787089548,155.978776222032,3.911190189332,3.71156,0.08568484,GALAXY,20.24467,18.36621,17.39405,16.95487,16.64366,13.04978,True
1237654604787089601,156.030798523519,3.88913430393665,6.455397,0.06796821,GALAXY,18.58673,17.27426,16.67208,16.32643,16.09221,14.43643,True
1237654604787286216,156.466920596833,3.85063564202873,4.399045,0.102311,GALAXY,19.95689,18.14022,17.23903,16.87856,16.53742,13.58699,False
1237654605322846337,153.466564752268,4.18292698483745,4.490402,0.1149734,GALAXY,20.25252,18.14527,17.17486,16.75187,16.42515,17.3408,False
1237654605324026058,156.188771397998,4.36887314420347,5.269433,0.06469873,GALAXY,18.69212,17.25265,16.48116,15.99457,15.69286,19.98831,True
1237654605324157027,156.44672211501,4.18681396063387,5.821949,0.2085215,GALAXY,20.51463,18.7508,17.41554,16.90434,16.53485,10.4237,False
1237654605324157115,156.504359066572,4.21517941408159,4.712299,0.07450579,GALAXY,19.07439,17.47737,16.73054,16.34032,16.05643,15.4099,True
1237654605324157159,156.536558043554,4.37279643054911,15.19578,0.02283913,GALAXY,16.59455,15.39195,14.79557,14.50276,14.2282,21.7835,True
1237654605860962459,156.284405567713,4.64497997048659,5.217931,0.1791217,GALAXY,19.95216,18.45625,17.40616,16.96039,16.64193,11.23648,False
1237654605860962515,156.370592676392,4.79956859301977,5.675954,0.08608101,GALAXY,19.02508,17.57774,16.79705,16.37729,16.09612,15.3102,True
1237654606397833546,156.266301279582,5.07133767709647,9.415983,0.1249436,GALAXY,19.39347,17.39643,16.30617,15.83009,15.44951,16.02326,False
1237654606397833582,156.318909850557,5.08370477400584,9.223458,0.1551684,GALAXY,19.96659,17.8346,16.66682,16.19005,15.83846,14.06512,False
1237654606397898936,156.368220773568,5.03993575779216,7.24704,0.1568855,GALAXY,19.76591,17.45756,16.22604,15.74589,15.37982,16.65664,False
1237654606397898956,156.37493708662,5.19854872849395,3.548755,0.1555793,GALAXY,20.28702,18.6531,17.50725,17.00228,16.614,12.22673,False
1237654668661293199,148.661770699912,-1.19524012272014,3.227802,0.108053,GALAXY,20.64299,18.47921,17.42488,16.94772,16.57159,16.96362,False
1237654668661424258,148.964006051882,-1.20000315104702,3.784395,0.1065858,GALAXY,19.35134,18.21767,17.6738,17.26921,17.12669,12.78364,False
1237654668662014173,150.338975892471,-1.23246532859269,4.333774,0.1362129,GALAXY,19.97064,18.26441,17.30664,16.85193,16.49932,11.68858,False
1237654668662014267,150.438931979979,-1.18274462329096,3.954551,0.0661617,GALAXY,19.36083,17.83278,17.12301,16.71772,16.43052,13.31018,True
1237654669735035113,148.706785719603,-0.344654747634172,5.489245,0.1647106,GALAXY,20.07428,18.50792,17.41413,16.91184,16.5222,11.22781,False
1237654669735166231,149.105306592207,-0.367428145985335,3.949292,0.0908874,GALAXY,20.24663,18.22563,17.28766,16.86633,16.50354,12.74358,True
1237654669735231668,149.171308645855,-0.363423938104166,3.107233,0.08647252,GALAXY,20.29708,18.38344,17.42428,16.9848,16.60888,16.15855,True
1237654669735231731,149.233164240445,-0.394121124119455,5.518733,0.08909202,GALAXY,19.20917,17.57495,16.65368,16.17652,15.81557,15.1249,True
1237654669735231754,149.25333259217,-0.390292872577994,8.669374,0.08768653,GALAXY,19.59846,17.49003,16.49195,16.03185,15.65885,21.33627,True
1237654670272823422,150.782687297764,0.0451692082030533,7.964827,0.06734681,GALAXY,17.59971,15.61741,14.7297,14.33366,14.05822,35.18884,True
1237654670272823491,150.836059058692,0.0103382010653352,5.93259,0.05990462,GALAXY,19.09027,17.81338,17.21082,16.86208,16.63272,11.1719,True
1237654670272823538,150.893368965177,0.0760116718683118,6.00907,0.06687512,GALAXY,18.89589,16.94037,15.92199,15.43285,15.04923,21.15041,True
1237654670272888852,150.939444340305,0.0299496182124907,4.613786,0.06605378,GALAXY,19.05579,17.00594,16.08009,15.64406,15.31329,25.68167,True
1237654670273020092,151.315497771321,0.0696627156122008,6.642061,0.1764415,GALAXY,19.88493,17.63048,16.37657,15.88483,15.50836,16.07134,False
1237655349963784405,235.408706398467,52.2051893434498,4.022902,0.1392027,GALAXY,19.10895,17.62345,16.65534,16.17704,15.79627,25.92949,False
1237655349963849884,235.54315446596,52.1272660406913,5.11172,0.06778106,GALAXY,19.28596,17.21776,16.33333,15.93308,15.62621,31.45667,True
1237655349963849918,235.616785878792,52.0831706914224,4.586699,0.2081227,GALAXY,20.45675,18.59433,17.2454,16.73417,16.37426,23.35214,False
1237655465927508057,232.52470893725,53.7327523162543,6.450524,0.07424939,GALAXY,18.34145,16.44686,15.56614,15.16012,14.84681,33.84105,True
1237657400804704509,129.54456962175,38.4225312291974,3.400543,0.1872745,GALAXY,20.91709,18.77768,17.54989,17.07317,16.73297,15.19147,False
1237657400805032132,130.356070581762,38.7414762953421,3.560929,0.2039039,GALAXY,21.15572,19.12661,17.76141,17.23131,16.90022,13.79128,False
1237657627919909028,189.86568599271,51.3260978931098,5.211521,0.1173714,GALAXY,21.09472,18.37642,17.42202,16.92301,16.56585,10.20132,False
1237657627919974478,189.930707184928,51.3006798309022,4.216618,0.08744049,GALAXY,19.15576,17.98525,17.4738,17.14307,16.97389,11.18076,True
1237657627920236591,191.052436694828,51.2037096892919,9.071994,0.1049105,GALAXY,18.39564,16.86359,16.08885,15.67369,15.40075,11.94881,False
1237657628456714291,189.515140989349,51.7460548878955,6.260595,0.1426504,GALAXY,19.562,17.57101,16.47832,16.01693,15.68511,16.53439,False
1237657628456779892,189.814128994734,51.6078501595109,3.361594,0.1472432,GALAXY,20.71441,18.68326,17.61724,17.20203,16.85665,12.16076,False
1237657628456845531,190.052882312916,51.6340812969212,5.426763,0.115136,GALAXY,19.39027,17.2409,16.22672,15.8011,15.45783,21.40989,False
1237657628457173195,191.154971773536,51.520497414795,8.960255,0.06303883,GALAXY,17.45757,16.03516,15.43672,15.07448,14.87138,18.55796,True
1237657628457173219,191.228948294961,51.5105269218097,6.346605,0.1038332,GALAXY,18.90037,17.43235,16.75702,16.38364,16.15379,10.16991,False
1237657628457173247,191.372469740544,51.6261944859966,3.923174,0.1065923,GALAXY,19.00415,17.98287,17.46673,17.11046,16.93584,10.01411,False
1237657628457238670,191.591850560358,51.4982440920835,3.13525,0.06734221,GALAXY,19.95522,17.86007,16.98228,16.58993,16.32537,16.3131,True
1237657628457304209,191.629772245607,51.5991089614006,4.132067,0.06697313,GALAXY,19.91855,18.13314,17.32761,16.96438,16.66882,11.65426,True
1237657628993585292,189.697785232828,52.0506093943335,3.700264,0.2207576,GALAXY,19.78665,18.19618,17.3076,16.96864,16.7427,14.80004,False
1237657628993650804,189.907483275549,52.1889288003494,4.333175,0.1427285,GALAXY,19.82575,18.40537,17.54819,17.11603,16.79542,10.68153,False
1237657628994109565,191.614682796257,52.0983685779713,4.669897,0.06718275,GALAXY,19.77808,17.92073,17.12249,16.74309,16.45075,12.71721,True
1237657628994109571,191.616513404981,52.0394372058712,12.91794,0.06675895,GALAXY,17.60194,15.66635,14.79655,14.38607,14.07879,32.98641,True
1237657629527769285,179.620295487526,52.5702442990958,7.12401,0.06644948,GALAXY,18.42878,16.53056,15.63065,15.21092,14.8656,30.93856,True
1237657629527834727,179.790560150045,52.5753389101706,4.244703,0.1536723,GALAXY,20.78835,18.47827,17.30925,16.82022,16.41205,14.5376,False
1237657629527900212,179.974156064438,52.5321972245067,6.459026,0.06256738,GALAXY,19.28609,17.58966,16.89449,16.53274,16.27429,13.60568,True
1237657629527900255,180.137023530452,52.4892639624366,4.049946,0.1489866,GALAXY,20.49545,18.51235,17.45508,16.98979,16.64427,11.26583,False
1237657629527965784,180.269998293683,52.5889364199838,3.541231,0.07317965,GALAXY,19.01849,17.46305,16.7734,16.43053,16.16935,24.17862,True
1237657629527965794,180.295731532529,52.5833523291458,4.930009,0.0727373,GALAXY,18.24414,17.05343,16.5578,16.18253,16.02859,19.23745,True
1237657629530259565,188.81725306939,52.5292074346269,4.616777,0.1029378,GALAXY,18.50726,17.46862,17.13388,16.86489,16.76596,12.19552,False
1237657630049435786,132.453445312944,39.0075236746352,5.946453,0.1550951,GALAXY,19.98372,17.76293,16.57662,16.12098,15.75216,18.92802,False
1237657630049435870,132.462530919044,39.0993189154704,3.01676,0.1333686,GALAXY,19.76565,17.96858,16.95334,16.50622,16.15649,18.30794,False
1237657630064640078,179.527017183098,52.9201228009177,6.661102,0.09088824,GALAXY,18.87516,17.31915,16.46559,16.05756,15.75984,15.24294,True
1237657630064640117,179.608411630526,53.01129642253,4.680141,0.06158137,GALAXY,20.02845,18.29831,17.48017,17.1147,16.80105,12.68158,True
1237657630064705618,179.643789317475,52.9672019342266,3.691809,0.1732055,GALAXY,20.66515,18.7491,17.57335,17.07712,16.76824,11.09658,False
1237657630064705658,179.708440994333,53.0106073294754,4.118279,0.06162415,GALAXY,19.56508,17.56574,16.69697,16.28573,15.97532,21.75355,True
1237657630064771147,179.950350953905,52.9792435866439,4.470275,0.06642503,GALAXY,18.97267,17.87584,17.33694,16.95239,16.78125,12.25488,True
1237657630064771164,180.024894716363,52.8569264282785,7.255751,0.0665591,GALAXY,17.005,15.86378,15.29716,14.88341,14.7432,27.81766,True
1237657630064836760,180.184383269789,52.9157778487827,4.151716,0.06212455,GALAXY,18.83415,17.68426,17.19932,16.86122,16.67442,15.46933,True
1237657630064967752,180.694066598928,53.0378934229478,6.406927,0.06243655,GALAXY,18.59546,17.32973,16.74337,16.38386,16.18288,12.43912,True
1237657630067064939,188.650745807049,52.9973695677492,4.636442,0.07775963,GALAXY,19.26814,17.34073,16.43362,16.01825,15.7216,18.99535,True
1237657630585585808,130.370024247926,38.4038089203065,15.10717,0.115879,GALAXY,18.64595,16.81442,15.83316,15.36183,14.97925,22.18114,False
