objid,ra,dec,petroRad_r,z,class,modelMag_u,modelMag_g,modelMag_r,modelMag_i,modelMag_z,modelMagErr_u,modelMagErr_g,modelMagErr_r,modelMagErr_i,modelMagErr_z,snMedian,low_z
1237648720142008515,145.821638182128,-0.846601885046273,5.089256,0.06770252,GALAXY,20.05802,18.35321,17.54987,17.15258,16.86671,0.07613668,0.01041044,0.007362394,0.007729872,0.02027678,10.20291,True
1237648720142008580,145.818101273901,-0.878973095843891,5.040677,0.2045784,GALAXY,20.68866,18.55757,17.21298,16.66901,16.32187,0.156786,0.01448036,0.006869894,0.006444947,0.01518092,11.13883,False
1237648720142073942,145.853157594108,-0.997063559085189,3.825139,0.1448017,GALAXY,20.61629,18.63789,17.54523,17.09494,16.7594,0.09903547,0.01131102,0.00669298,0.006630015,0.01533615,13.57714,False
1237648720142073959,145.892309469118,-1.02264988945927,4.531637,0.153699,GALAXY,20.39159,18.22442,17.0139,16.50938,16.11972,0.09698515,0.009496787,0.005328335,0.005128764,0.0110142,16.28147,False
1237648720142270656,146.432797355117,-0.987378009062472,3.590598,0.1404723,GALAXY,20.43741,18.42003,17.31446,16.85592,16.49146,0.08192131,0.009216757,0.005610146,0.005560924,0.01189375,15.94299,False
1237648720142336185,146.51281767756,-0.84578295276744,9.461358,0.06490172,GALAXY,17.37162,16.17903,15.5015,15.05806,14.78616,0.01564752,0.003873545,0.003227174,0.003246894,0.006836015,24.35292,True
1237648720142336237,146.571322012569,-0.957206943582653,8.935108,0.06518305,GALAXY,18.5427,17.0509,16.25521,15.79538,15.45037,0.0293057,0.00538617,0.004148107,0.00415204,0.008886985,16.72298,True
1237648720142401611,146.71420341856,-1.0412749005298,6.802569,0.02122228,GALAXY,17.15123,15.49701,14.67864,14.23418,13.90272,0.01122162,0.002654127,0.002265976,0.002264905,0.003597013,39.04678,True
1237648720678944894,145.874449045454,-0.608755056278409,9.828067,0.07158983,GALAXY,18.19744,16.69651,16.01479,15.6421,15.39185,0.02961626,0.004874988,0.004002074,0.004050142,0.0103491,15.69197,True
1237648721215946942,146.299838928994,-0.119995463758507,11.49119,0.03070351,GALAXY,17.86945,15.94067,14.97828,14.50247,14.08414,0.02741044,0.003861392,0.00283578,0.002809787,0.005552459,26.85927,True
1237648721216012470,146.355772780303,-0.143371261096292,4.081334,0.03073909,GALAXY,19.26396,17.1978,16.1452,15.62739,15.22929,0.03728969,0.004890693,0.003478936,0.003373372,0.006226079,30.57539,True
1237648721216078045,146.46890559991,-0.0928280403032654,19.43667,0.06251308,GALAXY,18.24334,15.90764,14.76567,14.24774,13.84864,0.03803933,0.003762159,0.002529368,0.002462124,0.004748463,30.2524,True
1237648721216340148,147.114591554148,-0.165218456679618,5.58013,0.2040574,GALAXY,20.98722,18.93068,17.52631,16.9907,16.57426,0.1557563,0.01492795,0.00716024,0.006733285,0.01609232,12.26061,False
1237648722289623054,146.020908346966,0.733551670883614,11.13455,0.03617733,GALAXY,17.41963,15.3452,14.35107,13.86729,13.50864,0.01574321,0.002621706,0.002099447,0.002100409,0.003133206,43.43944,True
1237648722291196127,149.723234355671,0.687529259219127,6.313275,0.0928099,GALAXY,19.1329,17.13325,16.15341,15.72236,15.35541,0.03790745,0.005030682,0.003596706,0.003688835,0.006825032,26.78037,True
1237648722294341804,156.808492511597,0.680495209697565,4.967438,0.1780913,GALAXY,19.76463,18.244,17.24188,16.75132,16.341,0.06360468,0.009876074,0.006595537,0.006717079,0.01401256,10.81797,False
1237648722828001501,149.587848876356,1.09311573929049,4.412508,0.1252315,GALAXY,19.52968,17.55491,16.49394,16.0624,15.70407,0.04906774,0.005872034,0.004010917,0.004073554,0.008019435,23.24888,False
1237648722831343722,157.120617358163,1.24986386241418,6.791614,0.02231555,GALAXY,18.16587,17.09403,16.67676,16.44368,16.25431,0.02111245,0.005172913,0.005029314,0.005812761,0.01450125,12.67784,True
1237648722831409199,157.375395832283,1.06004715475755,5.323472,0.02852034,GALAXY,17.49069,16.49554,16.02676,15.79563,15.6379,0.01241352,0.003617587,0.00336934,0.003696245,0.007993946,24.53307,True
1237650795146379400,146.360351015129,-0.816688562091616,3.100863,0.1274091,GALAXY,20.11011,18.29478,17.22196,16.76631,16.4086,0.06380247,0.007927127,0.005297996,0.004888127,0.009945044,18.07348,False
1237650795683250311,146.352081032659,-0.332714228931448,3.717609,0.05217639,GALAXY,18.7357,17.24859,16.49056,16.0216,15.72145,0.02252098,0.004463417,0.003662524,0.003515262,0.007110303,27.82041,True
1237650795683250319,146.365416186714,-0.343545399581245,5.046671,0.05248393,GALAXY,19.38741,17.59897,16.71058,16.18564,15.8368,0.04885488,0.006436101,0.004754985,0.004392051,0.009671335,18.80396,True
1237650795683250326,146.373795889743,-0.368444419082652,9.92126,0.05290708,GALAXY,19.39033,17.22124,16.25918,15.72034,15.37339,0.06188376,0.005826516,0.004112827,0.003806127,0.008013509,18.81373,True
1237650795683250349,146.381392930289,-0.386506983977315,6.47462,0.05260282,GALAXY,20.80243,18.26689,17.22573,16.67334,16.22806,0.1657309,0.009502374,0.006211844,0.005613827,0.01259209,11.84145,True
1237650796219859159,145.836878251523,0.00290962800514681,4.332783,0.1294907,GALAXY,20.09671,18.32299,17.23985,16.76503,16.34704,0.07985916,0.009659029,0.006252838,0.005841484,0.01405871,14.21122,False
1237650796220055738,146.300865259767,0.0354782948125222,4.627979,0.021758,GALAXY,17.80842,16.67454,16.06488,15.77567,15.53736,0.01340442,0.003587681,0.003230524,0.003287345,0.007326534,29.20834,True
1237651752384856377,146.13154382869,0.841162725075002,6.465509,0.1224185,GALAXY,20.50978,17.8382,16.84991,16.375,16.02099,0.2596637,0.01144497,0.007474356,0.007356404,0.0189123,11.00474,False
1237651752384921745,146.1597679618,0.840692804265108,6.993592,0.1221189,GALAXY,19.42594,17.41061,16.26919,15.78316,15.36316,0.07757571,0.007604642,0.004699329,0.004512054,0.0099933,19.14838,False
1237651752921792685,146.206295735387,1.14829020130248,5.081462,0.1232023,GALAXY,20.19852,17.9651,16.77356,16.25899,15.81169,0.1100779,0.00843396,0.005215329,0.00478459,0.009981608,18.98822,False
1237651801770688761,149.370249995155,0.588197408911514,4.990515,0.04639048,GALAXY,18.80637,16.94897,16.08522,15.69083,15.40739,0.03359031,0.0048226,0.003730101,0.003853346,0.007485512,28.40481,True
1237651801770754182,149.445764448447,0.571927228722444,4.676747,0.0387163,GALAXY,18.46333,17.53361,17.21628,16.99463,16.91978,0.02463208,0.00671451,0.007031427,0.008405979,0.02642167,14.0009,True
1237651801770754260,149.538105108262,0.600855305363429,3.514436,0.04669769,GALAXY,18.64134,17.54169,17.02921,16.73301,16.57948,0.02338047,0.005593747,0.005026777,0.005471807,0.01332368,21.40976,True
1237651801770950802,149.915558434773,0.541044720846726,14.8743,0.04483392,GALAXY,17.52063,15.86076,15.085,14.72916,14.45327,0.02373971,0.003737895,0.003106467,0.003294913,0.006818959,25.56476,True
1237651801770950893,150.003668803013,0.532255470612209,5.013844,0.08714681,GALAXY,20.23514,18.42793,17.5417,17.13688,16.84263,0.09452097,0.01119833,0.008020084,0.008367919,0.01984843,11.60398,True
1237648720143777968,149.794243153907,-0.859430542241125,4.139326,0.1045381,GALAXY,18.99221,18.03735,17.41614,17.01984,16.76277,0.03064797,0.008085384,0.00657619,0.006784076,0.01650253,12.54855,False
1237648720143843470,149.999032228241,-0.869149458440511,8.221484,0.07604031,GALAXY,18.16105,16.22465,15.32444,14.8955,14.57333,0.02152762,0.003525579,0.002725568,0.002725563,0.004885236,31.94555,True
1237648720143909041,150.184955682519,-0.899090739647758,3.340746,0.1391733,GALAXY,19.98368,18.51506,17.61439,17.16747,16.82649,0.05352889,0.009879111,0.006756996,0.006674519,0.01510615,12.97874,False
1237648720144040072,150.355141733307,-0.880357361936855,5.41255,0.1685575,GALAXY,20.29642,18.34182,17.11119,16.58401,16.1605,0.09603742,0.0109466,0.006021387,0.005683358,0.01225773,11.74623,False
1237648720144040094,150.405833096303,-0.943491695960046,10.27166,0.04726475,GALAXY,18.7589,17.2234,16.60966,16.21881,15.86789,0.05468471,0.00721088,0.005934637,0.00595388,0.01395935,10.09472,True
1237648720144040126,150.461261220419,-0.846551572960779,3.106287,0.1361056,GALAXY,20.2925,18.29615,17.20365,16.74326,16.3592,0.06564418,0.008190583,0.005251537,0.005150964,0.01049941,16.76721,False
1237648720145350780,153.382431874067,-0.998763432896882,4.218075,0.04055981,GALAXY,18.41643,16.45271,15.5719,15.11834,14.75232,0.02082128,0.003589178,0.002864217,0.002834342,0.004747408,30.79773,True
1237648720145350835,153.481954181753,-0.886218729848703,4.758733,0.04111088,GALAXY,18.00971,16.17976,15.31786,14.89625,14.56333,0.015794,0.003231206,0.002681464,0.002681819,0.004325145,33.14241,True
1237648720145350917,153.417098594503,-0.863705547803251,6.089104,0.04144965,GALAXY,18.76879,17.02524,16.21237,15.83982,15.55406,0.02688472,0.004584717,0.003652486,0.003717699,0.007655485,19.51854,True
1237648720145416289,153.513217813478,-0.892922172081144,3.45858,0.04087288,GALAXY,19.87273,18.14098,17.40933,17.08693,16.82367,0.05398452,0.008101264,0.006383714,0.006726204,0.01648416,12.69098,True
1237648720680714471,150.016915935814,-0.588057390616542,3.782722,0.04600773,GALAXY,18.81632,17.53404,16.88906,16.5596,16.25543,0.02864559,0.006185977,0.005169015,0.005269799,0.01194937,18.86554,True
1237648720680779853,150.139704964526,-0.567630021459032,4.111677,0.1678891,GALAXY,21.4593,18.89664,17.62421,17.09115,16.67919,0.2184908,0.01382973,0.007450528,0.006752887,0.0148556,10.18932,False
1237648720680779923,150.097759579105,-0.445039728881657,5.205937,0.08704937,GALAXY,18.86694,16.89172,15.9012,15.47136,15.10452,0.03213622,0.004475877,0.003296734,0.003178406,0.005905822,28.83837,True
1237648720680779989,150.190748527616,-0.614745491181583,6.469409,0.1693277,GALAXY,19.96745,17.96871,16.74139,16.24553,15.88201,0.08079015,0.008730037,0.00506443,0.004693204,0.01025597,15.923,False
1237648720685039745,159.797841557464,-0.557196465638875,7.688957,0.02335118,GALAXY,19.19752,18.07471,17.76889,17.6148,17.49577,0.04068864,0.008913954,0.01032533,0.01420389,0.03818009,11.54088,True
1237648721215815722,145.876483466918,-0.0110048657705028,5.008183,0.1270235,GALAXY,19.86773,17.77314,16.56558,16.07451,15.6529,0.07366682,0.009165681,0.004847349,0.004530665,0.00947711,21.99423,False
1237648721215881342,146.05730387255,-0.0970296857105921,4.998258,0.03673035,GALAXY,18.53085,16.5696,15.63575,15.19359,14.81316,0.02464546,0.003843902,0.002939477,0.002940374,0.00543029,35.05378,True
1237648721217716478,150.295579635997,-0.0629726266544866,6.139619,0.09193879,GALAXY,19.26116,17.29478,16.3337,15.88839,15.53391,0.04413442,0.005704156,0.003986887,0.003990735,0.008746567,21.31931,True
1237648721217716483,150.297003559416,-0.133472685723812,9.027001,0.09008988,GALAXY,18.40213,16.41165,15.42901,14.9765,14.6189,0.02886858,0.003988289,0.002895393,0.002887597,0.005754681,29.44415,True
1237648721217781869,150.470614828174,-0.125152171985903,8.276864,0.03283051,GALAXY,17.82291,15.90147,15.01124,14.57618,14.21995,0.01716423,0.003019548,0.002443856,0.00247314,0.004351231,39.01142,True
1237648721217781969,150.401766566039,-0.163839992170099,4.776045,0.1368263,GALAXY,19.74046,17.76958,16.66545,16.21573,15.81061,0.05218047,0.006739914,0.004331633,0.004314197,0.009179792,21.3591,False
1237648721221583000,159.059541967857,-0.159019119711562,10.8398,0.02770622,GALAXY,17.11091,15.75166,15.01781,14.61758,14.29235,0.01153495,0.002957243,0.002575164,0.002609431,0.005057587,22.69252,True
1237648721221648570,159.30949656766,-0.0874401366456795,3.999828,0.02126185,GALAXY,18.85895,17.84279,17.39774,17.16279,16.95072,0.02866356,0.007053656,0.00671981,0.007658916,0.02238099,10.5707,True
1237648721754456298,150.029154241836,0.219381806697967,4.973337,0.1916706,GALAXY,20.80392,18.78969,17.46355,16.95111,16.6036,0.1255044,0.01289471,0.006838934,0.006481574,0.0165403,13.23611,False
1237648721754521762,150.069631648709,0.275633916084563,6.236558,0.08826268,GALAXY,18.85771,17.3365,16.60225,16.17563,15.9129,0.03327451,0.006143369,0.004529916,0.004478051,0.01198145,17.5433,True
1237648721754521800,150.107961826174,0.233560308128175,4.156692,0.2207649,GALAXY,20.99168,18.60457,17.21541,16.69844,16.28778,0.1504085,0.01142618,0.005944764,0.005638006,0.01332199,16.18414,False
1237648721757077650,155.893009350361,0.284993593957885,4.063527,0.13724,GALAXY,20.64817,18.78914,17.69856,17.20419,16.86217,0.09246802,0.01098684,0.007162871,0.00691053,0.01726875,12.18112,False
1237648722289623248,146.016869509319,0.71679597234665,4.362741,0.03516901,GALAXY,19.2669,17.30498,16.34389,15.88671,15.51674,0.03761065,0.005191904,0.003769754,0.003832619,0.006943778,26.0619,True
1237648722291392551,150.101524252211,0.704590919788355,11.93886,0.03337267,GALAXY,16.81395,14.94518,14.10857,13.67011,13.35343,0.01120181,0.002368208,0.002049843,0.002066847,0.003054439,42.79793,True
1237648722291392782,150.10978689645,0.758522791370011,6.461496,0.09305055,GALAXY,20.11924,18.35579,17.46335,17.05263,16.7293,0.08610734,0.01126579,0.007793533,0.008365355,0.01940169,10.50772,True
1237648722291392795,150.129777986908,0.758960665062155,5.8785,0.03323909,GALAXY,18.56104,17.53645,17.07382,16.78525,16.58965,0.0226396,0.005819347,0.005412478,0.006225354,0.01565456,14.3838,True
1237648722830884909,156.149004018846,1.10981401581018,9.821346,0.02170384,GALAXY,16.84189,15.02242,14.17648,13.7782,13.46235,0.01069998,0.002299665,0.002031715,0.002062233,0.003072115,45.0479,True
1237650796219859138,145.825165655138,0.0431777946351111,5.128165,0.1451134,GALAXY,20.32858,18.35477,17.20525,16.70494,16.27762,0.09478045,0.009673319,0.005982872,0.005497382,0.01284867,13.08056,False
1237648720151052338,166.449834887098,-0.886045649278565,5.673716,0.04576474,GALAXY,18.27351,16.40658,15.54518,15.13496,14.80932,0.01921589,0.003486999,0.00284803,0.002857879,0.005151133,29.49955,True
1237648720151183470,166.697789875347,-0.924148490427942,11.15121,0.03824842,GALAXY,17.58879,15.76081,14.9593,14.55726,14.24744,0.01295852,0.002759901,0.002386071,0.002421175,0.004003376,39.05458,True
1237648720681173181,150.96998320019,-0.620946867170594,3.812866,0.1226063,GALAXY,19.39655,18.17027,17.47177,17.02669,16.73509,0.04184456,0.008563894,0.006874962,0.006584818,0.01597016,11.96751,False
1237648721217716259,150.236207799024,-0.106483009206982,5.778851,0.1054762,GALAXY,19.3397,17.51147,16.53505,16.11361,15.77571,0.044207,0.006259494,0.00430066,0.004346654,0.009887717,21.67512,False
1237648721217716376,150.208211947633,-0.149159040367351,8.375134,0.04281429,GALAXY,17.52312,16.11988,15.57625,15.25449,15.03674,0.01535399,0.003415667,0.003054408,0.003269727,0.007969765,22.58787,True
1237648721217716396,150.227080685373,-0.0311082409736053,6.238085,0.09491993,GALAXY,19.0446,17.59115,16.84054,16.42082,16.12059,0.0750143,0.006709012,0.005063805,0.005202834,0.01360154,14.00336,True
1237648721218109642,151.220749066075,-0.05833497845554,18.34707,0.02147727,GALAXY,17.58076,16.14459,15.45339,15.06927,14.79169,0.04568785,0.004588524,0.003789178,0.004016505,0.00971702,11.56472,True
1237648721752555640,145.594012704541,0.309420163606019,4.461374,0.04570889,GALAXY,19.13766,17.23995,16.29899,15.78274,15.38905,0.04274968,0.005546859,0.004001701,0.003812479,0.008246816,22.06196,True
1237648721753669808,148.146365305415,0.249043874575453,5.225756,0.08185273,GALAXY,18.8115,17.67166,17.08666,16.44283,16.44788,0.03489964,0.007643925,0.006621859,0.005808079,0.01970389,17.5143,True
1237648722290540656,148.188100804729,0.751631418526323,3.604766,0.02616739,GALAXY,17.95381,17.28597,17.12378,17.04028,16.88636,0.0149561,0.005053612,0.005357768,0.006777821,0.01719522,17.60198,True
1237648722290606356,148.335241597554,0.720646674802786,5.900882,0.02078303,GALAXY,18.46292,17.40333,16.94285,16.68523,16.48422,0.04225943,0.005706013,0.005171288,0.006135918,0.0153351,13.54318,True
1237648722292048086,151.654714030385,0.632609180168478,9.121442,0.02122282,GALAXY,17.70245,16.22431,15.51102,15.15194,14.83453,0.01792268,0.003480389,0.00293043,0.003081598,0.005681577,17.30151,True
1237648722827280442,147.895864049868,1.11206684666239,7.351241,0.02054176,GALAXY,17.17308,15.295,14.46127,14.04805,13.74491,0.01220723,0.002454861,0.002131785,0.002165936,0.003335312,44.81456,True
1237650796219596986,145.251997907273,0.126486008622319,3.010925,0.1219135,GALAXY,20.84675,18.71995,17.60611,17.11392,16.70932,0.1036075,0.01007371,0.006484517,0.006006924,0.01382843,13.83891,False
1237650796219793563,145.669473696125,0.111700991273192,4.149614,0.1247047,GALAXY,20.40468,18.62193,17.54494,17.07215,16.6712,0.08102003,0.01008895,0.006551089,0.006180676,0.0147504,14.87827,False
1237650797293535398,145.663598882417,0.97367241833886,4.998249,0.1353705,GALAXY,18.87798,17.59862,16.8619,16.41427,16.11835,0.03111852,0.005747071,0.004639918,0.004602861,0.01040532,18.3569,False
1237651800697339950,150.229572665908,-0.211819307669586,8.17505,0.0910074,GALAXY,18.69519,16.74732,15.77685,15.3523,14.99876,0.05141987,0.005574826,0.003944224,0.003880161,0.00893877,21.45028,True
1237651800697340062,150.227828018902,-0.310571244572782,4.583472,0.08794625,GALAXY,19.15013,17.1638,16.21948,15.80673,15.4866,0.04487099,0.005387517,0.00393921,0.00391254,0.008576769,26.27499,True
1237651801234800759,151.582148850562,0.166785443734975,3.82531,0.1227362,GALAXY,20.50275,18.54346,17.46213,16.98012,16.60234,0.1048361,0.01054388,0.006764457,0.006433466,0.01616316,11.63609,False
1237651823245197515,213.579785063339,4.91255939971302,4.071666,0.05443105,GALAXY,19.0113,17.76071,17.18725,16.84897,16.65424,0.03401098,0.006394417,0.005711591,0.006489825,0.01692831,14.23561,True
1237651823245262904,213.807118315861,4.8347381528395,4.980502,0.05604844,GALAXY,18.73962,16.79822,15.90245,15.50013,15.1948,0.03253286,0.004253484,0.003316469,0.003473907,0.006643052,28.04715,True
1237651823245263060,213.789900985936,4.92666848932354,16.79444,0.05605765,GALAXY,16.90615,15.38732,14.6414,14.25954,13.96924,0.0221995,0.003505753,0.00294692,0.003221683,0.007258601,19.48832,True
1237651823245263124,213.813667965894,4.89901135292543,5.56409,0.05797697,GALAXY,18.70417,17.19168,16.44406,16.068,15.78112,0.03093859,0.004976757,0.004073496,0.004420399,0.009858552,18.90773,True
1237651823245263137,213.821949261794,4.94819179854479,3.524553,0.05680472,GALAXY,19.98692,18.19607,17.23878,16.75643,16.35785,0.07436613,0.008508642,0.005953567,0.006141403,0.01294084,13.87135,True
1237651823245328583,213.924916044676,4.96258544659983,4.929511,0.1264746,GALAXY,19.62162,17.8635,16.87651,16.44688,16.07858,0.06515327,0.007822271,0.005353497,0.005736728,0.01236398,14.785,False
1237651823245394142,214.115285203764,4.96136686216069,9.062325,0.05752193,GALAXY,18.22345,16.30947,15.43529,15.01965,14.69755,0.02503581,0.003617813,0.002892845,0.002996926,0.005501649,31.23094,True
1237651823245459566,214.135958586155,4.95466097250964,5.697154,0.05761838,GALAXY,18.78603,17.3358,16.57381,16.16052,15.87853,0.03443198,0.00588337,0.004648912,0.004991197,0.01109343,18.95962,True
1237654599954202835,153.350900653912,3.19684900961845,4.363415,0.1212419,GALAXY,20.16677,17.9423,16.88329,16.43179,16.08448,0.0725742,0.007507978,0.004771124,0.00456248,0.009032924,20.64148,False
1237654600491073657,153.320049752677,3.50044731191634,3.678105,0.06910947,GALAXY,19.00844,17.18137,16.36933,15.98188,15.69045,0.0291605,0.004674697,0.003658822,0.003631971,0.006512022,32.20433,True
1237654600491139293,153.506541737593,3.57546870367308,3.170279,0.1212145,GALAXY,20.24074,18.1843,17.18677,16.76499,16.41306,0.0673239,0.007624266,0.005149594,0.004966643,0.00964419,20.86714,False
1237654600491597955,154.46015140949,3.55660193316991,5.479319,0.1061023,GALAXY,19.65037,18.01371,17.17172,16.72739,16.38107,0.05396076,0.007642863,0.005582092,0.005327657,0.01123075,15.13131,False
1237648720141746448,145.196298357095,-0.879999301478019,3.086037,0.118615,GALAXY,19.865,18.27215,17.45637,17.07174,16.82843,0.05269816,0.008524054,0.006260213,0.006465309,0.01557842,14.41989,False
1237648720679272634,146.629629363229,-0.465660529958573,5.894123,0.0893447,GALAXY,19.38432,17.63378,16.71201,16.23913,15.88249,0.05784456,0.007597007,0.005294663,0.005065781,0.01138554,16.9233,True
1237648720680255563,148.879982167471,-0.467239418749006,4.870155,0.03220713,GALAXY,18.33179,16.48593,15.64949,15.24556,14.91479,0.021087,0.003634782,0.002976935,0.002915391,0.005140154,31.11094,True
1237648721217126725,148.979492200151,-0.190281126634072,7.426924,0.02094694,GALAXY,18.53193,16.55182,15.60538,15.06845,14.60923,0.03187532,0.004221613,0.003162086,0.003089495,0.005784347,25.04636,True
1237648722827346124,147.956744691739,1.14280279273012,4.12357,0.06441984,GALAXY,19.88029,17.93231,16.98097,16.54883,16.20587,0.06211846,0.006999351,0.004907351,0.004982885,0.01069122,18.2288,True
1237651752385577176,147.740239613489,0.863144797473649,7.583514,0.02513117,GALAXY,17.97391,16.82672,16.23739,15.94267,15.67652,0.02192985,0.004811733,0.00429004,0.004748762,0.01214149,20.27508,True
1237651752922448044,147.725910030087,1.19268680029457,4.922669,0.02833657,GALAXY,18.62317,17.71469,17.46498,17.32793,17.22648,0.0280127,0.006564279,0.007270792,0.00880677,0.02893629,15.2733,True
1237651752930705639,166.623331715104,1.67587073484094,4.023906,0.0311747,GALAXY,18.01671,17.14312,16.91299,16.72362,16.5833,0.01722621,0.004712455,0.004929842,0.005525103,0.01586484,19.5857,True
1237651752930705652,166.62859265649,1.69463666868149,4.072431,0.03069928,GALAXY,18.86891,17.79827,17.28895,16.98221,16.72504,0.03228321,0.006896509,0.006412329,0.006956771,0.0196097,14.29645,True
1237651752931295292,167.858885423531,1.66890155218029,4.526509,0.03935371,GALAXY,18.87883,17.73425,17.29428,17.02377,16.82689,0.03925264,0.007351517,0.007137515,0.007989171,0.02633422,10.98925,True
1237651755077927054,165.992781416056,3.29304962739363,8.86549,0.1145771,GALAXY,19.07904,17.27424,16.37618,15.96269,15.58472,0.06740681,0.007109549,0.00515168,0.005486515,0.012786,15.49206,False
1237651755078189237,166.506720315681,3.37243502822717,4.219371,0.07417074,GALAXY,20.04535,18.24907,17.37253,16.92929,16.62582,0.08701573,0.009433214,0.006699275,0.00694558,0.01736775,13.36988,True
1237651755078189251,166.539982928993,3.29707863797351,8.142637,0.03074929,GALAXY,18.66993,16.61043,15.89893,15.49812,15.19934,0.05277174,0.004567794,0.003955361,0.004143984,0.009247127,17.54041,True
1237651800696815831,149.090206729947,-0.251427074082198,8.007872,0.02139691,GALAXY,17.74933,16.50113,15.89778,15.60806,15.32293,0.01799582,0.003996283,0.00361906,0.003818263,0.008784801,23.77202,True
1237651822709047481,215.197947428481,4.37019771434915,10.21341,0.02666598,GALAXY,18.60508,17.12584,16.48308,16.15266,15.93074,0.04258628,0.005744905,0.00510599,0.005680872,0.01856514,12.46864,True
1237651822709178630,215.545275296719,4.50091081728381,4.783004,0.02712389,GALAXY,19.05471,17.31368,16.56281,16.20399,15.9157,0.04396416,0.005659816,0.004688662,0.004868244,0.01285048,18.5766,True
1237651823245918301,215.300082380753,4.78811553165445,4.104841,0.02641325,GALAXY,18.00923,17.14453,16.97184,16.87999,16.81965,0.01921198,0.005177558,0.005628204,0.007410713,0.02166226,17.46399,True
1237652944240378258,339.544150726637,14.4405887606414,8.724359,0.03598876,GALAXY,18.51696,17.07081,16.31705,15.9046,15.57092,0.03787833,0.005825717,0.004597469,0.005005784,0.01224346,15.76169,True
1237654599959969882,166.443455985311,3.49550751906162,12.25422,0.03160278,GALAXY,17.94614,16.34532,15.60361,15.22978,14.95231,0.02650141,0.004285447,0.003370994,0.003364698,0.007267176,15.30687,True
1237654602628399113,129.913369490276,3.82850791855259,5.462007,0.02667053,GALAXY,16.70836,15.73147,15.18045,14.90771,14.65053,0.008326098,0.002736658,0.00255231,0.002648309,0.00445813,36.50013,True
1237654606399864950,160.903058144075,5.19840787082603,5.094718,0.131338,GALAXY,20.22321,18.40922,17.44639,16.9749,16.59723,0.08369634,0.01058011,0.006863008,0.006609641,0.01329527,12.58747,False
1237654606399930562,161.097133486891,5.37075261079266,6.172863,0.03813367,GALAXY,18.71706,16.8492,16.0718,15.67763,15.38503,0.03291902,0.004761902,0.003656984,0.003676247,0.006926744,23.66934,True
1237654606400061622,161.368210874778,5.28422410802624,3.301051,0.1261291,GALAXY,20.39009,18.44002,17.3632,16.9103,16.54005,0.08030142,0.009251644,0.005722851,0.005575826,0.01069291,16.57506,False
1237654669735166231,149.105306592207,-0.367428145985335,3.949292,0.0908874,GALAXY,20.24663,18.22563,17.28766,16.86633,16.50354,0.1036948,0.009503854,0.006507222,0.0065194,0.01631443,12.74358,True
1237654880737296554,215.540469540809,4.52114706593333,12.41225,0.02671912,GALAXY,17.45292,15.75949,14.88421,14.43791,14.05507,0.02125954,0.003211671,0.002579057,0.002509434,0.005010025,26.74904,True
1237654880737362110,215.711856861198,4.66584914595986,14.63661,0.025841,GALAXY,17.74292,15.98002,15.46185,15.19354,15.08203,0.03590958,0.003911915,0.003702877,0.003948867,0.01265182,10.01687,True
1237654880737362119,215.716607505248,4.64038836639674,9.027306,0.08731168,GALAXY,18.67689,17.01469,16.13837,15.69923,15.43764,0.04943026,0.005994861,0.004458172,0.004245052,0.01123514,16.06008,True
1237654880737362089,215.683438454842,4.69060242831126,7.425351,0.1109312,GALAXY,18.31911,16.85164,16.0366,15.61833,15.35614,0.03053311,0.004903417,0.003850058,0.003704352,0.009158697,19.62498,False
1237654880737296537,215.524243027054,4.59837003525403,3.774163,0.08782889,GALAXY,19.19311,18.01314,17.4717,17.19177,16.97934,0.04371938,0.007865774,0.006854268,0.007251602,0.02185832,12.63407,True
1237654880737230995,215.510310666511,4.72441329574613,3.487406,0.1105986,GALAXY,20.16476,18.50643,17.51363,17.08597,16.74269,0.08007927,0.009790937,0.006367206,0.006221028,0.01590129,13.16136,False
1237654880737230948,215.396615390133,4.60297837774099,3.359093,0.08908281,GALAXY,20.58041,18.45195,17.46888,17.05209,16.7127,0.1089763,0.009093405,0.005996463,0.005872969,0.01461493,14.04236,True
1237654880737230925,215.361015369039,4.53749256258631,4.649405,0.1430112,GALAXY,20.47023,18.67226,17.53779,17.05256,16.69688,0.1176233,0.0120561,0.00695031,0.006587417,0.01715255,11.50923,False
1237654880737165479,215.352523576415,4.58643942377139,4.837291,0.1433548,GALAXY,19.03154,17.91003,17.07568,16.66555,16.36333,0.0426128,0.007845654,0.005834511,0.005635151,0.01512651,13.95134,False
1237654880737099991,215.180110442432,4.64656404713829,7.245747,0.1083072,GALAXY,19.25184,17.43027,16.79212,16.40267,16.16665,0.06304694,0.006202001,0.005347964,0.005230402,0.01534303,11.52488,False
1237654880737099980,215.175518042533,4.66505367027957,3.793735,0.08734931,GALAXY,20.29113,18.49785,17.71272,17.36106,17.13709,0.09309013,0.009550257,0.007304315,0.007135366,0.0211117,12.08255,True
1237654880737034437,215.046935793368,4.739439992863,3.638727,0.1099376,GALAXY,19.65047,17.99898,17.07798,16.6348,16.2988,0.05433228,0.007014535,0.005050406,0.004806026,0.01145809,18.05122,False
1237654880737034278,214.97916901586,4.67889424699427,7.893144,0.1437821,GALAXY,19.67138,17.74934,16.67319,16.2166,15.83978,0.09169278,0.008273242,0.005327841,0.005019489,0.01257225,13.39544,False
1237654881274036322,215.373984765356,5.07320835012245,9.921278,0.02707078,GALAXY,16.57148,15.07254,14.34344,13.96116,13.60617,0.01086259,0.002531384,0.002202279,0.002220198,0.003440814,32.23271,True
1237654880736968887,214.892986381976,4.6400322648159,5.242095,0.09833516,GALAXY,20.2293,17.95159,16.98293,16.46937,16.07557,0.1255621,0.008671821,0.005877756,0.005357059,0.01329411,14.27442,True
1237654880736968852,214.844624531776,4.72349385575722,4.798954,0.1388659,GALAXY,20.40553,18.42558,17.34784,16.90614,16.60136,0.09723168,0.009347505,0.005964507,0.005683603,0.0149651,13.72874,False
1237654652562768283,123.49098105468,39.5576829180263,3.951076,0.2424777,GALAXY,21.63301,19.11332,17.69131,17.19338,16.88149,0.278718,0.01682839,0.008146485,0.007684071,0.02018599,14.43221,False
1237654606400061639,161.405633202197,5.4248662262414,7.76216,0.0728811,GALAXY,19.65005,17.7863,16.8505,16.33301,15.9352,0.07267629,0.009904261,0.005873143,0.005298294,0.01006399,11.19151,True
1237654606399864987,160.99021773782,5.25487893618506,4.638946,0.179898,GALAXY,20.82159,18.99205,17.76834,17.25853,16.87801,0.1148086,0.01351493,0.007213368,0.00680648,0.01370523,10.65983,False
1237654606399799371,160.855722721236,5.29159112598812,3.354504,0.09171931,GALAXY,19.49752,18.07829,17.25315,16.7369,16.40021,0.03720018,0.007065151,0.005098362,0.004847705,0.009210687,18.02374,True
1237654605863125245,161.291607877459,4.94449294928368,22.81334,0.06888863,GALAXY,17.30252,15.55713,14.73618,14.31641,13.99168,0.02424553,0.003385372,0.00272827,0.002635042,0.005760653,25.0473,True
1237654605863125205,161.26063713921,4.79607652736845,5.706689,0.107667,GALAXY,19.54789,17.46832,16.43272,15.99959,15.65341,0.05574909,0.005976326,0.004108844,0.003919342,0.008518402,21.26724,False
1237654605863125153,161.187580582013,4.97111224815361,5.332278,0.1439236,GALAXY,20.38042,18.39959,17.36803,16.93048,16.6136,0.0952565,0.009881858,0.006414169,0.006017565,0.01493555,13.71385,False
1237654605863059690,161.127174202213,4.99196066786021,4.563418,0.06916042,GALAXY,19.07717,18.08418,17.76791,17.50046,17.47363,0.03133816,0.007204311,0.007488685,0.007878952,0.02664301,12.65293,True
1237654605862994100,160.982721906743,4.83459910578489,3.153218,0.09996615,GALAXY,20.11136,18.25354,17.32914,16.92896,16.60635,0.06284385,0.007953516,0.005739325,0.005487078,0.01286247,16.01924,True
1237654605323108440,153.997784777597,4.18135926193004,5.383704,0.04576737,GALAXY,18.54047,16.65919,15.77858,15.37425,15.05465,0.02456102,0.003848075,0.003041368,0.002969078,0.005395453,33.69303,True
1237654604786434232,154.524632410606,3.80812104619153,3.817785,0.1162104,GALAXY,19.66029,17.74671,16.74238,16.33526,15.96712,0.05332171,0.006555639,0.004498769,0.004320939,0.007986174,23.93644,False
1237654604786237506,154.033704087966,3.75829279073338,3.865977,0.2042799,GALAXY,20.96868,19.02554,17.71948,17.23658,16.88896,0.1520234,0.01515879,0.007655065,0.006912616,0.01463188,11.7776,False
1237654604786172107,153.953366575143,3.81520397394777,5.199119,0.1152424,GALAXY,19.76614,17.84801,16.82894,16.35219,15.96145,0.0619214,0.007349115,0.004879162,0.004553316,0.00847861,19.32049,False
1237654604786172083,153.932301298606,3.68745040999546,3.117222,0.1495143,GALAXY,20.66593,18.53572,17.39124,16.91227,16.55124,0.1025103,0.009684804,0.005845472,0.005411678,0.01041718,14.36843,False
1237654604249432230,154.264343763773,3.40182039092447,4.454184,0.07627898,GALAXY,20.1855,18.14145,17.31784,16.93067,16.61961,0.09158237,0.009768864,0.006815016,0.006571098,0.01506595,11.60421,True
1237654604249432211,154.23778492921,3.4142197224208,7.043864,0.04674171,GALAXY,18.72218,16.80732,15.97443,15.6104,15.27373,0.03041344,0.004538957,0.003417513,0.003407978,0.006307743,28.46137,True
1237654604249432202,154.229009966447,3.39032730852729,6.947885,0.04603218,GALAXY,18.48335,17.53633,17.1584,16.87249,16.68973,0.02477673,0.00655453,0.00617802,0.006451675,0.01667891,12.19447,True
1237654604249301149,153.980945278631,3.29639493703915,3.938578,0.1488825,GALAXY,18.65591,17.56272,16.94772,16.55038,16.36911,0.02236225,0.005714632,0.00466155,0.004482661,0.01010364,20.66704,False
1237654602642030804,161.22898657088,5.56934441435919,4.700415,0.1011715,GALAXY,18.97493,17.76726,17.13663,16.70467,16.51719,0.03321027,0.006714747,0.005446899,0.005310642,0.01256064,16.53986,False
1237654602641899637,160.894116906538,5.57102173637823,7.095691,0.1576094,GALAXY,19.07743,17.65722,16.76859,16.32598,16.045,0.04914005,0.007088457,0.004952923,0.004802279,0.01099977,13.22914,False
1237654602638950539,154.180692928192,5.15449138232939,6.676047,0.04571308,GALAXY,18.43492,16.88467,16.07558,15.61954,15.30602,0.0321717,0.005047065,0.003879636,0.003813655,0.007830554,23.28922,True
1237654602628989298,131.334810821842,4.00721532838145,4.65036,0.09662823,GALAXY,19.63449,18.21346,17.49032,17.09171,16.88071,0.05463832,0.008308174,0.006688604,0.006963727,0.01803423,11.12047,True
1237654602628858255,131.081542446324,3.87397407622712,6.505672,0.1177646,GALAXY,19.37069,17.48288,16.47989,16.0453,15.70709,0.05281232,0.006109823,0.004303333,0.004313262,0.008996586,19.67124,False
1237654602628858195,131.031360833807,3.83513546057113,4.761884,0.1175871,GALAXY,19.02704,17.97739,17.49085,17.16042,17.0056,0.03479057,0.007723695,0.007014672,0.007656729,0.02143167,10.62187,False
1237654602105225402,161.326266232696,5.09362382246372,11.34969,0.06925026,GALAXY,17.84114,16.16147,15.36559,14.96564,14.64223,0.02906372,0.004320304,0.003299034,0.003341131,0.006535164,21.94004,True
1237654602105225368,161.291385573213,5.08815036497979,6.376112,0.06909855,GALAXY,19.04585,17.33784,16.45606,15.96275,15.61167,0.04489566,0.006391012,0.004513047,0.004343566,0.008313568,17.93365,True
1237654602105028768,160.849528730103,5.17055609951078,4.867031,0.1315958,GALAXY,20.48154,18.52198,17.49914,17.07619,16.74415,0.1013701,0.01094057,0.006682535,0.00665611,0.01385026,12.08209,False
1237654602102145166,154.280688826906,4.89466967276085,5.783714,0.1066619,GALAXY,19.67746,18.07171,17.27769,16.85331,16.51586,0.05248983,0.007791088,0.00579886,0.005818438,0.012116,14.56266,False
1237654602102145159,154.254426797147,4.84913516095766,3.801633,0.2111622,GALAXY,20.70454,18.74135,17.40307,16.8969,16.55201,0.1260976,0.01330943,0.006627067,0.006432547,0.01312708,14.99247,False
1237654601568288884,161.164202666014,4.74208589439322,3.892668,0.07432022,GALAXY,19.69809,18.16378,17.38643,16.98673,16.67799,0.04741323,0.007301883,0.005562271,0.005337661,0.01337256,15.4947,True
1237654601568157951,160.962355950589,4.60424726044919,6.105563,0.1505156,GALAXY,19.81547,17.84979,16.69046,16.20466,15.8272,0.06630701,0.00728892,0.004519654,0.004150472,0.00908867,19.08468,False
1237654601028337768,154.114392422924,3.87748164714702,3.397157,0.1068191,GALAXY,20.18773,18.45399,17.47607,17.04102,16.70354,0.06498294,0.008893985,0.005968119,0.005755872,0.01300555,14.92003,False
1237654601028272268,153.989737694285,3.97267524181706,4.92046,0.1584333,GALAXY,20.40955,18.45372,17.311,16.84804,16.51069,0.09618109,0.01027479,0.006039376,0.005713477,0.01337637,14.57752,False
1237654600491466912,154.196289161137,3.56709456657097,7.064977,0.08989805,GALAXY,19.61678,17.75637,16.84444,16.4287,16.1262,0.05841305,0.007085517,0.004992791,0.004864092,0.01016632,18.52223,True
1237654600491401423,154.049822560528,3.65055971514024,7.844723,0.03201616,GALAXY,16.81153,15.69118,15.14948,14.83235,14.58846,0.0094052,0.002870144,0.002602549,0.002625167,0.004570843,29.99604,True
1237654600491401394,153.984136747719,3.64237998801291,4.392872,0.1247881,GALAXY,20.13722,18.35007,17.29744,16.78265,16.36637,0.07233466,0.008918316,0.005729847,0.005355508,0.01018312,15.46673,False
1237654600491270330,153.775909669332,3.63437893097835,5.662275,0.1149139,GALAXY,19.63768,17.60233,16.5333,16.08491,15.70474,0.05978448,0.006426372,0.004221054,0.004042598,0.007565983,22.34116,False
1237654599954530470,154.091120861735,3.22062599095737,8.695579,0.1169809,GALAXY,18.9664,17.42356,16.5867,16.17835,15.88063,0.04314752,0.00694874,0.004969657,0.004954293,0.01154282,12.27446,False
1237654031400108232,166.465369715156,3.4221538561677,11.05235,0.07467569,GALAXY,18.53374,16.51243,15.56804,15.11544,14.75014,0.03244019,0.003947028,0.003065675,0.003104006,0.005852734,26.4009,True
1237654029789954180,167.509774147281,2.22974929356107,4.624134,0.1492801,GALAXY,20.5015,18.49398,17.3762,16.93222,16.55364,0.09434488,0.01008554,0.006384715,0.00644728,0.01546187,12.74975,False
1237654029789888654,167.38702550201,2.26106540664357,12.06083,0.0855354,GALAXY,18.38568,16.58942,15.72422,15.29755,14.97629,0.03142492,0.00450709,0.003494152,0.003571385,0.008313797,22.13431,True
1237654029789888579,167.445861099025,2.18968657522688,8.45943,0.0846258,GALAXY,18.63225,17.13281,16.41698,16.01124,15.74896,0.03734942,0.005943347,0.004989373,0.005319462,0.01549665,11.72062,True
1237654029789823094,167.207757420976,2.18601950851292,5.498465,0.2016544,GALAXY,20.81459,18.68948,17.384,16.88467,16.51451,0.1389402,0.01250278,0.006937703,0.006732729,0.01722661,12.11867,False
1237654029789757623,167.094731760621,2.19242414066078,4.853193,0.0862603,GALAXY,19.72223,17.86439,16.89566,16.43948,16.0568,0.0627768,0.007743204,0.005484471,0.005476542,0.0130621,13.86249,True
1237654029789626528,166.821079664435,2.22126654284802,6.408988,0.06214903,GALAXY,18.66647,17.30706,16.79546,16.45354,16.26258,0.02945741,0.006187472,0.005815109,0.005822475,0.01723832,12.69823,True
1237654029253017768,167.465037477835,1.95533527570304,3.428246,0.1101428,GALAXY,19.70075,18.02669,17.0996,16.64293,16.28878,0.04979368,0.007293252,0.005383466,0.005322624,0.01112085,16.3095,False
1237654029253017753,167.462325088573,1.77888511193041,5.581419,0.2086583,GALAXY,20.81528,18.53944,17.14128,16.62603,16.31018,0.1573952,0.0118541,0.006265947,0.006029181,0.01379398,12.03902,False
1237654029252952205,167.223999890192,1.78048584741951,3.731286,0.1436395,GALAXY,20.85243,18.71335,17.58932,17.12533,16.7461,0.1240404,0.01102244,0.007008827,0.006893773,0.01520858,12.09004,False
1237654029252952179,167.214258449324,1.80362206283198,4.932847,0.2090356,GALAXY,20.90385,18.71,17.3455,16.8257,16.42399,0.1598139,0.01265896,0.00677733,0.006499776,0.01420046,12.12812,False
1237654029252952169,167.193970304165,1.840642074209,5.592781,0.04242723,GALAXY,18.6959,17.5955,17.24063,17.00948,16.8027,0.02719308,0.006017247,0.006318376,0.007402309,0.02067835,12.85232,True
1237654029252952139,167.335780235436,1.83426204098436,3.91324,0.1349772,GALAXY,20.58145,18.71463,17.64404,17.11473,16.71502,0.1056115,0.0114567,0.007478714,0.007089989,0.01561287,11.51865,False
1237654029252886708,167.08993942512,1.94231063036658,8.416768,0.09857417,GALAXY,18.8517,16.85366,15.84237,15.40341,15.03752,0.03729846,0.004626542,0.003393494,0.003388936,0.006474881,22.61694,True
1237654029252886677,167.064756919393,1.92699873170491,4.929769,0.1000658,GALAXY,19.26803,17.38467,16.36938,15.8951,15.52279,0.04416831,0.005709725,0.004114856,0.004018077,0.007939958,19.01992,False
1237654029252886667,167.050805548818,1.95094486639525,4.61869,0.09949763,GALAXY,20.16152,18.0794,17.04264,16.59036,16.20146,0.07052218,0.00742674,0.005131438,0.00507125,0.01020094,16.02909,True
1237654029252886599,167.158367146439,1.87645603613366,14.22024,0.04239549,GALAXY,16.70052,15.29258,14.57847,14.18517,13.86301,0.01007894,0.002557201,0.002289485,0.002321213,0.003786885,37.2408,True
1237654029252821146,166.984303991889,1.77174288310687,3.466903,0.1034483,GALAXY,20.0425,18.29765,17.32355,16.89209,16.52536,0.06166553,0.008327775,0.005944941,0.005922291,0.0126039,14.36531,False
1237654029252821110,166.914877435331,1.78307994967333,6.160811,0.06621521,GALAXY,18.59299,16.67873,15.75032,15.30637,14.92713,0.02736131,0.004181346,0.003319863,0.003286612,0.005607892,25.34154,True
1237654029252821001,166.900218868818,1.94463875584055,8.908541,0.08839578,GALAXY,19.97557,18.03376,17.13613,16.65318,16.32486,0.09655794,0.01026708,0.007499362,0.007290505,0.01740306,15.24737,True
1237654029252755672,166.854525864128,1.77558248555222,7.976547,0.1338849,GALAXY,19.48642,17.75039,16.76156,16.31086,15.9581,0.06384135,0.008109877,0.005685421,0.005778768,0.01304018,13.32871,False
1237654029252690060,166.669856333807,1.77041934170973,5.650421,0.1012316,GALAXY,19.81742,17.87011,16.87419,16.42546,16.0312,0.0705779,0.007731636,0.005410063,0.005436523,0.01153964,15.41692,False
1237654028716277905,167.681749949155,1.54127347958953,3.709071,0.1301525,GALAXY,20.43747,18.71118,17.7118,17.28571,16.97276,0.0800882,0.01121293,0.007490179,0.007639023,0.01857198,10.75837,False
1237654028716277902,167.677247822355,1.45949451823391,4.508006,0.1290782,GALAXY,20.6391,18.64086,17.54479,17.12255,16.73982,0.1075048,0.01181041,0.007319795,0.007521691,0.01757276,11.1209,False
1237654028716212406,167.62124345599,1.48244483148828,6.08019,0.09763516,GALAXY,18.70275,17.39662,16.77862,16.4372,16.29536,0.03185327,0.006907749,0.006467627,0.006902418,0.02027226,10.30657,True
1237654028716212387,167.598381849885,1.53930185617043,7.621754,0.207593,GALAXY,21.10106,18.36931,16.9982,16.4937,16.16148,0.2134016,0.01195198,0.006129155,0.005976345,0.01401661,12.34109,False
1237654028716212362,167.548232945581,1.35806881716009,4.136681,0.08370402,GALAXY,18.69711,17.74944,17.36908,17.07204,16.98929,0.02395342,0.006598154,0.007230174,0.007353731,0.02254982,12.79923,True
1237654601028993224,155.674106947221,4.12210719231759,5.100669,0.1230804,GALAXY,19.83117,18.22835,17.3043,16.78835,16.43102,0.06723695,0.00972937,0.006448125,0.005919412,0.01389055,11.67916,False
1237654601028993229,155.683546247949,4.00681002608415,5.612093,0.04350974,GALAXY,18.71334,16.87908,16.05512,15.65872,15.35734,0.03038403,0.004526498,0.003457838,0.003410944,0.00703343,21.91362,True
1237654601029058641,155.777058126605,4.13454476564229,13.23189,0.04845324,GALAXY,17.42395,16.21058,15.72269,15.43506,15.21771,0.01764799,0.003900494,0.003729553,0.004036034,0.009693008,12.79873,True
1237654601029320725,156.389176493214,4.08130545773829,3.269617,0.1254525,GALAXY,18.59629,17.65694,17.31184,17.05104,16.99604,0.01957889,0.005453703,0.005167381,0.005391639,0.01386495,19.49483,False
1237654601570320520,165.892759489388,4.88396022031156,5.20968,0.1298466,GALAXY,20.71573,18.56596,17.46842,17.00169,16.66807,0.1333129,0.01113416,0.006795031,0.006325279,0.01587085,15.0947,False
1237654602101555227,152.927845312092,4.81735966242617,7.081109,0.02869461,GALAXY,17.78196,16.20945,15.49276,15.1309,14.86389,0.01674318,0.003417156,0.00284347,0.002913959,0.005091866,29.63599,True
1237654602644324420,166.421176958555,5.70651634470499,12.80538,0.05013314,GALAXY,17.66227,15.74167,14.86158,14.43612,14.13264,0.02267744,0.003100661,0.002467078,0.00242733,0.00424094,41.35144,True
1237654602644324515,166.384543385593,5.70759603570345,5.915627,0.04993612,GALAXY,19.43915,17.72188,16.85101,16.45088,16.13396,0.05284395,0.006484636,0.004735515,0.004721503,0.01003573,16.62942,True
1237654602644389916,166.546446253177,5.72583579968312,6.638005,0.05963952,GALAXY,19.54616,18.00622,17.27943,16.88453,16.62431,0.06187071,0.008220961,0.006504249,0.006487422,0.01550037,10.67923,True
1237654604787155104,156.221157523077,3.84659669250085,17.11066,0.02299019,GALAXY,16.57597,15.1803,14.5052,14.15954,13.87912,0.0124874,0.002774421,0.002448956,0.002447775,0.004231418,22.2923,True
1237654605860241507,154.634284622019,4.54962620836666,4.910361,0.03163446,GALAXY,18.47524,17.37259,16.98879,16.76139,16.56138,0.02551682,0.005356212,0.005330179,0.005746168,0.01638028,15.97325,True
1237654605865222300,166.028549106363,5.02749898090419,13.50452,0.02529279,GALAXY,17.76976,16.02427,15.23579,14.84038,14.55171,0.02186238,0.003372582,0.00279207,0.002700359,0.005652675,40.18488,True
1237654605865353366,166.418365274915,5.12266236525055,8.05244,0.0519894,GALAXY,18.14386,16.80748,16.16264,15.782,15.48374,0.02498148,0.004608196,0.00398055,0.003876034,0.009619677,19.25165,True
1237654606402224237,166.314050198271,5.38925888306812,3.410999,0.03155914,GALAXY,18.75962,17.05249,16.27478,15.89497,15.63342,0.024259,0.004373967,0.003507952,0.003518723,0.006244731,38.82327,True
1237654671349448806,157.404566258339,0.951132509643237,9.988187,0.0225078,GALAXY,17.43449,16.09895,15.50787,15.20116,14.95072,0.0214026,0.003810831,0.003270019,0.003618388,0.00868464,17.02254,True
1237656242237538486,340.555779680419,13.7727369241777,3.651249,0.1243309,GALAXY,20.38224,18.51361,17.46027,17.00392,16.57519,0.07892114,0.009091645,0.005989371,0.005752989,0.0133812,15.59366,False
1237656242237669758,340.839354424963,13.8991578165921,3.30374,0.1212604,GALAXY,20.80767,18.67733,17.64194,17.19774,16.82719,0.1122507,0.01017585,0.006610868,0.006311969,0.01585868,13.91058,False
1237657628454093014,179.791227221868,51.6720981304012,3.515295,0.07154939,GALAXY,18.95932,17.4936,16.87034,16.51013,16.26856,0.03284339,0.005552,0.004755419,0.004832354,0.01021312,16.91531,True
1237657628991029357,180.074008122051,51.9808444618638,4.590526,0.06643404,GALAXY,19.36997,17.55426,16.67171,16.28057,15.97408,0.04640985,0.005732568,0.004385845,0.004360359,0.009597244,18.38413,True
1237657630064443410,178.707434677206,52.8143753081479,14.3398,0.06939342,GALAXY,18.73114,16.76983,15.87328,15.44767,15.18568,0.04210044,0.004872258,0.003600856,0.003660056,0.007399558,21.03027,True
1237657630064378020,178.623962951278,52.7701199383178,5.053993,0.06944498,GALAXY,18.59169,16.71044,15.84659,15.4281,15.11517,0.02849887,0.004089769,0.003189798,0.003254182,0.00577978,26.68872,True
1237657629529735311,186.985051493666,52.5234797885924,11.05922,0.08372679,GALAXY,17.8867,15.99096,15.01903,14.58554,14.26864,0.03149733,0.003504031,0.002766692,0.002669735,0.005620058,23.81299,True
1237657629529604373,186.571998790988,52.5418918395504,5.407945,0.07584065,GALAXY,19.11607,17.18578,16.28107,15.87304,15.54223,0.04579195,0.004991048,0.00387682,0.003820114,0.008467546,21.37552,True
1237657629527638184,179.066576149846,52.5134124697219,11.79125,0.06126088,GALAXY,17.34545,15.71817,14.91637,14.47927,14.14677,0.01669596,0.00287591,0.002509926,0.002463412,0.004544349,25.98306,True
1237657629527572611,178.795637101068,52.5261219674018,8.146977,0.04786553,GALAXY,18.5532,17.30307,16.85614,16.58435,16.44163,0.03302905,0.005301459,0.005332051,0.005866204,0.01901352,12.37091,True
1237657629527441641,178.435321899934,52.4422970570052,4.254155,0.1122133,GALAXY,20.2819,18.29764,17.28523,16.82225,16.46641,0.100747,0.008832921,0.006130422,0.005892957,0.0143897,13.28019,False
1237657628992995349,187.364216544884,52.1611956882354,5.086584,0.1506631,GALAXY,19.6605,18.22755,17.33667,16.90284,16.59566,0.06020826,0.009114132,0.006632513,0.006410069,0.01600851,12.53998,False
1237657628992929886,187.097204317182,52.0864363670655,4.085167,0.0632053,GALAXY,18.58466,16.81419,16.08215,15.75017,15.48873,0.02554253,0.004029453,0.003440701,0.003469382,0.006934371,27.01203,True
1237657628992864383,186.966035283977,52.1967124263849,6.987747,0.08280993,GALAXY,18.37165,17.21075,16.76572,16.4497,16.29681,0.03005297,0.005517904,0.005386104,0.005810142,0.01716272,11.35836,True
1237654028716146848,167.418596838782,1.42266535793296,4.982919,0.09689903,GALAXY,20.08568,18.31496,17.37144,16.88853,16.48123,0.08101997,0.0106317,0.007339534,0.007282253,0.01678434,10.3332,True
1237654028716081208,167.217322086712,1.49913041505333,4.960733,0.07515389,GALAXY,19.39466,17.51859,16.61947,16.2231,15.88756,0.04006987,0.005809858,0.004338859,0.004405346,0.009288965,20.72279,True
1237654028716015737,167.049294397004,1.38621443863573,4.44812,0.1419557,GALAXY,20.42619,18.63129,17.53853,17.10864,16.73665,0.08712512,0.01140698,0.007211443,0.007228073,0.0169785,11.98018,False
1237654028715950242,166.960431122362,1.36636180181861,3.407684,0.1435162,GALAXY,20.50467,18.45259,17.35209,16.90083,16.54778,0.08858638,0.00989833,0.00627559,0.006192527,0.01422223,14.0904,False
1237654028715950202,166.902225124644,1.49091393568579,4.728046,0.06771784,GALAXY,18.33056,17.25081,16.96187,16.68561,16.57083,0.01795921,0.004918918,0.005072914,0.005603453,0.01586131,17.68886,True
1237654028715884666,166.871962730641,1.38844722661139,4.137302,0.09685946,GALAXY,18.86296,17.73988,17.27457,16.95683,16.82344,0.02993132,0.007210406,0.00679503,0.007498884,0.02176799,12.99628,True
1237654028715884622,166.772598165072,1.34025173634637,4.092097,0.06693334,GALAXY,18.41837,17.30482,16.76933,16.38581,16.21349,0.01900776,0.005018685,0.004514937,0.00467529,0.01170395,18.83833,True
1237654028715819109,166.611804052866,1.38709630646596,5.123327,0.08343369,GALAXY,18.71327,17.40816,16.73206,16.33636,16.09591,0.02864053,0.006132002,0.005067028,0.00527204,0.01277624,15.84352,True
1237653586334122271,122.424861892827,39.5203140292559,7.55576,0.07590813,GALAXY,19.08209,16.92267,15.93589,15.49082,15.14558,0.03848829,0.004677602,0.003311491,0.003239709,0.006106655,30.25036,True
1237652944240443740,339.651065035642,14.3254113732334,4.495909,0.08635402,GALAXY,19.04082,17.86025,17.22284,16.83089,16.55333,0.04143242,0.007866425,0.006219846,0.006839996,0.0172429,14.28414,True
1237652944240443738,339.631691583251,14.4432506614779,5.092571,0.1855828,GALAXY,20.52321,18.46869,17.10902,16.55123,16.16552,0.1614185,0.01326255,0.006584344,0.006458422,0.01452807,13.58473,False
1237652944240378136,339.497240969118,14.3887115241003,5.013628,0.1153186,GALAXY,19.64336,18.1145,17.22601,16.78157,16.46947,0.08597033,0.01122674,0.007667193,0.008160817,0.02014069,11.30653,False
1237657401878184199,128.27114481137,38.4656051912967,4.163184,0.1217744,GALAXY,18.99233,17.89031,17.37652,17.04162,16.84744,0.04045077,0.007904007,0.00733027,0.007851529,0.02210838,13.65242,False
1237652944240378108,339.504049832932,14.2989507034595,9.149274,0.08390597,GALAXY,18.3052,16.318,15.33572,14.8994,14.56755,0.03425241,0.004052094,0.002928741,0.003032792,0.005732919,30.23322,True
1237652944240378078,339.452183145976,14.3827484095272,5.84017,0.08633361,GALAXY,19.16708,17.63088,16.77503,16.32327,15.99779,0.0477337,0.006750118,0.004910083,0.005132176,0.01156273,17.2248,True
1237652944240378073,339.453072520776,14.3552832291446,4.926433,0.1164818,GALAXY,19.06078,18.0896,17.58877,17.25104,17.0544,0.0411916,0.008718424,0.007879465,0.009124172,0.02561593,11.4628,False
1237651823246115087,215.689767098246,4.81816579982358,7.633614,0.08790448,GALAXY,19.49698,17.77177,16.87349,16.4582,16.1302,0.05509965,0.007028681,0.005183353,0.00553469,0.01219222,16.67169,True
1237651823246049491,215.61471797135,4.80237816877106,3.847873,0.1103987,GALAXY,19.65715,17.99418,17.07865,16.6683,16.35026,0.06174344,0.008105997,0.00580503,0.006216521,0.01419453,15.02119,False
1237651823246049436,215.541360634906,4.86009814799812,3.17034,0.05505532,GALAXY,19.29175,17.44093,16.55545,16.14164,15.79365,0.03793484,0.005332475,0.004062745,0.004253296,0.008146606,23.89853,True
1237651823246049429,215.530289889522,4.79443101259,4.160378,0.0872521,GALAXY,20.6045,18.65639,17.64844,17.15544,16.79043,0.112977,0.01089916,0.007245328,0.007430363,0.01704107,10.982,True
1237651823246049391,215.506646715598,4.73975662552083,4.991949,0.1106806,GALAXY,20.43961,17.91937,16.84382,16.38299,16.03277,0.1232082,0.008063225,0.005230865,0.005406821,0.01161201,16.75893,False
1237651823245918401,215.271938187482,4.92150623417953,9.567055,0.08123209,GALAXY,17.97231,16.65304,16.02325,15.64186,15.41037,0.02726338,0.005024396,0.004371976,0.004811161,0.01167583,17.25947,True
1237651823245787334,215.008687438983,4.81760054869445,3.616225,0.1210335,GALAXY,19.79104,17.95403,16.9995,16.62022,16.2691,0.05905332,0.007225684,0.005127777,0.005491007,0.01167772,18.56506,False
1237651823245721729,214.750356806742,4.81535270341238,5.156747,0.09761655,GALAXY,19.08404,17.85266,17.29699,16.92934,16.69034,0.05201476,0.007468313,0.006610358,0.007476882,0.01970485,10.76134,True
1237651822709244126,215.690659188097,4.44524024760382,4.278818,0.05594449,GALAXY,19.90567,18.20903,17.44304,17.1046,16.86806,0.08163206,0.00923082,0.00740354,0.007951834,0.02491083,11.70012,True
1237651822709178593,215.520837362968,4.40217104118829,3.219367,0.05431333,GALAXY,19.61465,17.88728,17.03296,16.65407,16.35129,0.05108335,0.006691988,0.005217949,0.005310769,0.01368578,17.8523,True
1237651801769967819,147.74001885278,0.615669172320483,3.278336,0.1630008,GALAXY,20.69054,18.61621,17.43676,16.99067,16.66669,0.1121399,0.0108382,0.00653081,0.006612163,0.01405148,14.833,False
1237650796219924629,145.950183853653,0.0720527370537717,3.012061,0.1258195,GALAXY,20.89035,18.85066,17.69959,17.20279,16.77764,0.1123269,0.01099245,0.00681717,0.00629227,0.01470206,14.8616,False
1237650796219924667,146.006035739946,0.1454650142513,5.86339,0.1271269,GALAXY,20.45045,18.18838,16.91344,16.37456,15.92777,0.113281,0.009127356,0.00529356,0.004805058,0.01075226,17.62568,False
1237650796220055691,146.231848537983,0.0682256095120794,14.53555,0.02160817,GALAXY,17.27764,15.12302,14.0552,13.54467,13.13062,0.01688954,0.002490068,0.002055959,0.001991224,0.003005206,41.37398,True
1237651250974949419,237.881515504041,52.0888339685182,3.7007,0.03955929,GALAXY,19.86331,17.77088,16.71991,16.2102,15.84512,0.05413881,0.006058209,0.004272005,0.004030201,0.008002019,28.15317,True
1237651752386691219,150.282336332176,0.853217998119072,5.40459,0.1239753,GALAXY,19.1385,17.11563,16.08967,15.66057,15.30872,0.04684141,0.005378613,0.003781093,0.003792405,0.007855978,27.66773,False
1237651752923365514,149.773217372324,1.20492677388277,5.658919,0.0463249,GALAXY,18.83464,17.68316,17.19408,16.90303,16.69615,0.03727833,0.007802083,0.01131055,0.01289318,0.02783978,11.4847,True
1237651799623467084,150.009431888939,-1.06225376450408,4.237466,0.04609136,GALAXY,17.80674,16.04892,15.31676,14.97736,14.72916,0.01423016,0.003171154,0.002803296,0.002841674,0.004649453,41.49583,True
1237651800160469245,150.229201592026,-0.727848376931669,4.425066,0.1688969,GALAXY,20.04877,18.23971,17.01307,16.512,16.13761,0.08753926,0.01026061,0.005851235,0.005310166,0.01161158,16.46954,False
1237651800160469257,150.247836994782,-0.738448493547453,3.752245,0.1363658,GALAXY,20.96355,18.7122,17.63469,17.18008,16.84358,0.1474326,0.01198694,0.007373003,0.006830616,0.01579536,12.82898,False
1237651800160469283,150.272378424028,-0.724602331348556,4.923488,0.1386263,GALAXY,19.90497,18.24875,17.30767,16.84447,16.4884,0.08425526,0.01088905,0.007347661,0.006761684,0.01609986,12.33192,False
1237651801234145420,150.038813087148,0.197035195162434,5.424643,0.04675085,GALAXY,19.3203,17.80768,17.07522,16.72125,16.47017,0.05767742,0.008284511,0.006718366,0.006998214,0.0203342,15.16503,True
1237651801234211006,150.19312788867,0.208056260464426,3.189103,0.1338845,GALAXY,18.70809,17.76196,17.36252,17.01802,16.93876,0.02561903,0.006247886,0.006140907,0.00656624,0.02117068,17.73984,False
1237651801771016391,150.132075494384,0.548958804046096,9.360256,0.03252227,GALAXY,17.31208,15.44547,14.57772,14.17785,13.88303,0.01562173,0.002748584,0.002319408,0.002371258,0.003861888,40.85801,True
1237654600492712067,156.984097498206,3.73437453270804,3.898544,0.1262926,GALAXY,20.07134,18.19477,17.15048,16.68311,16.3043,0.07029004,0.008312677,0.005381998,0.005050252,0.009789629,13.76308,False
1237654600492712072,156.985836038991,3.70922025619338,4.35087,0.1259127,GALAXY,19.96062,17.97368,16.89537,16.41387,16.04713,0.06787077,0.007508526,0.00483387,0.004524928,0.008665198,15.1287,False
1237654604249301155,153.998602405335,3.26656097327748,8.670732,0.118614,GALAXY,18.89407,17.55793,16.86849,16.49966,16.23768,0.04040391,0.00748797,0.0057803,0.005696607,0.01382539,12.18457,False
1237654604249563272,154.52011268689,3.36053867195004,3.698161,0.1052368,GALAXY,19.74321,17.65976,16.60269,16.1263,15.74624,0.04945162,0.006079533,0.004098806,0.003865747,0.006756566,22.95653,False
1237654604786303080,154.200167222222,3.78144664993709,4.960905,0.05228724,GALAXY,18.47596,16.94688,16.23319,15.84167,15.53126,0.02791838,0.004906864,0.003954476,0.003848628,0.007398322,23.70921,True
1237654604786303086,154.202008591404,3.82481636968627,5.683595,0.04634382,GALAXY,18.33504,16.31101,15.41186,14.98208,14.64383,0.02324524,0.003468113,0.00277515,0.002700177,0.004234235,40.76907,True
1237654604786303136,154.229151835622,3.82166220675979,12.56554,0.04600689,GALAXY,18.0115,16.332,15.54245,15.10106,14.76084,0.02840935,0.00453773,0.003753462,0.003280636,0.006537272,18.93221,True
1237654604787482926,156.964612496762,3.94115893995827,6.873792,0.05565638,GALAXY,18.53914,17.00755,16.24314,15.83493,15.54376,0.03525834,0.005546499,0.004053409,0.004471268,0.007607953,12.7995,True
1237654605323370619,154.616227538762,4.16886280879247,4.000776,0.04585491,GALAXY,19.48967,17.8646,17.01221,16.57049,16.21589,0.04080508,0.006306682,0.004633552,0.004382428,0.009280173,20.43059,True
1237654605324157159,156.536558043554,4.37279643054911,15.19578,0.02283913,GALAXY,16.59455,15.39195,14.79557,14.50276,14.2282,0.01153365,0.002781249,0.002532933,0.002563266,0.004734255,21.7835,True
1237654605863452975,162.001662617454,4.92898291994052,3.986294,0.0727293,GALAXY,19.13737,17.25657,16.317,15.85827,15.52337,0.03483435,0.004831522,0.003686661,0.003524164,0.006946933,26.23247,True
1237654605863453060,162.081042710247,4.90264726550567,6.714359,0.02622423,GALAXY,18.76012,17.06647,16.32765,15.96194,15.74853,0.03678661,0.005259081,0.004255186,0.004164946,0.01040647,19.81743,True
1237654668665815105,159.112999341649,-1.14610194716861,8.508378,0.02395853,GALAXY,18.26308,16.96508,16.42639,16.14616,15.94501,0.03124539,0.00614574,0.005656246,0.00602038,0.01685073,18.35185,True
1237654668665815113,159.12849200304,-1.18868877084889,5.286623,0.03608739,GALAXY,19.2005,17.95114,17.3671,17.06948,16.82554,0.04858331,0.00890217,0.007829518,0.009164122,0.024784,14.67465,True
1237654669202686133,159.107091372437,-0.817813845573787,4.917408,0.08837735,GALAXY,18.94025,17.87168,17.39359,17.05138,16.92887,0.04507985,0.008498363,0.009355978,0.01037431,0.02837654,12.9587,True
1237654669202686094,159.027366356424,-0.65378953760566,6.079138,0.1153168,GALAXY,20.18273,18.12985,17.04326,16.59185,16.2124,0.1006114,0.008818242,0.005602202,0.005548677,0.01187955,24.78851,False
1237651801769902301,147.524879608828,0.538819690999692,5.842519,0.0931683,GALAXY,19.56633,17.56542,16.55194,16.10863,15.75758,0.06017452,0.006693485,0.004647089,0.00472168,0.009359049,20.39173,True
1237657627920236647,191.049336338518,51.2673547545679,3.297013,0.1228819,GALAXY,20.74871,18.69936,17.65162,17.19564,16.82822,0.1153133,0.01068417,0.006799046,0.006631495,0.01420991,11.24643,False
1237651801769902260,147.490832399691,0.531001383577837,3.466765,0.07289765,GALAXY,20.37084,18.47411,17.52296,17.05615,16.78601,0.1048594,0.01103262,0.007625008,0.007561142,0.01763779,11.87111,True
1237651801233686759,149.112540383361,0.129711336284537,7.023521,0.04578607,GALAXY,18.08406,16.839,16.27883,15.9043,15.68307,0.02265866,0.004568579,0.004263856,0.004348903,0.01347797,19.40248,True
1237651801233686675,149.01062697576,0.139731090337452,3.383056,0.0745739,GALAXY,19.52171,17.7776,16.92644,16.44943,16.09857,0.05159045,0.006779885,0.005234232,0.00500637,0.01180447,19.35647,True
1237657628453241023,176.874132211099,51.5055986931612,4.248355,0.1303059,GALAXY,20.46842,18.54835,17.4858,17.07347,16.70573,0.09725863,0.009657309,0.006378786,0.006303179,0.01314771,12.64893,False
1237651800696815647,149.019738294508,-0.239856707492239,4.743517,0.08186871,GALAXY,18.83104,17.3871,16.63991,16.24669,15.95872,0.03958447,0.006514092,0.005186344,0.005154811,0.01299058,18.26971,True
1237651800696750245,148.873575816535,-0.290583056131871,4.731349,0.1354369,GALAXY,19.40689,17.93353,17.15309,16.76554,16.51284,0.1001099,0.008000133,0.00621841,0.006304752,0.01797542,13.2103,False
1237651799622746278,148.357100160015,-1.0615117753477,8.347433,0.08362079,GALAXY,18.47497,16.8116,15.93158,15.47065,15.18444,0.03140769,0.005002635,0.003777838,0.003697773,0.007880589,24.73174,True
1237651799622746245,148.317549231069,-1.05052997716604,3.892603,0.1393791,GALAXY,20.70906,18.68895,17.56569,17.09862,16.73622,0.1221593,0.01225431,0.007297227,0.00706182,0.01601246,12.94066,False
1237651799622746222,148.279804639957,-1.06090337941885,6.892754,0.08355071,GALAXY,19.25151,17.22908,16.26937,15.81244,15.5027,0.05271443,0.006038014,0.004266993,0.004164073,0.009070566,20.88408,True
1237651755078189139,166.520001263924,3.31957290166612,9.317035,0.03127038,GALAXY,17.3135,15.34394,14.5432,14.13244,13.83593,0.0174464,0.002657494,0.002260597,0.002305141,0.003964587,37.58298,True
1237651755077992545,166.144118279115,3.38450060860772,3.311654,0.1573481,GALAXY,20.23956,18.65191,17.62821,17.11518,16.7767,0.09055842,0.01147937,0.007369935,0.007241409,0.01749189,12.54571,False
1237651754004512897,166.706899066177,2.50460869712245,4.081462,0.1567312,GALAXY,20.36915,18.46409,17.28699,16.80704,16.42855,0.1099479,0.01068092,0.006332059,0.006161711,0.01599139,14.23663,False
1237651753468166271,167.895078461763,2.00735297559816,4.817494,0.1334578,GALAXY,19.42822,17.49396,16.42748,15.98715,15.61454,0.05957576,0.006452084,0.004262231,0.004284119,0.009731292,19.85151,False
1237651753468035245,167.58927724086,2.0346082531193,4.257866,0.156417,GALAXY,19.68652,18.11836,17.43986,17.0208,16.85801,0.06972108,0.008723261,0.007067428,0.007313416,0.02335425,11.15727,False
1237651753467969608,167.446518636817,2.16977836833327,4.772576,0.08519027,GALAXY,19.37316,17.31082,16.33866,15.88643,15.53525,0.05995287,0.005877936,0.004115855,0.004098271,0.009432145,21.66062,True
1237651753467969556,167.438039005498,1.98458293238372,4.473608,0.141272,GALAXY,19.92131,17.86473,16.71481,16.25148,15.85643,0.08745205,0.007821117,0.004802907,0.004713051,0.01097413,19.00641,False
1237651753467838585,167.175087864473,1.96504424975818,4.688725,0.1467856,GALAXY,19.47548,17.89813,17.06413,16.60284,16.25698,0.06967638,0.008859798,0.006554639,0.006633865,0.01792157,13.03441,False
1237651753467838569,167.14797996168,2.12489518335486,6.247313,0.1787891,GALAXY,19.60613,17.76991,16.83726,16.36622,16.11244,0.09503777,0.009021892,0.006241314,0.006304761,0.01819556,13.18705,False
1237651753467773163,167.06279326783,2.08317909880119,3.562531,0.08746012,GALAXY,19.34665,17.38771,16.42677,16.01449,15.68404,0.04710754,0.005456968,0.003955688,0.003978755,0.008807009,23.31907,True
1237651753467773090,166.980583678106,2.01325859538701,20.05458,0.04212482,GALAXY,17.08116,15.56817,14.90643,14.52697,14.31155,0.02607467,0.003760061,0.003290406,0.003476888,0.009888629,12.16525,True
1237651752931229848,167.834458502474,1.65410628390839,5.676155,0.1018025,GALAXY,19.66612,17.80496,16.91442,16.51052,16.20292,0.07276311,0.007818182,0.005663648,0.005615267,0.01381166,15.23356,False
1237651752931229794,167.717530873289,1.66812128277317,8.014168,0.09685551,GALAXY,19.28149,17.56439,16.59749,16.15876,15.79316,0.06397624,0.007534675,0.005215369,0.005091366,0.0119275,15.96097,True
1237651752931229776,167.701531971545,1.6131427251029,6.718665,0.1029404,GALAXY,19.35093,17.40357,16.36246,15.88759,15.48048,0.08404761,0.007808939,0.005109394,0.004919039,0.01115914,15.11716,False
1237651752931164275,167.652440169011,1.75615459584817,3.315182,0.1028983,GALAXY,20.59114,18.64542,17.69589,17.26661,16.9292,0.1218386,0.01134038,0.007619865,0.00745791,0.01847591,11.75064,False
1237657630064377997,178.557270107997,52.8724929782073,5.435215,0.07920352,GALAXY,19.23281,17.8823,17.30449,16.9554,16.72368,0.04722931,0.00729345,0.006330736,0.00698179,0.01691949,10.45492,True
1237651752931098798,167.512137563417,1.651575471361,3.723452,0.1011403,GALAXY,19.88552,18.00595,17.01263,16.58738,16.23131,0.07888983,0.00803232,0.005478885,0.005288688,0.01214887,17.06349,False
1237651752931098794,167.501874286458,1.6853223788324,3.42671,0.09023587,GALAXY,19.74101,17.99938,17.12674,16.77766,16.46815,0.06445993,0.007598581,0.005575606,0.005607537,0.01348509,16.75713,True
1237651752931098725,167.413971090553,1.61555188041174,6.291265,0.182736,GALAXY,19.99965,18.28629,17.1214,16.6401,16.31075,0.1289867,0.01321132,0.007697261,0.007317733,0.01948936,10.18786,False
1237657628992864360,186.894224196139,52.217495390977,6.91603,0.1196215,GALAXY,18.92159,17.58565,16.8947,16.51251,16.21381,0.04226981,0.006508703,0.005478236,0.005606275,0.01436739,10.95591,False
1237657628992864306,187.006715718243,52.1746908432369,9.34313,0.04389614,GALAXY,17.53806,16.36449,15.93213,15.65336,15.52086,0.02228977,0.004320781,0.004225621,0.004573939,0.01268199,16.50855,True
1237657628990963834,179.979038926985,52.0246369921082,4.886996,0.06677198,GALAXY,18.45856,16.61891,15.78707,15.39172,15.10177,0.02486613,0.003751662,0.003061875,0.003056667,0.005809139,26.38305,True
1237657628990963829,179.968420324208,52.0887458448575,3.759531,0.08394961,GALAXY,19.67105,17.75883,16.84156,16.42223,16.07839,0.05187003,0.006172867,0.004565611,0.00450326,0.009501119,18.44097,True
1237657628990767209,179.070997261387,51.9582054089925,6.07355,0.093537,GALAXY,18.42665,16.71661,15.83699,15.38724,15.06263,0.02614532,0.004048468,0.003209187,0.003121549,0.006079674,25.62644,True
1237657628990636265,178.659895138492,52.101599469928,6.76912,0.08323431,GALAXY,18.54453,16.45373,15.49635,15.06278,14.72338,0.0315677,0.003754105,0.002893959,0.002827693,0.005255507,28.8325,True
1237657628990636158,178.543684087487,52.0436882377292,3.809679,0.08377602,GALAXY,20.14994,18.08187,17.14477,16.73331,16.39646,0.07244378,0.007292066,0.00524814,0.005160214,0.01137912,16.21995,True
1237657628454093022,179.831650847755,51.6522290568562,5.309974,0.1193873,GALAXY,18.99544,17.49964,16.70661,16.30037,16.01878,0.04432028,0.006460222,0.005046523,0.005050665,0.0111967,13.81097,False
1237657628453896293,179.226987645064,51.5300856581551,8.828704,0.031402,GALAXY,17.08183,15.35954,14.58729,14.21719,13.91911,0.01487044,0.002671296,0.002323821,0.002318573,0.003759715,31.37269,True
1237657628453765255,178.805008946813,51.5549925855288,9.134089,0.05251024,GALAXY,17.43284,16.20842,15.65252,15.31394,15.07375,0.01945854,0.003574596,0.003300565,0.003408502,0.007380489,17.39448,True
1237657628453634181,178.306807216396,51.6427720691038,4.614667,0.1483381,GALAXY,20.23207,18.40781,17.43515,16.93205,16.61037,0.0896329,0.00902394,0.006231536,0.005938293,0.01293261,11.42736,False
1237657628453437661,177.522238719438,51.4726261726196,7.662246,0.1323678,GALAXY,18.30026,16.95773,16.19664,15.80312,15.49033,0.02771964,0.004719634,0.003832684,0.003899913,0.008222139,17.12124,False
1237657627919188073,187.149243221282,51.2839811414233,6.809076,0.08621383,GALAXY,18.77548,16.84131,15.86499,15.41799,15.08534,0.03440568,0.004540454,0.003288862,0.003216042,0.00597053,24.42728,True
1237657627919188069,187.148892936738,51.3188321937361,4.92419,0.08401337,GALAXY,19.38868,17.83236,17.05033,16.61806,16.3309,0.04540458,0.006902194,0.005248963,0.005208543,0.01183763,13.71691,True
1237657627919188052,187.088469233942,51.3080897295102,3.525307,0.08699413,GALAXY,19.68439,17.73457,16.81848,16.40034,16.10798,0.0511728,0.006311945,0.004549572,0.00450484,0.009182914,17.82453,True
1237657627919188038,187.034992311025,51.3659430212511,6.270595,0.08791099,GALAXY,19.58172,17.79623,16.97692,16.58033,16.32215,0.0650149,0.007998383,0.005849962,0.005944428,0.01405395,13.36835,True
1237657627919122615,186.963096748488,51.4006063387641,4.326291,0.1200001,GALAXY,20.22774,18.18552,17.1804,16.761,16.4397,0.08781429,0.008680487,0.005730602,0.005649562,0.01229657,14.14483,False
1237657856074842194,186.689498022416,52.0318225406703,4.582383,0.03067023,GALAXY,19.89664,18.30362,17.54085,17.18371,16.90952,0.06480222,0.00875832,0.006937802,0.007664603,0.02014587,10.64728,True
1237657856074842235,186.780077680652,51.8871522299056,9.56374,0.03019464,GALAXY,17.42813,15.94464,15.19168,14.80936,14.51404,0.01744091,0.003360559,0.002847973,0.002924831,0.005880003,25.13706,True
1237657627916959829,179.121724422544,51.2070009871238,3.182356,0.07896157,GALAXY,19.35233,18.21955,17.65719,17.31286,17.10048,0.03394823,0.007542594,0.006409279,0.006625667,0.0157657,12.45097,True
1237657856074973277,187.114801856987,52.0196409788825,6.769519,0.2005394,GALAXY,20.55783,18.53376,17.21817,16.65796,16.28187,0.1564572,0.01299465,0.006912426,0.006665155,0.01622658,10.55008,False
1237657627916894276,178.755926576217,51.1604525115429,4.203932,0.05303165,GALAXY,18.88671,17.80471,17.39141,17.11691,16.97155,0.02726016,0.006288721,0.005900137,0.0064419,0.01718569,12.65351,True
1237657627916894229,178.661917998177,51.1700628232734,6.012646,0.1300271,GALAXY,19.45506,17.41007,16.34231,15.90225,15.52631,0.05224954,0.005919324,0.003946796,0.003898636,0.007505266,18.97655,False
1237657856609484935,178.366416230385,52.196048654743,3.653267,0.03023689,GALAXY,18.83107,17.49439,16.87099,16.56782,16.39532,0.02558852,0.005320051,0.004630412,0.004916886,0.01234804,19.38366,True
1237657627916828851,178.614712396914,51.1639709483748,5.893325,0.1303319,GALAXY,20.01314,18.07433,16.9831,16.53315,16.14899,0.08026128,0.008773132,0.005463647,0.005372103,0.01124571,13.7141,False
1237657627916828842,178.552205403081,51.1365196610247,5.52904,0.1304036,GALAXY,19.70832,18.19649,17.30895,16.89239,16.59701,0.06132799,0.009406987,0.006540241,0.00658173,0.0153205,11.27854,False
1237657627916828824,178.528346358715,51.1423713278394,4.354153,0.1302457,GALAXY,20.13697,18.3524,17.3791,16.95453,16.62939,0.08338763,0.009871346,0.006516833,0.006488808,0.01465051,11.20537,False
1237657856609943663,180.010347002072,52.2257986308126,3.850791,0.1180618,GALAXY,19.69142,18.22136,17.40877,17.01963,16.74448,0.04727519,0.007442056,0.005836598,0.006011966,0.01622625,12.32057,False
1237657627916828767,178.649102546648,51.1031106567256,4.710992,0.1305488,GALAXY,20.01711,18.08439,17.05942,16.58637,16.26548,0.06921919,0.007990056,0.005230037,0.005021934,0.01069485,15.23799,False
1237657627916763230,178.319554841219,51.0700646353931,3.469234,0.06964786,GALAXY,19.17887,17.77458,17.17755,16.79052,16.56178,0.03569976,0.006505603,0.005488752,0.005555023,0.01277866,15.43291,True
1237654670272561322,150.231714640818,0.0864931821379515,8.069184,0.03274609,GALAXY,18.17087,16.55411,15.76217,15.33325,15.00024,0.02581659,0.003875648,0.003229454,0.003214475,0.00721933,26.18797,True
1237654879663030451,214.382931307739,3.83009805049619,4.170281,0.03620249,GALAXY,18.75905,17.10076,16.3447,15.97783,15.70154,0.02995139,0.004689719,0.00374356,0.003698931,0.007302848,21.75313,True
1237654880736444435,213.626204665915,4.65288669304606,4.674573,0.05577915,GALAXY,18.86514,17.06171,16.17596,15.72537,15.38115,0.03320523,0.004660857,0.003617079,0.003442069,0.006843348,23.71703,True
1237654880736444591,213.626745370119,4.66861207405977,6.480507,0.0548563,GALAXY,17.84811,15.9313,15.08159,14.65726,14.3298,0.01888666,0.002970257,0.002481384,0.002413497,0.004248252,34.47357,True
1237654880736444602,213.638204088446,4.76781441668519,4.988618,0.05415832,GALAXY,18.161,16.35147,15.55704,15.1658,14.86664,0.02008286,0.003392009,0.002842621,0.00278997,0.005241007,31.29345,True
1237654880736444628,213.674306792621,4.75098276757677,5.21982,0.02465728,GALAXY,18.13501,17.15573,16.74937,16.51222,16.36131,0.01896332,0.004753778,0.004562795,0.004849559,0.01365863,15.54209,True
1237654880736444650,213.711796873953,4.69808646664456,5.519768,0.04766729,GALAXY,18.053,17.36032,17.32374,17.13298,17.16854,0.02300826,0.006241603,0.007622872,0.008655802,0.03308681,11.20822,True
1237654880736510015,213.712609329922,4.67190039803581,3.924621,0.05674098,GALAXY,19.09635,17.6289,16.92714,16.46325,16.16484,0.03855457,0.006122146,0.004988599,0.004675572,0.0114106,16.39427,True
1237654880736510120,213.804025016114,4.6683995792973,10.98011,0.05416155,GALAXY,18.03065,16.37748,15.77461,15.41922,15.16797,0.02942587,0.003981928,0.003560202,0.00356228,0.00936978,14.42657,True
1237654880736575677,213.926499930141,4.77208489909243,5.745662,0.1309959,GALAXY,19.5402,17.61428,16.58709,16.10324,15.66463,0.07209284,0.007306369,0.004881203,0.004562603,0.01056763,14.14464,False
1237654880736641207,214.102795499342,4.63384974197092,10.65865,0.05483521,GALAXY,17.58334,15.95053,15.1783,14.73748,14.39794,0.02095715,0.003361063,0.002825203,0.002743779,0.005629039,25.86792,True
1237654880736706760,214.217040867936,4.69628800544862,3.56945,0.05493126,GALAXY,19.54455,17.74189,16.90038,16.50691,16.21159,0.04583144,0.005760492,0.004492655,0.004377064,0.0101613,20.85562,True
1237654881273381033,213.829181648419,5.01801835632275,8.17345,0.1265434,GALAXY,19.19586,17.28798,16.33799,15.90076,15.59571,0.04523904,0.005537973,0.003873125,0.003901947,0.007622202,21.04871,False
1237654881273381048,213.834631960948,5.03495528471157,4.714422,0.1261587,GALAXY,19.58722,17.62367,16.56168,16.09208,15.72615,0.05866554,0.006609037,0.004251489,0.004187365,0.007937022,18.19923,False
1237654881273381063,213.868067300057,5.02328602046267,4.562771,0.1006721,GALAXY,19.21234,17.39338,16.4578,16.04586,15.70987,0.04090909,0.005522646,0.00389303,0.003951428,0.007412604,21.03435,False
1237654881273380977,213.783321269235,5.19399766066604,3.163507,0.08846293,GALAXY,20.20737,18.29441,17.37847,16.97115,16.62612,0.07190468,0.008295989,0.005610234,0.005716205,0.01152933,15.13027,True
1237654881273380961,213.752411638687,5.06837414969156,3.16303,0.0799283,GALAXY,20.02977,18.03304,17.11949,16.70187,16.36007,0.06050812,0.007041719,0.004883677,0.004911449,0.00952202,17.45215,True
1237654881273446633,213.958057970833,5.2123299742196,3.79936,0.05577807,GALAXY,19.18614,17.3881,16.57389,16.19721,15.90301,0.03634032,0.005258319,0.003986964,0.004074725,0.007868286,22.09874,True
1237654881273380951,213.739953057014,5.12983831672072,3.41816,0.1063231,GALAXY,20.27215,18.40197,17.45108,17.02704,16.68085,0.0820212,0.009237316,0.006054354,0.006116676,0.01264395,13.63687,False
1237654881273250045,213.547472122731,5.04330378774409,8.367753,0.1812072,GALAXY,19.81498,17.84213,16.60039,16.11166,15.77869,0.0869123,0.008489049,0.004738173,0.004606131,0.009473836,15.48288,False
1237654881273250038,213.547677741399,5.10450172010754,4.103374,0.09770338,GALAXY,20.18116,18.55275,17.69731,17.30357,17.02263,0.07906622,0.01008218,0.00705235,0.00728507,0.01688953,10.04422,True
1237654881273249971,213.503093463318,5.04410705307103,4.657725,0.09818373,GALAXY,19.42542,18.2753,17.66028,17.30299,17.05373,0.04427232,0.008568794,0.007057408,0.007521421,0.01816194,10.35191,True
1237654881273774276,214.748821638632,5.03984456544696,5.10208,0.09669529,GALAXY,20.00616,17.952,16.95321,16.43918,16.05966,0.08585548,0.00808667,0.005240505,0.005101067,0.01007732,13.83126,True
1237654880736837769,214.494053745591,4.76640416249051,7.097227,0.08058189,GALAXY,18.92965,16.90188,15.94185,15.51052,15.18838,0.04265954,0.004643732,0.003426995,0.003281866,0.007092434,24.03382,True
1237654880736772256,214.375341476263,4.58533220647982,4.333645,0.1250852,GALAXY,19.03463,18.01152,17.45917,17.08838,16.86931,0.03735082,0.007655768,0.006822641,0.006787491,0.02062915,10.1629,False
1237654880736706828,214.302739277983,4.63287605923496,4.7841,0.1252948,GALAXY,19.79127,17.64343,16.56215,16.10966,15.76736,0.06949229,0.006106238,0.004131279,0.003916584,0.00877606,20.82452,False
1237654880736706754,214.209466576145,4.62149223238368,4.463715,0.1715739,GALAXY,20.44611,18.61596,17.616,17.11671,16.78616,0.1267225,0.01194405,0.007787281,0.007088345,0.01964964,10.2077,False
1237654881273905364,215.001895915492,5.11724487533393,5.075742,0.08769999,GALAXY,19.37484,17.36396,16.39832,15.94627,15.62852,0.05315125,0.005747521,0.003969016,0.003948815,0.007713867,20.65505,True
1237654881273905405,215.047801970253,5.08067662896742,3.535197,0.08862393,GALAXY,19.95067,18.0838,17.0799,16.62323,16.2533,0.06157593,0.00730376,0.004808134,0.004772613,0.009152722,18.92684,True
1237654880736641198,214.083851379035,4.6112351473687,4.49337,0.08653633,GALAXY,19.55092,17.73231,16.84329,16.44072,16.11338,0.05398209,0.006448116,0.004734661,0.004579397,0.01109574,18.89644,True
1237654880736641132,214.037743428361,4.60762994432303,4.310165,0.07933626,GALAXY,19.73502,18.0823,17.57182,17.24578,17.07274,0.06585208,0.00778554,0.007117265,0.007272433,0.02350363,10.89377,True
1237655348889256135,232.301505549993,52.8279615800478,6.70282,0.07179031,GALAXY,18.9725,17.08834,16.2065,15.79345,15.4873,0.04069065,0.004819617,0.003757771,0.0037978,0.009347791,28.50471,True
1237651752931098677,167.512098579656,1.67134684926759,11.78929,0.1031388,GALAXY,18.86904,16.69106,15.62151,15.18231,14.82917,0.08804279,0.00670846,0.004342356,0.004212602,0.01025458,17.0291,False
1237651752931033268,167.338436664698,1.72600761076271,3.230254,0.09910655,GALAXY,19.2257,18.02536,17.41879,16.93778,16.75231,0.03905913,0.00715248,0.006117207,0.005792994,0.01597124,14.47064,True
1237651752931033245,167.311101548443,1.71900937900628,3.167064,0.1441008,GALAXY,20.91526,18.6726,17.53441,17.07836,16.72099,0.1589264,0.01135119,0.00687781,0.006550675,0.01587769,15.08777,False
1237651752930967727,167.220420256357,1.73472610843249,4.288998,0.1313842,GALAXY,19.93869,17.98847,16.95815,16.51101,16.17158,0.08492875,0.008309689,0.005503483,0.005313979,0.01249728,16.66051,False
1237651752930967684,167.123990598157,1.57793421534854,9.13278,0.08550457,GALAXY,18.64529,16.74529,15.8093,15.33512,15.01772,0.04218738,0.004844698,0.003598858,0.003448995,0.007412932,23.79993,True
1237651752930836611,166.854906065623,1.74054878823196,4.090497,0.1345289,GALAXY,19.84616,18.28714,17.35937,16.82832,16.41103,0.07482271,0.00972395,0.006693765,0.006168225,0.01476772,11.33557,False
1237651752930771033,166.718541047072,1.67622814989787,4.522092,0.1336731,GALAXY,19.86157,18.13671,17.10236,16.63796,16.27562,0.08653871,0.009925409,0.006373754,0.006056301,0.01481724,13.77814,False
1237651752930705607,166.543167508652,1.58091107916325,5.70595,0.1298967,GALAXY,19.73078,18.25065,17.45309,16.99407,16.63202,0.071214,0.009743165,0.007399298,0.007192376,0.01853674,11.26829,False
1237651752930705597,166.516062555873,1.58623691391658,7.657143,0.03103301,GALAXY,18.91901,17.5818,16.99864,16.67598,16.4387,0.04787619,0.007573623,0.006865708,0.007572069,0.02097327,10.26503,True
1237651752922448014,147.692025987188,1.17951293014003,5.179849,0.06219256,GALAXY,18.95589,16.94027,16.05405,15.64329,15.32157,0.04476079,0.004963483,0.003807166,0.003706459,0.007851581,27.67522,True
1237651752394293402,167.55296217407,1.28230223956457,5.553197,0.0981482,GALAXY,19.02572,17.03159,16.02787,15.60747,15.25328,0.04371141,0.005178928,0.003650176,0.003684028,0.007535376,24.31891,True
1237651752385642628,147.855620051236,0.932113995306349,3.000041,0.1164241,GALAXY,19.53612,18.27281,17.49453,17.05974,16.76248,0.04397668,0.008265795,0.006301842,0.006321599,0.01563974,16.44243,False
1237651752385577215,147.789925581079,0.916181603419763,10.3292,0.09404112,GALAXY,19.26065,17.42687,16.55634,16.11841,15.80029,0.08674315,0.009173294,0.006648037,0.006766896,0.01781682,12.79756,True
1237650797294518398,147.910761830599,1.03199212936061,3.607027,0.09392655,GALAXY,20.10296,18.22556,17.22408,16.7621,16.38991,0.06868614,0.00791858,0.005460293,0.005320669,0.01114863,16.1201,True
1237650796757647516,147.865625723879,0.502012284871117,7.122881,0.08063073,GALAXY,18.80165,16.93778,16.01687,15.51175,15.14538,0.03364763,0.004710878,0.003544228,0.003485023,0.006283549,24.61081,True
1237650796220252301,146.729008855571,0.0269572621706323,3.019974,0.05665967,GALAXY,20.39542,18.2483,17.14875,16.63056,16.22604,0.07599034,0.007538687,0.005082389,0.004667341,0.009973298,20.5513,True
1237650796220186869,146.630700167371,0.0709745309293799,5.481743,0.1258571,GALAXY,20.99059,18.94007,17.64229,17.06895,16.60637,0.1707787,0.01475997,0.008091001,0.007080554,0.01686522,10.59536,False
1237650796219662494,145.340589123208,0.0191729148848416,5.548404,0.1202934,GALAXY,19.69222,17.9051,16.82326,16.34775,15.95692,0.06407418,0.007944054,0.00524986,0.004934893,0.01157282,16.89679,False
1237650796219662479,145.330058096625,0.0431201593743545,4.388935,0.1204287,GALAXY,19.89895,18.3531,17.59628,17.1443,16.85757,0.07286646,0.008917798,0.007135692,0.006777201,0.01912799,11.27058,False
1237650795683381502,146.751729166939,-0.408402771411109,6.837883,0.03580831,GALAXY,17.80526,16.60975,16.01056,15.66046,15.39482,0.01573189,0.003789617,0.003382098,0.003400339,0.007657749,23.59831,True
1237650795683381472,146.737131268316,-0.25220191232164,4.899777,0.130504,GALAXY,20.35199,18.08472,16.86494,16.35438,15.94261,0.09729274,0.008219291,0.004923116,0.004562635,0.009764041,16.48235,False
1237650795683381380,146.643586145582,-0.33135213312075,7.564075,0.1302495,GALAXY,19.93658,17.88651,16.6158,16.06496,15.61186,0.09306257,0.008794032,0.004995869,0.004562384,0.00985683,16.94988,False
1237657856609484933,178.346166731333,52.2981335192681,3.271205,0.07861024,GALAXY,20.353,18.40849,17.44353,17.00683,16.68885,0.0676074,0.00805251,0.005833397,0.005828343,0.01366522,14.55408,True
1237650795683250403,146.490547788866,-0.369330521197757,6.489082,0.1231987,GALAXY,19.20322,17.6678,16.74933,16.26662,15.93743,0.04015097,0.006538568,0.004702116,0.004464729,0.01003276,20.53405,False
1237650795682791595,145.344221068893,-0.368491252474326,4.226458,0.2048142,GALAXY,21.42509,19.10565,17.75065,17.23396,16.86002,0.2083305,0.01512252,0.007637492,0.007006714,0.01681474,10.78614,False
1237650795682791578,145.320616349633,-0.252866543544807,5.21541,0.05195406,GALAXY,18.5717,17.26836,16.64364,16.27038,16.01363,0.02338837,0.004835564,0.004173513,0.004193502,0.009952772,19.70372,True
1237650795682726146,145.207765410973,-0.322116790771252,3.771091,0.1223888,GALAXY,20.84183,18.68631,17.61187,17.14316,16.75629,0.1286027,0.01136588,0.007087921,0.006714033,0.01577775,12.02684,False
1237650795147165945,148.266866057465,-0.78331699188777,4.600554,0.08944994,GALAXY,19.91719,17.87196,16.89435,16.43844,16.0946,0.07916228,0.007761132,0.005364427,0.004956265,0.01074179,16.38975,True
1237650795147165899,148.237680975064,-0.79196717766555,6.192253,0.08978136,GALAXY,18.69999,16.62315,15.6226,15.17109,14.8086,0.03224436,0.004016125,0.003002918,0.00284425,0.004997637,31.98139,True
1237657857146421452,178.581252293205,52.6946080122744,5.014575,0.06297518,GALAXY,18.90999,16.96147,16.04751,15.60809,15.2903,0.03097287,0.004164446,0.003353924,0.003387926,0.006846816,26.461,True
1237650795146248369,146.135558007023,-0.682184639025534,6.809725,0.2038409,GALAXY,20.9428,18.83879,17.42058,16.89688,16.53188,0.1785519,0.01431321,0.007051664,0.006192666,0.01395019,12.59272,False
1237650795145855144,145.160444001272,-0.655478441976187,4.217083,0.1504413,GALAXY,19.50241,18.16912,17.31933,16.86168,16.58155,0.05087733,0.008788946,0.006534666,0.005998393,0.01418547,11.65461,False
1237650794609246448,145.846638937635,-1.18679819746268,3.927822,0.141718,GALAXY,20.58157,18.46743,17.45708,17.003,16.67369,0.116727,0.01085191,0.006933677,0.006655493,0.0153905,11.38567,False
1237650794609246410,145.804747682703,-1.18404452605677,6.894497,0.1457377,GALAXY,20.12447,18.18899,17.04119,16.56453,16.18367,0.09913789,0.01056361,0.00615828,0.005818629,0.01293749,10.68813,False
1237648722835669095,166.969725200992,1.22803618886566,3.298401,0.07441805,GALAXY,20.01284,18.22869,17.38946,16.96876,16.67006,0.05722504,0.00742633,0.005789176,0.006020207,0.01393444,14.65366,True
1237654669202423936,158.490518794438,-0.732594526574641,7.279672,0.152541,GALAXY,20.45033,18.25624,17.01987,16.49812,16.15567,0.1552228,0.01143063,0.006343192,0.006035189,0.01404411,12.29761,False
1237654669202423925,158.470737344154,-0.716584540632425,5.128949,0.1154891,GALAXY,20.07865,18.06633,16.95125,16.48502,16.08778,0.1059968,0.009678703,0.005904406,0.005810357,0.01281093,13.59416,False
1237654669200326842,153.644511379216,-0.830555703572163,6.109596,0.0465611,GALAXY,18.94822,17.10645,16.24767,15.83736,15.52149,0.04878895,0.005603802,0.004218826,0.004301057,0.009391823,17.42566,True
1237654669200326820,153.62339589668,-0.807191862953614,4.033692,0.04153075,GALAXY,19.13279,17.2263,16.43207,16.06178,15.78975,0.04435374,0.005282098,0.004176527,0.004308563,0.009257142,21.55953,True
1237654669200261238,153.456902756154,-0.820859035585539,4.403253,0.1927717,GALAXY,20.54609,18.68936,17.37229,16.88112,16.53593,0.1367304,0.01296774,0.006881073,0.006702654,0.01542367,12.37362,False
1237654669198688303,149.915646853323,-0.784806154495703,5.003089,0.09454266,GALAXY,18.99287,17.72935,17.23184,16.91195,16.80382,0.04567317,0.007835081,0.00715166,0.007868272,0.02356964,12.04084,True
1237654668666077422,159.699728296667,-1.17168961146142,5.747736,0.1397965,GALAXY,20.39561,18.43253,17.38823,16.91557,16.57448,0.1217291,0.01151978,0.007201632,0.007204772,0.01806297,16.32497,False
1237654668666077398,159.703569368392,-1.14297481691837,3.193332,0.1247547,GALAXY,21.2317,18.70803,17.6354,17.17273,16.81816,0.1874834,0.01158597,0.007217248,0.007082098,0.01627475,19.82221,False
1237654668666077363,159.667463156937,-1.21319478655852,4.045173,0.03940077,GALAXY,20.12948,18.21001,17.43377,17.03568,16.80547,0.08741528,0.009384307,0.007069085,0.007314109,0.01925598,19.73528,True
1237654668666077320,159.622725565842,-1.21687872476233,7.987702,0.1381717,GALAXY,19.97275,17.69273,16.53271,16.04304,15.67977,0.1150494,0.008777684,0.005172173,0.005076632,0.01153817,24.84076,False
1237654668666011810,159.576597457376,-1.21043464526264,3.934622,0.1376868,GALAXY,20.71858,18.67954,17.58122,17.09242,16.72011,0.1514364,0.01320494,0.007944486,0.007906283,0.01867532,15.53783,False
1237654668665815258,159.126974589043,-1.05499753064591,5.954689,0.150111,GALAXY,19.43792,18.36656,17.65519,17.27795,17.03039,0.06225822,0.01217482,0.009663635,0.01060995,0.03101751,10.98815,False
1237654668665749684,158.931465313438,-1.22075451522396,5.020091,0.1428779,GALAXY,19.88001,18.28376,17.35731,16.86029,16.51656,0.09409861,0.01197034,0.00795765,0.007895036,0.02038292,14.35914,False
1237654668665749618,158.912493023736,-1.10040990410413,5.250922,0.1292931,GALAXY,19.4403,18.06635,17.24171,16.83443,16.56427,0.0565035,0.009106687,0.006622314,0.00691693,0.01903078,16.49644,False
1237654669739819130,159.611616992664,-0.415162087483363,5.332698,0.09673434,GALAXY,19.68663,18.00379,17.11114,16.67557,16.33578,0.0691816,0.008231569,0.006034995,0.006093705,0.01639076,20.05009,True
1237654668665552979,158.410964967438,-1.19980540368853,5.055577,0.1529721,GALAXY,20.54289,18.47346,17.32762,16.82549,16.45893,0.1382732,0.01182573,0.006628135,0.006492373,0.01523079,11.75167,False
1237654668665552973,158.394911661141,-1.06789009881402,3.718387,0.1528445,GALAXY,18.90632,17.78841,17.13983,16.73232,16.48869,0.0301302,0.006765868,0.005473945,0.005639954,0.0145577,14.53918,False
1237654668662014267,150.438931979979,-1.18274462329096,3.954551,0.0661617,GALAXY,19.36083,17.83278,17.12301,16.71772,16.43052,0.05260733,0.006938156,0.005421646,0.005589928,0.01387482,13.31018,True
1237654668662014173,150.338975892471,-1.23246532859269,4.333774,0.1362129,GALAXY,19.97064,18.26441,17.30664,16.85193,16.49932,0.0862179,0.01064371,0.006923188,0.006935633,0.01701712,11.68858,False
1237654606400389335,162.137432691471,5.24775987167448,4.121364,0.1504142,GALAXY,20.41486,18.56664,17.42073,16.93908,16.58503,0.08782644,0.01056385,0.006217643,0.006021974,0.0117484,12.86065,False
1237654606400258207,161.864037931093,5.42566309762333,5.205842,0.068847,GALAXY,19.23416,17.54659,16.73201,16.33299,16.01557,0.04835942,0.006850534,0.005029629,0.005060701,0.0102834,14.83491,True
1237654606400192617,161.71400645582,5.3397584320915,3.03835,0.1031835,GALAXY,19.92649,18.0186,17.05251,16.62462,16.30496,0.05626737,0.007221368,0.004922158,0.004868202,0.009333014,19.55021,False
1237654670809366712,150.082246301138,0.478241395238519,6.574957,0.04612698,GALAXY,19.10423,17.16132,16.30281,15.9053,15.58502,0.04575685,0.005359011,0.004029165,0.004213708,0.008711987,25.49426,True
1237654670809366725,150.105272463825,0.498091942384777,5.153971,0.1068543,GALAXY,19.01855,17.60748,16.83531,16.42863,16.12683,0.03917401,0.006635697,0.005116194,0.005414777,0.01202534,19.01407,False
1237654606397898956,156.37493708662,5.19854872849395,3.548755,0.1555793,GALAXY,20.28702,18.6531,17.50725,17.00228,16.614,0.07828102,0.01103129,0.006416149,0.006073051,0.0116107,12.22673,False
1237654606397898936,156.368220773568,5.03993575779216,7.24704,0.1568855,GALAXY,19.76591,17.45756,16.22604,15.74589,15.37982,0.09122288,0.007565434,0.004268729,0.004087903,0.007746635,16.65664,False
1237654606397833582,156.318909850557,5.08370477400584,9.223458,0.1551684,GALAXY,19.96659,17.8346,16.66682,16.19005,15.83846,0.09669434,0.009141838,0.005204434,0.005028402,0.009982839,14.06512,False
1237654606397833546,156.266301279582,5.07133767709647,9.415983,0.1249436,GALAXY,19.39347,17.39643,16.30617,15.83009,15.44951,0.06100179,0.006880816,0.004267974,0.004150609,0.007731295,16.02326,False
1237654671348990099,156.313167940405,0.892645068252386,8.248253,0.02274756,GALAXY,18.03472,16.97347,16.56201,16.34332,16.16053,0.02968439,0.005076732,0.005080213,0.006184143,0.01773763,14.00434,True
1237654605863583885,162.281154830024,4.94069429276773,10.22534,0.05525478,GALAXY,18.2629,16.38346,15.53824,15.11344,14.81205,0.02514531,0.003634125,0.002955671,0.002864877,0.005751049,29.16963,True
1237654605863583845,162.236355580285,4.88789867837936,8.11602,0.03412193,GALAXY,18.86914,17.37008,16.61395,16.22083,15.91566,0.03925292,0.009735518,0.005682338,0.007899065,0.02250232,11.55398,True
1237654605863518430,162.11362605482,4.87833887566179,4.295618,0.07179237,GALAXY,19.49433,17.48808,16.58508,16.15347,15.83511,0.04303752,0.005355082,0.004067646,0.003871928,0.00812143,23.74374,True
1237654605863518421,162.113951163832,4.82549616264235,14.58843,0.03404892,GALAXY,17.40107,16.02987,15.42346,15.0789,14.85096,0.02087986,0.003710102,0.003291567,0.003305147,0.008751134,14.65194,True
1237654605863518327,162.206736047444,4.98531733726289,7.298462,0.07160636,GALAXY,18.85282,17.51748,16.97115,16.62173,16.40026,0.03676406,0.006352114,0.005730338,0.005744563,0.01682749,11.66972,True
1237654605863518311,162.201671097457,4.94214631905342,3.481825,0.07188682,GALAXY,19.71196,17.91737,17.08313,16.67844,16.39514,0.04778348,0.006551739,0.005016998,0.004842752,0.0111372,19.06009,True
1237654605863452999,162.037049562043,4.96545600253329,10.59282,0.0719472,GALAXY,18.25363,16.25888,15.35043,14.91711,14.63642,0.02789659,0.003612267,0.002834739,0.002716647,0.005510692,30.78045,True
1237657627916763200,178.196045797265,51.2246174846933,3.312215,0.1315384,GALAXY,20.42473,18.67013,17.63184,17.16414,16.80412,0.0881278,0.01074512,0.006901552,0.006661627,0.01436356,11.00599,False
1237657627916697715,178.132630133424,51.21827731395,4.914464,0.06852865,GALAXY,18.82123,17.74173,17.40475,17.16528,17.02189,0.02964672,0.00667569,0.006866541,0.007710327,0.021407,11.16585,True
1237657627916632182,177.832318322448,51.0794998180758,4.903066,0.1849359,GALAXY,20.44714,18.46606,17.22408,16.74356,16.39874,0.09932598,0.01040943,0.005854019,0.005591257,0.01220699,13.14821,False
1237657627916632146,177.747324317006,51.0726497518191,5.210132,0.1286983,GALAXY,20.0565,17.92665,16.86667,16.40749,16.07713,0.08278651,0.007967985,0.005110098,0.004952787,0.01072945,15.83074,False
1237657857683161199,177.999330626886,53.1115063675362,3.015126,0.07894008,GALAXY,20.46893,18.54823,17.56742,17.08152,16.72628,0.08121164,0.009227652,0.006361395,0.00662399,0.01354904,12.20979,True
1237656243311280401,340.410480642002,14.697646332676,7.800163,0.08442838,GALAXY,18.01366,16.40132,15.58519,15.15109,14.87185,0.02537586,0.004005576,0.003136723,0.003168383,0.006388427,23.91621,True
1237656243311280315,340.351585235495,14.7243345105829,7.361719,0.07928573,GALAXY,19.26675,17.34484,16.45286,16.00873,15.67564,0.06631219,0.00675377,0.004775564,0.004853462,0.01068068,14.94263,True
1237656243311280311,340.359476279301,14.6346042146175,4.230524,0.1147127,GALAXY,19.59571,17.7554,16.83001,16.4112,16.07337,0.05083315,0.006374457,0.004509148,0.004585464,0.009385794,20.89433,False
1237656243311280288,340.328229570501,14.7456264807012,5.298295,0.07914302,GALAXY,18.83266,17.002,16.06036,15.62061,15.27891,0.03232398,0.004497332,0.003343334,0.003358299,0.006198992,27.05334,True
1237656242237669590,340.736070306434,13.9466589977143,3.927811,0.08910658,GALAXY,19.01964,17.72121,17.15907,16.81315,16.62068,0.03141131,0.005812832,0.005043729,0.005140766,0.0147167,17.15313,True
1237656242237604281,340.680363203257,13.9186549190221,7.669736,0.08342656,GALAXY,19.61841,17.68026,16.64335,16.15854,15.7616,0.06159347,0.006777217,0.004605185,0.004379004,0.01005286,18.55363,True
1237656242237604141,340.590486477061,13.9329208842852,3.31543,0.09050114,GALAXY,20.29336,18.19749,17.21128,16.77354,16.42305,0.07007888,0.007440845,0.00519814,0.005085073,0.0115661,18.77617,True
1237656242237473024,340.287233056265,13.9226088331494,3.274735,0.0989263,GALAXY,20.21931,18.40372,17.34718,16.88355,16.46748,0.06753777,0.008396138,0.005587889,0.005371972,0.01213718,16.45275,True
1237654671349252233,156.967399404701,0.853367848461708,6.676095,0.08964867,GALAXY,18.92145,17.09098,16.19124,15.67278,15.33513,0.05304822,0.005728646,0.004270507,0.004213544,0.009263223,16.73063,True
1237654670812184782,156.556422364946,0.46765045655001,3.716363,0.09687928,GALAXY,20.14936,18.32426,17.33556,16.79833,16.52596,0.09212245,0.009952412,0.006590609,0.006565334,0.01544032,11.8846,True
1237654670809301181,149.915987315034,0.447314082447745,3.112743,0.1597646,GALAXY,20.95854,18.80348,17.62841,17.15035,16.82374,0.1520138,0.01222897,0.007118106,0.007233509,0.01647338,13.69649,False
1237654670275379362,156.687623995179,0.0845586071478791,4.035392,0.09603637,GALAXY,19.95576,18.12362,17.18412,16.73159,16.43203,0.07256388,0.00777094,0.005596448,0.005588809,0.01513241,13.41866,True
1237654670275313821,156.5396476965,0.0205378359198098,3.271131,0.1469988,GALAXY,20.97358,18.61009,17.41576,16.8735,16.44477,0.1699283,0.01063608,0.006417127,0.006069227,0.01452148,12.96596,False
1237654606402355477,166.658842858372,5.4928208298358,6.612604,0.1567757,GALAXY,19.55606,18.12468,17.25412,16.83079,16.53229,0.05999527,0.009731379,0.006935994,0.006856105,0.01459451,13.58704,False
1237654606402289803,166.568998760831,5.39887431084608,4.423553,0.1894133,GALAXY,19.90207,18.16045,17.04914,16.57437,16.25014,0.07507283,0.009595591,0.00581656,0.005539135,0.01119181,18.93467,False
1237654606402289768,166.520768572321,5.52835306250961,5.958478,0.07503679,GALAXY,18.50112,16.52104,15.55747,15.11294,14.76733,0.02655201,0.003794756,0.002852766,0.00280556,0.00457855,40.87038,True
1237648722835669008,167.002445114567,1.20092328522237,4.665055,0.1387028,GALAXY,19.778,17.71346,16.5973,16.11117,15.71502,0.06337457,0.006429803,0.00436227,0.004368515,0.008886255,18.44036,False
1237657858220032050,177.825029252344,53.429882582485,3.146116,0.05245183,GALAXY,19.14817,17.815,17.31017,17.04178,16.8723,0.03063316,0.005539605,0.005180124,0.00595717,0.014999,15.91998,True
1237648722827346177,148.015811899036,1.1484200396361,3.302843,0.06410416,GALAXY,19.53428,17.69969,16.82242,16.41954,16.08924,0.04524247,0.005976235,0.004459863,0.004582548,0.009575018,20.94654,True
1237648722827215020,147.709148160534,1.14823390281402,7.446817,0.06144949,GALAXY,18.30998,16.39885,15.44522,15.02465,14.67003,0.02896912,0.003918323,0.002937604,0.00301856,0.005637354,28.89934,True
1237648722290344133,147.728942398481,0.769706786727907,3.896558,0.09342141,GALAXY,19.49921,17.47877,16.48082,16.02574,15.6892,0.04358594,0.005640689,0.003948699,0.004020876,0.007602619,21.55394,True
1237648722290344109,147.700498175529,0.82955972053438,4.838325,0.1420789,GALAXY,19.76191,17.82091,16.73601,16.27298,15.9029,0.0592948,0.007309713,0.004666094,0.004757977,0.009463783,19.80429,False
1237648722290344082,147.671011225534,0.667272793474115,4.022226,0.08665648,GALAXY,19.23989,18.14667,17.70473,17.36212,17.27708,0.04002436,0.008291646,0.007732128,0.008784259,0.02526077,10.09088,True
1237648722290278627,147.56857786828,0.706088740541472,3.85356,0.2205509,GALAXY,19.83328,18.49483,17.4963,17.03184,16.75129,0.06170535,0.01135622,0.007243576,0.007533885,0.01749463,11.11584,False
1237648722290278576,147.500039287053,0.644921446082602,3.900297,0.09785258,GALAXY,19.63676,18.09502,17.44678,17.07461,16.7957,0.05098743,0.008388248,0.006483867,0.007199165,0.01703703,11.36135,True
1237648721753538850,147.895255988866,0.255656057398816,4.661143,0.08539967,GALAXY,18.96667,16.99418,16.01497,15.57269,15.20947,0.03327405,0.004495435,0.003371471,0.003360535,0.006821906,28.42084,True
1237648721753538824,147.864590042975,0.255910736865939,11.17563,0.0858379,GALAXY,19.01005,17.4565,16.64985,16.12796,15.78517,0.04888992,0.008047611,0.005733361,0.005462713,0.01414996,11.42953,True
1237648721217192199,149.062686383358,-0.0291918022548227,4.797688,0.06383968,GALAXY,18.56549,17.29849,16.68588,16.31239,16.0597,0.02293179,0.005275187,0.004397443,0.00453552,0.01086332,20.63968,True
1237648721217126706,148.954835044029,-0.0020868674363978,3.945568,0.1248562,GALAXY,19.46765,18.27505,17.58648,17.20614,16.94212,0.04324484,0.008454387,0.006652817,0.00695253,0.01955678,11.39415,False
1237648721217126671,148.953647247778,-0.0971220092440175,15.14887,0.08395238,GALAXY,17.5752,15.60245,14.63883,14.21344,13.85449,0.01817757,0.002866759,0.002245154,0.002264056,0.004082188,37.90376,True
1237648721217126584,148.856648736504,-0.059143833405223,6.043086,0.08821983,GALAXY,19.4167,17.41965,16.4329,15.99358,15.60899,0.05176382,0.00616291,0.004200361,0.004214012,0.00925081,19.31353,True
1237648721217061098,148.84253281479,-0.0440964206188018,4.106896,0.08525094,GALAXY,19.98429,17.96647,16.94775,16.46749,16.06803,0.06267994,0.007335493,0.004905667,0.004815793,0.0103882,17.37746,True
1237648721217061052,148.791662000458,-0.0210107386481626,6.302457,0.08521271,GALAXY,19.68263,18.07706,17.21296,16.71471,16.35929,0.06084525,0.008997534,0.006313406,0.006128484,0.01563212,10.08324,True
1237648721217061050,148.775584930954,-0.141190273627364,3.188982,0.07679157,GALAXY,20.00356,18.01243,17.08386,16.64997,16.34101,0.05375536,0.006912462,0.004915013,0.0048922,0.01107809,19.18866,True
1237648721216143430,146.603616489947,-0.191463034874475,6.039515,0.1215208,GALAXY,18.91808,17.66467,16.97991,16.55797,16.32081,0.03720893,0.00701521,0.005620629,0.005737987,0.01629059,13.14614,False
1237648721215553734,145.344331276238,-0.0169288795522361,4.895992,0.09103485,GALAXY,20.19724,18.13454,17.1548,16.69691,16.33321,0.07827568,0.008496789,0.005613471,0.005618821,0.01304199,15.76498,True
1237648721215488183,145.219041343235,-0.186176581174114,3.607838,0.1235886,GALAXY,20.66997,18.50411,17.387,16.91326,16.5622,0.1059021,0.009820554,0.005958388,0.005871442,0.01362801,13.26447,False
1237648720680321231,149.043837639041,-0.62280948885766,7.723313,0.09358854,GALAXY,19.05885,17.69846,17.00149,16.59719,16.30994,0.04587753,0.008150524,0.006579595,0.006489556,0.01651379,11.37811,True
1237648720680321224,149.019761632542,-0.596428546241601,5.101101,0.08421674,GALAXY,18.85496,16.8428,15.86345,15.41568,15.05105,0.03219287,0.004374365,0.003229311,0.003116032,0.005671937,28.59773,True
1237648720678617276,145.224842086621,-0.548026396358345,3.365402,0.1296703,GALAXY,20.51562,18.65493,17.66912,17.213,16.83003,0.08870713,0.01006654,0.006642035,0.006322799,0.01417533,13.47621,False
1237648720143122623,148.394539945078,-0.887741520902375,5.550414,0.13728,GALAXY,19.95461,17.92927,16.84707,16.32904,15.91534,0.09189916,0.009660141,0.005818225,0.005617583,0.0119505,13.47603,False
1237648720143122615,148.384960043677,-0.941452431840223,3.816362,0.08325355,GALAXY,19.76841,17.84013,16.91057,16.48621,16.16002,0.04872482,0.006600621,0.004660123,0.004681187,0.009618483,21.18382,True
1237648720143057136,148.121562041614,-1.03202593983416,5.657009,0.1621596,GALAXY,20.06697,18.39047,17.26628,16.76237,16.36821,0.09381698,0.0126085,0.007276673,0.007054551,0.01660001,10.54067,False
1237648720143057124,148.24549709385,-0.97317727266648,5.86706,0.04863385,GALAXY,18.06462,16.90013,16.40897,16.08534,15.8518,0.01702864,0.004414736,0.003979539,0.004209524,0.009642074,20.48939,True
1237648720143057118,148.232122708011,-0.863635756069868,3.287077,0.1460121,GALAXY,20.6585,18.83451,17.73832,17.29995,16.92471,0.09473749,0.01178365,0.007115035,0.007121073,0.01601986,11.24089,False
1237654880736575640,213.880542043203,4.69635337401201,4.337302,0.1005643,GALAXY,20.0457,18.39,17.49224,17.0472,16.68591,0.07993239,0.009677667,0.006796014,0.006414746,0.01654195,10.53689,False
1237654880736510147,213.842735536381,4.66315449841011,3.394693,0.08010486,GALAXY,19.47127,17.78634,16.93771,16.52772,16.2175,0.04684371,0.006386269,0.00478741,0.004606088,0.0109699,17.83641,True
1237654880736510108,213.793455598962,4.63727471140812,3.571091,0.08481406,GALAXY,20.21554,18.2676,17.36025,16.9481,16.62234,0.0783578,0.008139494,0.005760042,0.005540987,0.01361435,15.41441,True
1237654880736444577,213.616803108435,4.71695035735485,3.991235,0.1186485,GALAXY,18.30624,16.94865,16.37751,15.94158,15.76762,0.02118245,0.004253792,0.003786687,0.003650135,0.008423655,24.39911,False
1237654880736313502,213.329220614375,4.77545308437524,5.041245,0.1586599,GALAXY,19.56194,17.68413,16.56862,16.12484,15.8147,0.06054298,0.006581646,0.004320342,0.004106681,0.009665298,18.55478,False
1237654880736313461,213.28176557685,4.62636877590021,4.008915,0.1152178,GALAXY,20.49229,18.58461,17.55408,17.0896,16.72665,0.1071078,0.01017837,0.00667877,0.006227743,0.015682,11.65895,False
1237654880200097932,214.76584290543,4.23522752255121,3.487731,0.09427974,GALAXY,18.59872,17.76386,17.54902,17.31171,17.2577,0.02255114,0.005853334,0.006093326,0.006595873,0.02121915,15.65232,True
1237654880200032430,214.718374650799,4.19803263255364,8.121433,0.08617876,GALAXY,22.80914,17.32356,16.55804,16.13985,15.81084,1.428499,0.00614647,0.004784882,0.004648797,0.01121503,12.14512,True
1237654880200032368,214.636899688087,4.30789887161798,7.747335,0.09436764,GALAXY,18.54251,17.42233,16.85166,16.52022,16.3279,0.0394542,0.007398203,0.00634456,0.006545219,0.01925831,11.12492,True
1237654880200032353,214.620941793856,4.32496530125522,6.659245,0.1088909,GALAXY,18.35865,16.98475,16.24468,15.82373,15.52604,0.0314078,0.00530875,0.004173655,0.004048443,0.009589628,17.86674,False
1237654880199966846,214.489911047218,4.23465433256205,3.105533,0.05573496,GALAXY,26.13289,18.06187,17.25674,16.87073,16.5757,0.967658,0.007284455,0.005272673,0.005201275,0.01206928,14.38072,True
1237655742403575995,214.227641282848,5.41897427782165,8.261246,0.04885644,GALAXY,19.84798,17.57174,16.70948,16.22787,15.87165,0.08998398,0.00720294,0.00522689,0.005118626,0.01126827,11.99683,True
1237654879663096035,214.493473496001,3.92112995197856,4.026648,0.1080282,GALAXY,20.64288,18.52837,17.50568,17.07646,16.72528,0.1311874,0.01091145,0.00658309,0.006422182,0.01394725,11.12264,False
1237654879126487187,215.133446848886,3.46536701300765,10.09606,0.07792266,GALAXY,18.67325,17.03994,16.16889,15.77844,15.51108,0.04465055,0.006029048,0.004218142,0.004208185,0.01005695,13.53574,True
1237654879126487149,215.067823334032,3.34677318162931,3.894788,0.1065668,GALAXY,19.1679,17.99622,17.43836,17.04331,16.84688,0.03417712,0.007185288,0.006045297,0.005891643,0.01493874,13.27361,False
1237654879126421680,214.950118540106,3.34309714211862,3.365293,0.1084996,GALAXY,20.14907,18.28017,17.31027,16.87567,16.52384,0.07019354,0.008600839,0.005583264,0.005376603,0.01144706,16.47498,False
1237654879126290507,214.585931720931,3.4210663508481,6.102071,0.125623,GALAXY,20.09497,18.1286,17.02468,16.55512,16.1778,0.09479208,0.009576272,0.005587716,0.005325403,0.01161639,14.43221,False
1237654879126225087,214.53164246521,3.39312207428357,6.332995,0.119387,GALAXY,19.74239,17.87056,16.83318,16.34713,15.92493,0.07175464,0.00842142,0.005101802,0.004813274,0.00989678,13.28188,False
1237654670272626852,150.359016508321,0.0824744231042036,6.058174,0.03266715,GALAXY,19.30362,17.86611,17.16763,16.75053,16.40685,0.05585765,0.007829344,0.006611555,0.006737836,0.01886627,11.35669,True
1237654670272561365,150.256454881312,0.038280957071212,6.586837,0.08735064,GALAXY,19.27508,17.24085,16.30531,15.86194,15.52949,0.05638393,0.005582877,0.004113838,0.0040886,0.009655538,24.87947,True
1237654670272561361,150.256099076072,0.0215227512879325,4.614252,0.08911609,GALAXY,19.62499,17.55347,16.56845,16.07476,15.70681,0.0649891,0.006199812,0.004412739,0.004266457,0.009734963,23.78469,True
1237654670272561311,150.191282759426,0.0248171543921041,3.590964,0.06203967,GALAXY,18.93451,16.98042,16.07709,15.63448,15.32538,0.03475435,0.004415725,0.003502744,0.003465109,0.007073547,33.07957,True
1237654669737525446,154.412047966949,-0.398935331149303,4.343306,0.09397987,GALAXY,19.68732,17.84255,16.88767,16.45362,16.11738,0.06828786,0.007748115,0.005356776,0.005400471,0.01312486,16.25183,True
1237654669735755916,150.333505333354,-0.369280204719841,5.583401,0.1378106,GALAXY,19.85654,18.17869,17.12444,16.58943,16.18238,0.1032313,0.01143116,0.007220057,0.006765707,0.01722116,10.11266,False
1237654669200457931,153.971423759878,-0.769290744654443,9.489671,0.04417122,GALAXY,18.13445,17.0171,16.5806,16.32308,16.16904,0.0309906,0.00583441,0.005823013,0.007001151,0.02075629,12.15192,True
1237654669198557396,149.675505369187,-0.806251548551031,7.361076,0.08543276,GALAXY,18.9171,17.01009,16.06672,15.62462,15.30685,0.04400281,0.005115298,0.003754585,0.003721333,0.007411742,26.97737,True
1237654669198557348,149.646771283386,-0.83694635488095,11.12053,0.1048315,GALAXY,19.09083,17.03545,16.01718,15.58577,15.2456,0.08110775,0.006967132,0.004584514,0.004641026,0.01058701,18.0524,False
1237654669198557330,149.61643634443,-0.834498946579425,7.230492,0.1038225,GALAXY,19.10159,17.64774,16.87965,16.46183,16.19771,0.06111572,0.008876202,0.006464141,0.006691761,0.01800834,10.41099,False
1237654669198557304,149.591232665665,-0.836484194613383,3.64731,0.1043969,GALAXY,19.8474,17.77923,16.82022,16.42153,16.08418,0.0656612,0.006676289,0.004737859,0.004787231,0.009644695,23.20312,False
1237657595151450451,126.39500860059,39.8360271098649,3.453812,0.029471,GALAXY,18.99705,17.51351,16.86188,16.54533,16.27802,0.03263826,0.005600263,0.004839773,0.004984955,0.01248638,22.46579,True
1237654605863452834,162.049622694742,4.99858148339984,15.70428,0.03429249,GALAXY,16.19416,14.32823,13.46414,13.0272,12.73558,0.009716434,0.002016383,0.00178997,0.001746409,0.002642189,44.56137,True
1237654605863387324,161.931384601558,4.8253186302381,3.572932,0.1545418,GALAXY,20.34089,18.56546,17.44583,16.98864,16.63697,0.0881066,0.01037793,0.006441473,0.005973193,0.01434947,14.06134,False
1237654605863387248,161.796308703497,4.97599185718282,3.202004,0.1033718,GALAXY,19.67447,17.89118,16.94253,16.504,16.14419,0.04798958,0.006540187,0.004767387,0.00454032,0.009637847,20.31046,False
1237654605863321803,161.691829847563,4.81276062924673,7.096195,0.05537228,GALAXY,17.66109,16.07053,15.29463,14.86105,14.51371,0.01626286,0.003243953,0.002763955,0.00267511,0.00482071,32.37735,True
1237654605863321650,161.691374486548,4.87967362114683,3.384515,0.1549739,GALAXY,20.58809,18.76735,17.70476,17.25726,16.95879,0.100055,0.01157376,0.00725763,0.006725417,0.01733363,10.37099,False
1237654605863256212,161.560322364965,4.81135307097008,7.460669,0.09927244,GALAXY,19.21961,17.31143,16.38202,15.95349,15.61296,0.04717259,0.005750117,0.004166538,0.003952365,0.008920298,20.23496,True
1237657118410801317,129.358675156853,39.0413555001821,4.550875,0.1515236,GALAXY,20.28398,18.40881,17.48495,16.99178,16.6306,0.1340501,0.01186894,0.008599618,0.008044221,0.02135734,10.94115,False
1237654605326778588,162.485467246856,4.60241364024265,14.21683,0.1370602,GALAXY,19.16914,17.27912,16.13558,15.67268,15.30291,0.05644874,0.006550783,0.004041124,0.003783096,0.008006182,19.64253,False
1237654605326713009,162.384559579337,4.57353804333376,14.50164,0.1254325,GALAXY,18.63852,16.73246,15.74122,15.29779,14.97611,0.06250153,0.00655415,0.004376304,0.004134169,0.009853959,15.29745,False
1237654605324157115,156.504359066572,4.21517941408159,4.712299,0.07450579,GALAXY,19.07439,17.47737,16.73054,16.34032,16.05643,0.04172211,0.006355066,0.004949112,0.004775374,0.01093915,15.4099,True
1237654605324026058,156.188771397998,4.36887314420347,5.269433,0.06469873,GALAXY,18.69212,17.25265,16.48116,15.99457,15.69286,0.02712044,0.005050295,0.003895698,0.003667507,0.007512019,19.98831,True
1237654604250480843,156.713273409024,3.56258667664093,10.15332,0.07251127,GALAXY,18.45016,16.44623,15.53821,15.10936,14.79893,0.03713212,0.004625177,0.003301426,0.00316102,0.006132112,18.27137,True
1237654604250480780,156.612091633349,3.48616052634082,3.573359,0.07414299,GALAXY,19.81717,18.00338,17.16738,16.7545,16.47962,0.0516324,0.007426364,0.005328071,0.005133481,0.01065507,12.01465,True
1237654604250284248,156.257256356347,3.50979975515511,5.917362,0.1446142,GALAXY,19.7724,17.72742,16.54281,16.08455,15.71686,0.07439263,0.008038538,0.004710764,0.004372091,0.008784155,13.38567,False
1237654604249628852,154.75638134557,3.36057486049583,3.834116,0.03252297,GALAXY,18.48671,17.02142,16.40988,16.07168,15.8334,0.02121741,0.004556767,0.003815173,0.00379511,0.007394288,26.08567,True
1237654604249563338,154.620867027365,3.29031507419113,5.846496,0.0460196,GALAXY,18.40711,17.135,16.56292,16.24009,16.01785,0.02319575,0.005210808,0.004441339,0.004491571,0.009739584,19.34829,True
1237654604249563325,154.598129503865,3.35451350093679,3.236208,0.1044191,GALAXY,20.59852,18.60458,17.61233,17.16072,16.78244,0.09877215,0.01087469,0.006846744,0.006429669,0.01316896,12.34559,False
1237654604249563310,154.584959422351,3.30998950353194,5.583447,0.0460006,GALAXY,18.45074,17.35038,16.90463,16.63288,16.46965,0.02139538,0.005315676,0.004889395,0.005072931,0.01189777,17.57746,True
1237654602639802476,156.047223188893,5.24127623104136,5.862673,0.1838017,GALAXY,20.3682,18.60968,17.43278,16.97599,16.65575,0.1159583,0.01295928,0.007195298,0.00702709,0.01604229,10.0317,False
1237654602105422032,161.848042114955,5.19079729555594,3.080247,0.06963263,GALAXY,19.78638,17.91315,17.01665,16.58454,16.28197,0.04933804,0.006556591,0.004662594,0.004637992,0.008787228,21.63092,True
1237654602105422020,161.828402254529,5.20950449611372,7.36072,0.06975874,GALAXY,19.04808,17.14295,16.25985,15.82683,15.53186,0.0458399,0.005625879,0.004017991,0.003999105,0.007903247,19.46387,True
1237654602105356445,161.679705542179,5.14428566148483,3.761325,0.1032483,GALAXY,19.25701,18.0778,17.43287,17.01085,16.78324,0.03373955,0.007091226,0.00567611,0.005667268,0.0122954,15.43945,False
1237657401878708333,129.267113913767,39.3575050347271,3.93353,0.0246235,GALAXY,19.50418,17.74114,16.96732,16.59741,16.27961,0.04801698,0.005853921,0.004804647,0.004674194,0.01123675,19.5258,True
1237654602103062643,156.356225094681,4.9722458568523,7.059189,0.1093346,GALAXY,18.31087,16.9604,16.18942,15.74808,15.4593,0.02368912,0.004766332,0.003724123,0.003712549,0.007155344,16.51122,False
1237654602102997121,156.198094216694,4.8252557704884,4.09514,0.1831834,GALAXY,19.30673,18.19899,17.42376,16.96188,16.76122,0.04386807,0.009569772,0.00699899,0.006966447,0.01602199,12.13692,False
1237654602102997096,156.176058641371,4.86395401325842,6.728201,0.04284115,GALAXY,18.45723,16.66416,15.84653,15.46369,15.17666,0.0249897,0.004091794,0.003195241,0.003256084,0.005838343,27.4994,True
1237654606402289753,166.508128351049,5.54525215088978,10.00775,0.07581494,GALAXY,17.86802,16.56061,15.82505,15.41616,15.13152,0.0252272,0.004891676,0.003871341,0.003837504,0.007692954,22.22097,True
1237654606402224334,166.38731350936,5.58109877277727,3.872155,0.1528157,GALAXY,20.68501,18.82515,17.74895,17.2216,16.81995,0.1316204,0.01361295,0.008238584,0.007713293,0.0152546,10.38356,False
1237654606402224320,166.383334733213,5.47501978638653,6.393733,0.1891916,GALAXY,19.49154,18.14035,17.31496,16.85826,16.59822,0.05965955,0.01012934,0.00733402,0.007186094,0.01590886,13.23945,False
1237654606402158738,166.227975549497,5.44813959186864,3.664437,0.08282866,GALAXY,19.80614,17.84318,16.90503,16.47522,16.15064,0.05336124,0.00667704,0.004655644,0.00461139,0.0087246,24.34083,True
1237654606401962084,165.690835359935,5.36763114765511,4.18732,0.06088262,GALAXY,19.8245,18.3911,17.72433,17.38026,17.16545,0.05743872,0.009537181,0.007588107,0.007938836,0.01893704,10.96534,True
1237654606401896685,165.667887757987,5.40431855400004,5.328003,0.1198195,GALAXY,18.83556,17.51423,16.73844,16.29216,16.01279,0.02741431,0.00562775,0.00430601,0.004253076,0.008327872,22.66438,False
1237654606396260479,152.615389942638,4.99337693602791,3.99789,0.2266161,GALAXY,20.58588,18.54138,17.07587,16.54097,16.1619,0.1107628,0.01092955,0.005236838,0.004892457,0.009239808,15.97439,False
1237654606396129422,152.391980858941,5.05001132228843,3.363142,0.1716429,GALAXY,20.49415,18.72532,17.58125,17.09885,16.77414,0.09448361,0.01188681,0.006790892,0.006550469,0.01341296,11.57367,False
1237654605865419015,166.581878543743,5.04327614496401,4.526728,0.2042023,GALAXY,20.81615,18.8633,17.52669,16.99998,16.60244,0.1381186,0.01279059,0.0069355,0.006060133,0.01398252,16.73979,False
1237654605865353361,166.419975613953,4.99740119155336,7.387255,0.06754266,GALAXY,18.87127,17.49145,16.87464,16.47966,16.24422,0.0390431,0.006711313,0.005681744,0.005436517,0.01504336,14.76912,True
1237654605865353348,166.394265132571,5.00705155302943,5.116183,0.1445769,GALAXY,19.93494,18.14083,17.10363,16.64281,16.33132,0.08817536,0.009698676,0.00639748,0.00588521,0.01506754,14.42687,False
1237654605865353292,166.33742192289,5.00964473386683,4.770772,0.1020694,GALAXY,19.17818,17.76178,16.99542,16.54754,16.27382,0.03814786,0.006518579,0.005243184,0.004902994,0.01191489,20.75896,False
1237654605865287919,166.232568755188,5.00837863406611,9.41016,0.2461129,GALAXY,21.13133,18.62724,17.1665,16.61678,16.26104,0.3259589,0.01764125,0.008136017,0.006956019,0.01847175,10.1818,False
1237654605865222329,166.042948895574,5.0599782862784,4.415169,0.07534588,GALAXY,20.06572,18.11184,17.17958,16.75563,16.43589,0.0687479,0.007518139,0.005407085,0.005065966,0.01205709,19.57922,True
1237654605860110514,154.380360788241,4.60528807908228,5.120069,0.05717906,GALAXY,20.23229,17.73166,16.65279,16.03595,15.56985,0.09104422,0.006790929,0.004276028,0.003717736,0.007387579,21.7436,True
1237654605324157027,156.44672211501,4.18681396063387,5.821949,0.2085215,GALAXY,20.51463,18.7508,17.41554,16.90434,16.53485,0.1250982,0.01403792,0.007124753,0.006320221,0.01450112,10.4237,False
1237654604788072660,158.317615849203,4.00278485502349,6.893564,0.0853373,GALAXY,18.64137,16.76748,15.84064,15.41189,15.07944,0.03463893,0.004632562,0.003425198,0.003284449,0.006018718,11.10273,True
1237654604787286216,156.466920596833,3.85063564202873,4.399045,0.102311,GALAXY,19.95689,18.14022,17.23903,16.87856,16.53742,0.06973208,0.008402048,0.005924799,0.005790129,0.01178443,13.58699,False
1237654604787089601,156.030798523519,3.88913430393665,6.455397,0.06796821,GALAXY,18.58673,17.27426,16.67208,16.32643,16.09221,0.02965578,0.005463866,0.004744713,0.004680409,0.01047013,14.43643,True
1237654604787089548,155.978776222032,3.911190189332,3.71156,0.08568484,GALAXY,20.24467,18.36621,17.39405,16.95487,16.64366,0.08058999,0.009298384,0.006367142,0.005867457,0.01209543,13.04978,True
1237654604787023963,155.828045671518,3.8547894373764,6.430312,0.1236087,GALAXY,18.67523,17.27793,16.5311,16.12353,15.80405,0.03714795,0.006421137,0.005048464,0.004837383,0.01004283,13.70072,False
1237654604786958467,155.70091475753,3.75908356706984,17.57112,0.03294268,GALAXY,16.57687,15.1263,14.43619,14.08315,13.82842,0.01226192,0.002603882,0.002319223,0.00229901,0.00384346,22.97306,True
1237654604786892982,155.611617349108,3.88713146425404,9.91225,0.04452148,GALAXY,17.99598,16.60101,16.11438,15.86931,15.68301,0.02798131,0.005062487,0.004482492,0.005361667,0.01135492,12.43839,True
1237654604785975434,153.489743338043,3.77657301206116,3.100053,0.07776488,GALAXY,19.67467,17.88104,17.00954,16.61965,16.32502,0.04855593,0.006663863,0.00488062,0.004735982,0.009176813,20.86273,True
1237654604250153005,155.887815153437,3.45859581298505,4.38444,0.0337068,GALAXY,17.69291,16.58611,16.14832,15.85799,15.64663,0.01245107,0.003710196,0.003467205,0.003463212,0.006757692,24.13826,True
1237654602644455476,166.677113350855,5.69127129656851,3.480203,0.08252548,GALAXY,19.91674,18.50518,17.75587,17.32278,17.06154,0.05585352,0.008747004,0.006718585,0.006541379,0.01509949,15.19913,True
1237654602644390036,166.568894360537,5.75939171544498,9.797444,0.07591709,GALAXY,18.6606,17.16853,16.44566,16.07653,15.87261,0.05305718,0.007294316,0.005785899,0.005873995,0.01488311,11.80049,True
1237654602644258904,166.325374757059,5.63872972662055,4.719956,0.2429704,GALAXY,20.70796,18.8878,17.58079,17.08403,16.7482,0.1320698,0.01308877,0.006839492,0.006474074,0.0141021,13.32029,False
1237654602629185838,131.789473212747,4.02680766387309,4.406242,0.1036711,GALAXY,18.67326,17.44835,16.80569,16.41924,16.17858,0.02638344,0.005257981,0.00451542,0.004635316,0.01086351,15.73398,False
1237654602629120337,131.59100688359,3.87283273719547,5.775003,0.06030791,GALAXY,18.2133,17.10279,16.6718,16.3463,16.21285,0.02094867,0.004860426,0.004511528,0.004846402,0.01268779,15.80837,True
1237654602629120070,131.578970231476,3.85686379696602,5.272319,0.1577656,GALAXY,20.25732,17.72779,16.55935,16.06425,15.76168,0.09550853,0.006924445,0.004351641,0.004162746,0.008504687,20.96477,False
1237654602107453525,166.375932762663,5.36917256766262,4.489708,0.1271252,GALAXY,20.00317,18.2315,17.24321,16.78556,16.41678,0.0739494,0.009143113,0.006005364,0.005923984,0.01174498,17.7953,False
1237654602107388099,166.289325524805,5.3599742465948,7.507761,0.1275833,GALAXY,18.85182,17.46872,16.66574,16.27314,15.98899,0.03870451,0.006564455,0.004889634,0.004975917,0.01093161,15.94339,False
1237654668661686382,149.607010267355,-1.19468749314276,3.348905,0.1650687,GALAXY,20.84588,18.89884,17.67985,17.19647,16.83794,0.1282742,0.01298924,0.007066437,0.006878191,0.01589163,14.001,False
1237654668661620917,149.487265540345,-1.20443427995599,3.574421,0.08479784,GALAXY,19.82588,18.3585,17.61706,17.21312,16.93347,0.05977853,0.009325093,0.007065271,0.007313814,0.01885301,11.04326,True
1237654668661555353,149.260962298534,-1.24168883297346,13.03839,0.04256744,GALAXY,17.04038,15.59758,14.90076,14.50782,14.23204,0.02176436,0.003755589,0.003123106,0.003234559,0.007488243,21.64405,True
1237657595151909041,127.303787374032,40.5873700862715,8.370072,0.02827466,GALAXY,17.26598,16.22689,15.77062,15.50998,15.34457,0.01463396,0.005787286,0.004051127,0.003769786,0.01351898,20.41656,True
1237654605323632826,155.262922009084,4.13851160057949,3.89736,0.09947119,GALAXY,19.83826,17.98944,17.05491,16.66537,16.3534,0.0557766,0.007373448,0.005153385,0.004912704,0.01097421,19.48661,True
1237654605323436210,154.854687914728,4.1661148242999,5.087641,0.1017677,GALAXY,19.18283,17.78195,17.00401,16.57097,16.27547,0.03238087,0.006348585,0.004821171,0.004570381,0.009752583,19.48643,False
1237657595688779928,127.015743521146,40.8524454193376,5.831664,0.02393099,GALAXY,18.75084,17.75938,17.29607,17.04874,16.9121,0.03986417,0.008781923,0.008258958,0.01034251,0.0281036,11.1206,True
1237654604786565277,154.858056513193,3.83141108007214,5.268659,0.09841092,GALAXY,18.6404,17.4876,16.89293,16.52078,16.30432,0.02639339,0.00577823,0.00490215,0.004830352,0.01063162,16.47965,True
1237654604786106519,153.731991909384,3.66788830650066,6.057812,0.07183854,GALAXY,19.23014,18.05295,17.57277,17.24796,17.06872,0.0422128,0.008137603,0.007456199,0.007655546,0.01929759,10.11202,True
1237654604249563268,154.519047601767,3.33879970566679,3.979118,0.1058983,GALAXY,19.9803,18.07907,17.09187,16.66665,16.35266,0.06117759,0.007922131,0.005212098,0.004979239,0.01007224,18.97956,False
1237654604249563248,154.507582039658,3.31301219384875,7.343271,0.1037286,GALAXY,19.48427,17.67401,16.77938,16.344,16.02266,0.06401423,0.008275102,0.005653349,0.005350171,0.0116568,13.1046,False
1237654604249563239,154.494808755324,3.26846367977415,3.345981,0.106172,GALAXY,20.23593,18.43616,17.56663,17.12601,16.85831,0.07053924,0.009699142,0.006631596,0.006264172,0.01397719,13.62366,False
1237654602629447950,132.338738911833,4.04608158969418,4.510558,0.07464613,GALAXY,19.4882,17.64989,16.69789,16.25556,15.91447,0.04767233,0.006056331,0.004358254,0.00436388,0.008989714,17.30671,True
1237654602629447910,132.308753914857,3.93376969377534,4.43844,0.05872738,GALAXY,18.81263,17.567,16.92968,16.56628,16.33113,0.02629271,0.005365097,0.004551139,0.004753358,0.01114972,15.39584,True
1237654602629382448,132.243318687826,3.92498471767601,4.020137,0.07254878,GALAXY,20.15253,18.42198,17.58783,17.18178,16.89165,0.0635035,0.00844497,0.006319017,0.006462664,0.01503528,12.55753,True
1237654602629382308,132.270148973572,4.07019807563285,7.63175,0.05882929,GALAXY,17.95684,16.24409,15.42296,14.97382,14.64632,0.02012851,0.003426215,0.002861106,0.002851896,0.005115303,26.95805,True
1237654602629316829,132.129329330469,4.06878882025663,5.501229,0.07830053,GALAXY,18.87058,16.95044,15.99321,15.55502,15.2361,0.03115644,0.004269025,0.00324962,0.003242483,0.006023894,26.94706,True
1237654601028665563,154.984360601137,4.05146599643942,3.172449,0.07383589,GALAXY,19.14186,17.14927,16.21614,15.7835,15.436,0.02978376,0.004444666,0.003385004,0.003302197,0.005920337,33.52021,True
1237654601028665560,154.986950967821,3.93766599752243,5.556844,0.1018328,GALAXY,18.96877,17.49347,16.77111,16.37849,16.08561,0.03377069,0.006045796,0.004762863,0.004711308,0.01108064,18.94178,False
1237654601028141334,153.719143410897,3.89127623268098,7.591347,0.08926983,GALAXY,18.76075,16.80929,15.84131,15.39193,15.01388,0.03321246,0.004497692,0.00324564,0.003149825,0.006050549,29.64253,True
1237654601028141299,153.701115580147,3.86859081500606,7.463502,0.08994664,GALAXY,19.31695,17.52537,16.67261,16.22893,15.90241,0.05777065,0.007555056,0.005457768,0.005254109,0.01244433,12.93359,True
1237654601028141097,153.703249599774,4.0212100810158,4.710248,0.1057962,GALAXY,20.22371,18.15932,17.1564,16.72626,16.36965,0.08145174,0.008492911,0.00551733,0.005337317,0.01209614,15.99136,False
1237654600491532425,154.319220503838,3.54379868399536,6.324348,0.04681201,GALAXY,18.52277,16.72254,15.85669,15.39768,15.0366,0.02498901,0.004035545,0.003188318,0.003067348,0.005045832,30.37987,True
1237654600491073632,153.288751097275,3.48430129623141,9.355094,0.06926323,GALAXY,17.71219,16.62064,16.23866,15.92481,15.80514,0.02276794,0.005211114,0.005070298,0.005294681,0.01365829,15.46948,True
1237654599954661466,154.342032016621,3.18949771589084,3.430266,0.1056195,GALAXY,20.44046,18.47898,17.42768,16.99559,16.63088,0.07391617,0.009134426,0.005828021,0.005537251,0.01117026,16.6219,False
1237653665797177430,153.240716894259,2.79492565031144,6.7534,0.1214534,GALAXY,19.22191,17.24793,16.14297,15.70266,15.37171,0.04051257,0.0054848,0.003658053,0.003818255,0.007379736,27.57888,False
1237654602102997093,156.169502276125,4.97441212356316,4.255672,0.1592419,GALAXY,19.9456,18.37826,17.27063,16.73927,16.35735,0.07315025,0.01081423,0.006366824,0.006043779,0.01199432,12.33176,False
1237654602101555358,152.997411362175,4.68372120735417,4.624705,0.2034535,GALAXY,20.98893,18.97369,17.63487,17.07342,16.71329,0.1344492,0.01399953,0.006989141,0.006518492,0.01291303,10.69061,False
1237654602101424271,152.647880348906,4.80468571666177,3.94287,0.210183,GALAXY,20.87761,18.97251,17.69276,17.17396,16.83905,0.1227028,0.01346461,0.007136303,0.006802062,0.01392183,10.97312,False
1237657402415972591,129.916841022921,40.175319345858,6.563242,0.05623467,GALAXY,18.41707,17.15051,16.58676,16.27558,16.02641,0.02674779,0.005276996,0.004619326,0.004914799,0.0110013,17.22853,True
1237654601568551024,161.745374590947,4.60875668475447,5.614982,0.07238286,GALAXY,19.06524,17.12751,16.28148,15.85332,15.55429,0.04100109,0.004992123,0.003829718,0.003674887,0.008073923,23.55625,True
1237654601566257291,156.532981953166,4.50411093233395,4.576558,0.1223378,GALAXY,19.43264,17.63755,16.69767,16.29339,15.97585,0.04372729,0.006040347,0.004363324,0.004232614,0.009494177,18.81409,False
1237654601566191843,156.473136346365,4.50595835092483,5.713148,0.1252874,GALAXY,19.84903,17.7998,16.70396,16.24293,15.87419,0.06583245,0.006906033,0.004523267,0.00426798,0.0093576,17.86606,False
1237654601564815456,153.207685116162,4.35067064332152,7.465986,0.09710994,GALAXY,18.49413,17.1588,16.49189,16.13081,15.86871,0.03977622,0.006640258,0.005544072,0.005567135,0.0153741,11.04232,True
1237657606426263759,129.447989674429,39.9776118116888,5.160427,0.08982111,GALAXY,19.74871,18.06462,17.16915,16.73327,16.39705,0.06433568,0.008713746,0.006001939,0.005642232,0.0117769,13.55835,True
1237654601564749924,153.050376830846,4.32033892458089,3.354152,0.105773,GALAXY,20.41575,18.4436,17.47364,17.05419,16.74275,0.07526351,0.008707278,0.005980186,0.00571412,0.01356275,14.25602,False
1237654601029583081,156.985304808046,4.07703494422406,3.940208,0.06626343,GALAXY,19.03333,17.96209,17.50924,17.20492,17.0151,0.02923503,0.006747795,0.00618202,0.006368763,0.01720264,11.01727,True
1237654601029582937,157.010389818582,4.05891129163429,8.754267,0.1043158,GALAXY,19.49934,17.55875,16.49525,16.00657,15.62439,0.05664484,0.006641311,0.004307176,0.00404087,0.00839701,15.44291,False
1237657627916566608,177.527920606507,51.0138074623791,5.194985,0.1276801,GALAXY,19.47088,17.5341,16.52102,16.10285,15.76392,0.05178592,0.006229897,0.004205529,0.004210114,0.008542904,19.56758,False
1237654601028403275,154.265020998542,3.90391018284101,6.455047,0.1597781,GALAXY,19.9343,18.25266,17.34519,16.88766,16.61877,0.08146474,0.01032628,0.006934922,0.006586472,0.01790363,10.0753,False
1237657627917418687,180.578750547396,51.3090522583206,6.763912,0.1827863,GALAXY,19.88304,17.96548,16.76437,16.29964,16.00437,0.08584229,0.009006401,0.005214707,0.00502494,0.0113809,15.90688,False
1237654600492646727,156.955593802726,3.68322412043418,8.770936,0.07508352,GALAXY,19.24416,17.21789,16.33038,15.917,15.62844,0.05272361,0.005713955,0.004163767,0.004053392,0.008241232,13.3833,True
1237654600492646715,156.930962742984,3.68495953343409,10.1621,0.1043459,GALAXY,19.23481,17.31152,16.30146,15.85518,15.49361,0.06230334,0.00691885,0.004534755,0.004318928,0.008658662,13.51765,False
1237654600492646700,156.890902059548,3.75774363947839,4.81297,0.1840726,GALAXY,20.87047,18.70095,17.42261,16.91591,16.54608,0.153767,0.01270838,0.006788016,0.006139231,0.01263573,10.6706,False
1237654600492646678,156.882115553699,3.66397285719727,3.967985,0.07124773,GALAXY,18.95474,16.9616,16.03075,15.60269,15.24576,0.03048543,0.004355336,0.003282262,0.003194322,0.005310767,27.1243,True
1237654600492646647,156.838419139009,3.61210582469434,6.823507,0.1048125,GALAXY,19.5558,17.60722,16.63044,16.13875,15.76036,0.07257026,0.007819512,0.005238245,0.004864038,0.009553895,12.07506,False
1237654600492646644,156.821917887301,3.77674907448425,4.835196,0.07264344,GALAXY,20.05481,18.22675,17.37772,16.94138,16.6017,0.07258397,0.008619715,0.006179732,0.005888983,0.01244112,11.78025,True
1237654600492580961,156.728069787347,3.61456142645628,4.246595,0.07129313,GALAXY,20.38559,18.39163,17.53095,17.11244,16.79983,0.09018147,0.009610676,0.006767328,0.006510507,0.01372887,10.69198,True
1237654600492515467,156.55716654976,3.6410409800212,3.30575,0.2026678,GALAXY,21.45596,19.01488,17.64143,17.12617,16.72187,0.2137549,0.01401561,0.007038613,0.006347386,0.01239896,11.85915,False
1237654600491794601,154.987265916153,3.63454724906474,7.523267,0.07274554,GALAXY,18.08295,16.12953,15.22593,14.79006,14.45939,0.02356778,0.003504698,0.002749098,0.002671733,0.00446915,31.72521,True
1237654600491729036,154.766796098489,3.51126494218526,7.050301,0.1167237,GALAXY,20.11518,17.94127,16.81496,16.31818,15.88325,0.09134874,0.008337072,0.005144027,0.00477921,0.009042788,14.19536,False
1237657628439347343,134.693510876245,38.8177906685104,5.481574,0.02948126,GALAXY,18.48858,16.67392,15.90995,15.54292,15.27686,0.02872271,0.004138663,0.003343357,0.003328089,0.00630942,24.57648,True
1237654600491663580,154.615004040079,3.4990860954032,3.782539,0.1283472,GALAXY,20.24638,18.54121,17.56439,17.07617,16.68931,0.07482915,0.00976397,0.006440969,0.005976317,0.01231865,12.15464,False
1237657628439412747,134.733417135212,38.9199857092009,3.248199,0.02873101,GALAXY,19.00042,17.14396,16.32617,15.93813,15.99733,0.03022869,0.004558705,0.003655987,0.003627267,0.007889053,26.85396,True
1237654599955578976,156.415113802311,3.13423517613421,5.496959,0.1987136,GALAXY,20.08082,18.12406,16.83029,16.32757,15.99926,0.07943587,0.0093461,0.004948585,0.004606132,0.00941818,13.78526,False
1237654602101555348,152.97019965684,4.75284229755722,3.605508,0.1606691,GALAXY,20.89397,18.83954,17.68643,17.22185,16.88409,0.1256863,0.01263449,0.00715179,0.007053363,0.01454332,10.55256,False
1237654601570648148,166.542627339364,4.92153254411978,4.801146,0.07540573,GALAXY,19.81952,18.34282,17.5833,17.20865,16.99201,0.06733099,0.009533348,0.007393015,0.007227891,0.02189868,11.7763,True
1237654601570582641,166.402877428246,4.93860642658405,8.928898,0.1083399,GALAXY,19.11739,17.34494,16.36576,15.91778,15.52422,0.06063901,0.007047981,0.004874388,0.004597906,0.01094046,17.87325,False
1237654601570517150,166.3559711401,4.92340959026083,3.257977,0.1530456,GALAXY,20.6998,18.69707,17.59205,17.15382,16.78561,0.11074,0.01047308,0.006550291,0.00619454,0.01472896,16.49645,False
1237654601565405329,154.583400476446,4.41206523027781,3.137689,0.1067856,GALAXY,20.23824,18.26571,17.24469,16.80652,16.45952,0.0657402,0.007653683,0.005254373,0.004986575,0.0112395,20.37772,False
1237654601565339826,154.487934184332,4.46725365863384,6.087553,0.1849727,GALAXY,19.84068,18.0583,16.88979,16.35592,15.97624,0.0830024,0.009784183,0.005803894,0.005236174,0.01275706,14.30386,False
1237654601029320850,156.456823029124,4.05018406123919,3.655544,0.09793255,GALAXY,20.43787,18.6432,17.72133,17.24333,16.89092,0.0848792,0.01054384,0.007129137,0.006615459,0.01502767,11.10436,True
1237654601029320806,156.400832047051,4.02099763974206,4.989758,0.09895498,GALAXY,19.44277,17.62987,16.69922,16.28051,15.93718,0.04394443,0.006165362,0.004345858,0.004205927,0.008748635,18.81536,True
1237654601029255274,156.256689825119,4.03399930861141,11.69621,0.2112272,GALAXY,20.62112,17.85974,16.42494,15.89612,15.57102,0.2328985,0.01129277,0.005265489,0.004780606,0.01144185,12.64454,False
1237654601029124206,156.035047032832,4.00924054915769,3.462796,0.06411809,GALAXY,17.6704,16.68946,16.24588,15.91397,15.76011,0.01160772,0.003604021,0.003301139,0.003316262,0.00690584,27.24472,True
1237654601029124144,155.979684406162,4.02692324486952,6.267162,0.06455752,GALAXY,17.76753,16.48819,15.84686,15.45718,15.22045,0.01551994,0.003670055,0.003134865,0.003115478,0.006318634,28.53996,True
1237654601029058708,155.867241275913,4.15513723923216,4.209461,0.06881604,GALAXY,18.25512,17.21893,16.79593,16.43175,16.3146,0.01717408,0.004540178,0.004205351,0.004226548,0.01068289,18.19942,True
1237654601027944545,153.332481191229,3.87064416727891,5.539689,0.07747766,GALAXY,17.82477,16.48119,15.79143,15.38693,15.12157,0.0176819,0.003942052,0.003267651,0.003220254,0.006664141,28.78839,True
1237654600492515429,156.523710780685,3.69762469021623,11.17586,0.2025424,GALAXY,20.92416,17.94291,16.54571,16.00912,15.64668,0.3082845,0.01185229,0.005723409,0.005122984,0.01068923,10.498,False
1237654600492187922,155.894977739426,3.60925495373407,10.97451,0.2101167,GALAXY,20.01427,17.80635,16.41159,15.9009,15.54207,0.1381619,0.01065094,0.005203633,0.004771905,0.01006286,13.19231,False
1237654600492187894,155.846287359299,3.55216314030951,7.020864,0.1923966,GALAXY,21.09759,18.58766,17.26112,16.73867,16.36981,0.2157113,0.01298932,0.006653563,0.006002204,0.01266315,11.56551,False
1237654600491073640,153.28681051041,3.62154781529132,7.211469,0.04646917,GALAXY,18.8072,16.99425,16.18782,15.79773,15.50765,0.04430021,0.005774419,0.004355752,0.004280478,0.009062128,16.28113,True
1237652943703900434,340.421621919199,14.0213857494484,6.69665,0.07560726,GALAXY,18.19884,17.08797,16.58299,16.21584,16.03379,0.03018928,0.005704032,0.006146761,0.005438057,0.01736097,15.59877,True
1237651801773834462,156.598070987099,0.527225526692406,6.073403,0.09786262,GALAXY,19.51213,17.58654,16.62237,16.20073,15.854,0.07113905,0.007830288,0.005411531,0.005640812,0.01234037,14.01347,True
1237651801770819744,149.62077222542,0.574780592244748,4.659206,0.09034477,GALAXY,19.1433,17.2121,16.22441,15.80877,15.48066,0.04034486,0.005369672,0.003863953,0.003940501,0.007474922,27.53706,True
1237651801770754287,149.555527607637,0.561030390780482,3.417787,0.08190168,GALAXY,19.82922,18.26822,17.39721,16.95063,16.66655,0.06054117,0.009341659,0.006784534,0.006844589,0.01542672,14.71988,True
1237651801770754237,149.48871616987,0.555250510804378,5.07631,0.08138505,GALAXY,20.66041,18.51278,17.4663,16.91879,16.5221,0.1818038,0.0111628,0.007186494,0.006810287,0.01458319,12.12189,True
1237648720143057096,148.214273826621,-1.00169913986018,3.717712,0.09255239,GALAXY,20.20339,18.33258,17.36991,16.95346,16.59197,0.07292914,0.009276721,0.006144369,0.006258406,0.01406231,15.02925,True
1237648720141811978,145.342040236592,-0.9063341241487,3.836116,0.1510908,GALAXY,20.6817,18.65676,17.45555,16.9859,16.58965,0.109715,0.01161747,0.006502244,0.006355083,0.01375794,12.92866,False
1237654881273839825,214.894072374649,5.12216523787721,3.29962,0.08637752,GALAXY,20.15315,18.26904,17.34609,16.91818,16.58552,0.07284777,0.008360895,0.005641134,0.005724714,0.01208229,15.49951,True
1237654881273839884,214.928974734102,5.06322427909846,3.635039,0.08789069,GALAXY,19.76163,17.8826,16.95302,16.52955,16.2262,0.05560256,0.006718888,0.004651472,0.004698096,0.009537441,20.04937,True
1237654881273905289,214.963891435034,5.09265397165654,3.168418,0.08608162,GALAXY,19.7156,17.85031,16.93534,16.52889,16.21299,0.0523888,0.0064595,0.004554128,0.004630493,0.009154232,20.40773,True
1237654881273905346,214.977660586482,4.98323939693953,6.538388,0.08818796,GALAXY,18.89783,17.0736,16.1314,15.70883,15.42196,0.04296851,0.005402907,0.00376944,0.003812373,0.007748258,19.70637,True
1237654881273905402,215.04545963255,5.0422987274783,3.495453,0.08807894,GALAXY,19.54623,17.69526,16.82306,16.41162,16.09886,0.04444654,0.005843755,0.004273555,0.004334841,0.008260365,22.20494,True
1237654881273970786,215.109204754625,4.95867055664228,6.140681,0.08453897,GALAXY,18.84375,17.6128,17.0253,16.65746,16.44441,0.03963174,0.006720148,0.005663994,0.005959417,0.01492282,10.91382,True
1237654881273970804,215.13682063757,5.11064361801574,8.185638,0.04959144,GALAXY,18.19504,16.36753,15.48893,15.07178,14.76006,0.0285164,0.003892429,0.002967014,0.002977201,0.005432724,26.26071,True
1237654881273970838,215.179446301293,5.0513707232471,3.949411,0.0888676,GALAXY,19.8145,17.77792,16.82489,16.37101,16.03778,0.06644972,0.006622029,0.004546667,0.004469318,0.00880996,19.79017,True
1237654881274036377,215.290658572995,5.08992765355761,4.763511,0.1140652,GALAXY,19.21401,17.93325,17.29525,16.88897,16.58353,0.04317665,0.0075767,0.006141503,0.006297455,0.01446429,10.03927,False
1237654881274036380,215.293113929334,4.9606791488658,3.052786,0.08624172,GALAXY,20.03349,18.17748,17.30576,16.94906,16.6416,0.06218699,0.007469107,0.005272043,0.005476945,0.01143662,18.67102,True
1237654881274036399,215.326370951504,5.07598716711885,9.417424,0.05561797,GALAXY,17.72032,16.47268,15.93079,15.61967,15.42403,0.0206827,0.004113886,0.003655923,0.003936018,0.00926989,15.39488,True
1237654881274167452,215.574952553609,5.00971373094423,5.062133,0.05267749,GALAXY,18.0197,16.88335,16.34986,15.99133,15.77303,0.01828747,0.004338859,0.0037777,0.003924661,0.008213164,16.99208,True
1237655368759640139,221.121953537468,56.1546549264762,3.788911,0.1160242,GALAXY,20.05264,18.25796,17.32786,16.95827,16.62436,0.05961884,0.008484489,0.005714455,0.006117611,0.0147434,13.6314,False
1237655368759640146,221.151332460575,56.1582080506449,3.544538,0.08043225,GALAXY,19.62804,18.22435,17.4515,17.0104,16.70751,0.04007208,0.007690279,0.005742325,0.005917575,0.01459736,12.06691,True
1237654606386364491,130.005444323004,3.69069990444916,6.620023,0.06286501,GALAXY,18.25289,16.53645,15.74247,15.29595,14.97811,0.02382741,0.004003446,0.003124711,0.003119764,0.005516632,28.48828,True
1237654606386299270,129.938021405025,3.70185312254695,3.169916,0.1676693,GALAXY,19.49623,18.33286,17.74413,17.36148,17.16531,0.03702095,0.007931606,0.006516098,0.006765773,0.01591233,14.91629,False
1237656242237079907,339.417065320451,13.7943448171612,4.963142,0.07324106,GALAXY,19.57687,17.76011,16.85702,16.42963,16.12988,0.05034018,0.006516784,0.004817217,0.004732698,0.01164143,17.89837,True
1237656242237145393,339.523741821103,13.8060703207216,3.639821,0.1181662,GALAXY,19.90358,18.19412,17.20261,16.71443,16.34504,0.06344587,0.008282779,0.005654205,0.005392123,0.01303836,15.33305,False
1237654602642161774,161.472074965723,5.46328621931447,6.091819,0.096003,GALAXY,18.91803,17.627,16.91006,16.48929,16.22127,0.04052509,0.006714256,0.005258841,0.005178419,0.01219431,12.40501,True
1237654602642096232,161.305540540829,5.42886112945647,4.170162,0.2293728,GALAXY,21.07141,19.10229,17.75689,17.26676,16.95556,0.1621218,0.01490214,0.007282074,0.006851246,0.0155739,11.4113,False
1237656242773950616,339.427686597846,14.0686548581093,4.924728,0.08487027,GALAXY,19.49808,17.82748,16.93404,16.44638,16.12011,0.04509723,0.007186102,0.005018912,0.00506803,0.01021235,16.42171,True
1237656242773950796,339.417985189848,14.100007564184,6.833142,0.0867082,GALAXY,18.57752,16.4482,15.43483,14.97393,14.58938,0.02841499,0.003807497,0.002771595,0.002812279,0.004655659,31.13103,True
1237656243310887178,339.472549230906,14.6511521387125,3.468472,0.1033189,GALAXY,19.63618,18.22663,17.45716,17.02731,16.74795,0.04638077,0.007254577,0.005551108,0.005642756,0.01312848,15.11018,False
1237656496178725253,339.572342332004,14.0589893621784,7.587257,0.06336242,GALAXY,18.20439,16.63131,15.79905,15.35481,15.05095,0.02757135,0.00450567,0.003459168,0.003573389,0.007232463,26.03092,True
1237659132212216086,227.311807482741,46.4758009692167,3.805366,0.03773136,GALAXY,20.20127,18.43102,17.67983,17.28833,17.01112,0.09451257,0.01004857,0.008062516,0.007783641,0.02030316,10.10292,True
1237659132212281447,227.391968223322,46.3947230364777,5.332547,0.03789214,GALAXY,18.39846,16.79967,16.14469,15.82045,15.56269,0.0262209,0.004365616,0.003778675,0.003781765,0.007959774,23.88603,True
1237653663648186510,149.852160116513,1.03579747834503,4.855227,0.07830796,GALAXY,19.65582,17.78123,16.89572,16.45729,16.17395,0.04832688,0.006965882,0.005116617,0.005207181,0.01196141,18.40967,True
1237653663648121030,149.72234134998,1.02096776656958,4.185394,0.08171165,GALAXY,20.12607,18.25245,17.42175,17.0253,16.72983,0.06721503,0.008904426,0.006771217,0.00717338,0.01704158,14.14502,True
1237657628453437668,177.547462787616,51.4746174637076,5.197657,0.1329466,GALAXY,19.24011,17.84116,17.0329,16.61633,16.28259,0.0554064,0.008166713,0.006275013,0.006282538,0.01407481,11.69232,False
1237653663648055487,149.645503105027,1.01425433846594,9.830876,0.06359739,GALAXY,18.44292,17.2622,16.76894,16.44264,16.29375,0.02917819,0.006557139,0.006261802,0.007345383,0.0226269,10.9313,True
1237651801773768822,156.347559304464,0.585321976968157,5.596543,0.1577481,GALAXY,20.68778,18.57198,17.28534,16.71804,16.29405,0.137407,0.01241919,0.006818084,0.00652202,0.0132549,12.68605,False
1237651801236766878,156.022269896771,0.152488192071296,5.000445,0.09751563,GALAXY,18.87134,17.72214,17.20522,16.80813,16.66145,0.03562529,0.006930452,0.006573791,0.00671834,0.02198447,12.80174,True
1237651801236701505,155.944235624656,0.18123952137221,3.768697,0.09679966,GALAXY,20.3189,18.51466,17.55285,17.06584,16.74453,0.0844866,0.009638245,0.006728846,0.006425675,0.01708642,13.42282,True
1237651801236701478,155.916487783601,0.132633792046382,6.001988,0.09668781,GALAXY,19.98066,18.18681,17.28057,16.84584,16.48795,0.08558267,0.009737307,0.00700345,0.006942859,0.01825995,13.27782,True
1237651801236701473,155.913117250741,0.17269189835257,5.469484,0.09297101,GALAXY,19.09855,17.24855,16.29204,15.85516,15.52327,0.04652916,0.005772443,0.004221999,0.004157419,0.009789853,22.37956,True
1237651801236701462,155.890399494648,0.200618201916213,3.769604,0.09487051,GALAXY,20.04636,18.116,17.14882,16.67161,16.30593,0.07983771,0.008569399,0.006014347,0.005809279,0.01426386,15.93143,True
1237651801236701418,155.88374668347,0.173723863235578,11.79432,0.09566244,GALAXY,18.33203,16.23919,15.24053,14.77495,14.44407,0.03906917,0.004113483,0.003043557,0.002960529,0.006571113,28.57326,True
1237651801236635877,155.837469046534,0.196195213837749,3.040385,0.09400783,GALAXY,20.50764,18.42394,17.45747,17.00021,16.64015,0.09096572,0.008962856,0.006330848,0.006175356,0.01497225,16.2545,True
1237651801233752176,149.19449773961,0.20273027067409,9.442783,0.0877696,GALAXY,18.24377,16.3531,15.39046,14.92598,14.60696,0.02912757,0.003913475,0.002994255,0.002920035,0.00605959,31.16451,True
1237651800698912954,153.78417894553,-0.244271826025269,3.572792,0.1435468,GALAXY,19.2027,18.14574,17.49465,17.11946,16.91873,0.0368943,0.007940754,0.006655197,0.006884865,0.02002195,13.46211,False
1237651800697405602,150.372098137942,-0.214954544012229,3.416369,0.06191481,GALAXY,19.35456,17.35582,16.44253,16.00637,15.65833,0.04174933,0.005300107,0.004022563,0.003939704,0.007972082,27.70085,True
1237651800697405595,150.366801626837,-0.301474617683336,8.042291,0.1409078,GALAXY,19.86429,17.79737,16.76498,16.30097,15.9402,0.09457326,0.00867683,0.005696973,0.005521764,0.01356303,12.24793,False
1237651800161976458,153.665582290412,-0.724861555660272,3.942098,0.04497541,GALAXY,19.39045,17.57353,16.73777,16.33929,16.02214,0.05008617,0.006499066,0.004968474,0.004768191,0.01053015,18.15259,True
1237651800160534607,150.346304550972,-0.634602653757388,6.139413,0.09237399,GALAXY,18.28149,16.99061,16.33272,15.93964,15.6637,0.02608736,0.005044509,0.004244311,0.004100627,0.009743128,19.03454,True
1237657628990636159,178.546405158271,52.0504676869356,4.755284,0.08415086,GALAXY,19.97682,18.07082,17.16002,16.75369,16.42772,0.07451132,0.00799116,0.005750699,0.005677615,0.01332633,14.58002,True
1237651799623401613,149.819735007533,-1.12732076763649,3.966204,0.07951723,GALAXY,20.01035,18.29956,17.4126,17.01701,16.75433,0.08176593,0.01086578,0.007592919,0.007586632,0.01950923,11.72752,True
1237651799623336122,149.711566427381,-1.15140758192588,4.004312,0.1668149,GALAXY,20.67189,18.59895,17.40289,16.90131,16.51862,0.1327246,0.01248578,0.007081236,0.006678107,0.01499955,13.24245,False
1237651755080679585,172.242132545402,3.32048041100544,5.721661,0.05112295,GALAXY,19.90768,17.97986,16.96113,16.38464,15.9849,0.08182482,0.00799161,0.005448209,0.005199013,0.01128287,20.9608,True
1237657629527441629,178.3569339566,52.440873192,4.963444,0.07122298,GALAXY,19.21599,17.95587,17.43489,17.09759,16.92163,0.05414927,0.007270382,0.006895669,0.00727486,0.0267188,10.45382,True
1237651752389312661,156.212219293259,0.961823606625064,3.042358,0.09411234,GALAXY,19.64569,18.37146,17.70852,17.26716,17.04939,0.047984,0.008860962,0.00723733,0.007405419,0.01984773,10.51701,True
1237651752386494593,149.815673392566,0.967317314318562,3.819023,0.08800191,GALAXY,19.68664,18.33508,17.61854,17.23734,16.95798,0.05154735,0.008813719,0.007089095,0.007448293,0.01979592,14.80939,True
1237651752386429147,149.718149269455,0.870522487640773,4.441812,0.1420566,GALAXY,20.77438,18.76169,17.68131,17.2313,16.90878,0.1333183,0.0125527,0.007934528,0.007837843,0.01968903,12.27581,False
1237657630064312355,178.33303914513,52.9314372211017,7.633443,0.05182182,GALAXY,17.63626,16.17821,15.52768,15.12371,14.81767,0.01852602,0.003558998,0.003054853,0.003168132,0.005721145,28.40704,True
1237657630064312440,178.362400747642,52.7529720523073,7.993302,0.0713854,GALAXY,18.12351,16.20283,15.28562,14.84899,14.53669,0.02451624,0.003491046,0.002722912,0.00275892,0.004713439,32.00216,True
1237652944240574746,339.944681145958,14.3861421440879,9.324627,0.08447238,GALAXY,18.1315,17.12172,16.65342,16.30215,16.1626,0.03715966,0.007530874,0.006930264,0.007996583,0.0240399,12.53788,True
1237652944240574733,339.93659296504,14.4140272544389,6.109102,0.08420853,GALAXY,18.60718,17.34432,16.68933,16.27786,16.04319,0.04618848,0.007999174,0.00629451,0.006067349,0.01597179,12.87555,True
1237657608573354164,127.106396582204,40.6305625255786,11.14746,0.02456728,GALAXY,16.73429,14.77201,13.8956,13.45336,13.12055,0.01020097,0.002155825,0.001899088,0.001888559,0.002453869,47.9722,True
1237652944240574713,339.919992359531,14.3842734278914,3.526428,0.08683719,GALAXY,20.20999,18.51535,17.52426,17.02943,16.64803,0.09203747,0.01103644,0.007059123,0.007195285,0.01597306,13.46007,True
1237652944240509322,339.886274146103,14.3636712003487,13.39365,0.08376097,GALAXY,19.2368,17.0891,15.96515,15.44543,15.07943,0.07501538,0.0064896,0.004017574,0.004082427,0.008583339,23.51819,True
1237652944240509052,339.820840877621,14.4017158166732,3.479575,0.08473618,GALAXY,18.85304,17.30099,16.59239,16.22036,15.97157,0.0295574,0.005246454,0.004170829,0.004435588,0.009203139,26.91396,True
1237657608573419635,127.19485091853,40.6658834531291,27.7154,0.02446344,GALAXY,16.29172,14.75932,13.99335,13.55722,13.20366,0.01538715,0.002815135,0.00235749,0.002338072,0.003782365,32.2423,True
1237652944240443791,339.685169561035,14.3365138073576,4.689085,0.08695357,GALAXY,18.7017,17.4735,16.76435,16.32733,16.03591,0.03130359,0.006230718,0.004867529,0.005070494,0.0111425,20.37944,True
1237651823782396044,214.389124785456,5.21784800900987,7.17222,0.07958744,GALAXY,18.69313,16.86063,15.94485,15.47219,15.11913,0.04317048,0.004982763,0.003875131,0.003881809,0.007985972,19.16007,True
1237651823782133884,213.712422971333,5.25330472774635,4.700879,0.1808599,GALAXY,20.54892,18.46709,17.25556,16.77426,16.40912,0.1510085,0.0114902,0.006721798,0.006781867,0.01615254,12.63402,False
1237651823245590684,214.549901482247,4.94643666072315,5.747589,0.08952706,GALAXY,18.48361,16.57606,15.65462,15.21825,14.89396,0.02982599,0.004055318,0.003120657,0.003211786,0.006071405,24.04769,True
1237651823245459615,214.240328839586,4.98899549681813,4.018078,0.09745356,GALAXY,19.86203,18.28955,17.46002,16.95148,16.59789,0.06010495,0.008410593,0.006339232,0.006495515,0.01457134,13.09296,True
1237651823245328620,213.955539359534,4.95128673213673,3.237408,0.08008114,GALAXY,20.07102,18.3093,17.38239,16.95937,16.61899,0.06955282,0.008488258,0.006022824,0.006448339,0.01397147,14.62061,True
1237651823245328559,213.912498809387,4.94817215762659,4.309863,0.07994432,GALAXY,20.18566,18.26125,17.31125,16.90341,16.53937,0.09534314,0.009504981,0.006558442,0.007181312,0.01605225,12.90428,True
1237651823245328521,213.885003913408,4.95077571575952,4.757042,0.07954051,GALAXY,19.391,17.44875,16.49682,16.05046,15.71766,0.05120056,0.005880464,0.004250097,0.004422967,0.0091041,20.24944,True
1237657629527638175,179.045450538208,52.4505509443896,4.415669,0.05231284,GALAXY,18.54911,16.62583,15.73662,15.32731,15.00186,0.02534718,0.00368958,0.003052473,0.003033602,0.005360395,31.79302,True
1237657629527638225,179.132968312988,52.4696822754123,3.747488,0.05228383,GALAXY,19.79435,18.05565,17.24524,16.86814,16.6086,0.05954664,0.007071039,0.005634395,0.005581629,0.01423785,15.48451,True
1237651823245328501,213.856423818127,4.97232495655073,5.466778,0.07986312,GALAXY,19.63987,17.84872,16.96343,16.55579,16.22674,0.06808374,0.007802519,0.005687128,0.006182775,0.0139661,13.74921,True
1237657629527638246,179.186341314958,52.3929373785217,5.403065,0.0595709,GALAXY,18.92711,17.09598,16.26512,15.86753,15.5874,0.038829,0.004712681,0.003837703,0.003777449,0.008562376,21.09995,True
1237651823245263051,213.783049643961,4.97232055855096,6.513237,0.07949296,GALAXY,18.1209,16.88544,16.22618,15.86416,15.64838,0.02640794,0.005142264,0.004341159,0.004790039,0.01162435,18.14615,True
1237657629527638262,179.196649905098,52.484362154055,6.947248,0.05146458,GALAXY,18.10396,16.63784,15.97566,15.62516,15.33926,0.02428941,0.003881316,0.00343079,0.003475372,0.008422866,18.45568,True
1237651823245262977,213.707796233184,4.95013540845263,5.744179,0.1580052,GALAXY,19.82378,18.22848,17.22835,16.72737,16.33634,0.08307641,0.009982287,0.006634844,0.006844475,0.01565546,10.30638,False
1237657629527703656,179.222947802949,52.5471390115049,7.605615,0.05102229,GALAXY,18.21114,16.39001,15.55114,15.17052,14.87001,0.02807644,0.003650204,0.00302133,0.002987063,0.006373712,26.90085,True
1237657629527703693,179.323462247588,52.4445502938268,3.143501,0.05243646,GALAXY,19.19609,17.59684,16.8028,16.40437,16.07939,0.03725816,0.005396072,0.004413959,0.004327794,0.009569647,20.75277,True
1237651822708785317,214.581354427829,4.3695038816827,3.149927,0.05568456,GALAXY,19.36292,17.63895,16.7769,16.39292,16.10071,0.03913464,0.00562039,0.00446633,0.004500079,0.01073853,22.46597,True
1237651822708785315,214.584106406355,4.48964839600647,3.079348,0.1296294,GALAXY,20.45502,18.60074,17.59758,17.16634,16.7954,0.1089272,0.0109193,0.007602111,0.007642421,0.02077405,11.74241,False
1237651822708719720,214.449440192602,4.53982378158624,5.799772,0.1257528,GALAXY,19.43982,17.8378,16.96903,16.56397,16.29942,0.06187877,0.00739096,0.005675057,0.005835847,0.01733544,13.86766,False
1237651822708719704,214.41295706538,4.43920433121801,3.532206,0.09952078,GALAXY,18.87017,17.88323,17.36614,16.98566,16.81661,0.02849749,0.006338665,0.006017304,0.006170996,0.01931629,15.65687,True
1237651822171848844,214.445309393249,4.0676025896304,5.325442,0.1558536,GALAXY,19.64157,17.96456,16.97931,16.5034,16.16641,0.07966777,0.009074369,0.006227363,0.006107455,0.01614094,12.23265,False
1237651822171848724,214.40164632513,4.03967725026993,7.574914,0.07905323,GALAXY,18.97096,17.3105,16.52703,16.11135,15.74593,0.04941726,0.006339457,0.005020155,0.005274053,0.01348871,11.35488,True
1237651821635109065,214.683712275902,3.56450191622867,4.864715,0.08523014,GALAXY,19.85612,18.29184,17.42635,17.0526,16.74317,0.07565619,0.009940922,0.007295083,0.007404349,0.01962024,11.95755,True
1237651821098369182,214.988982185664,3.2710192889489,4.814292,0.1080488,GALAXY,19.44302,17.49025,16.46132,16.01042,15.63768,0.05142568,0.006116692,0.004189308,0.004174677,0.008588687,21.59859,False
1237651821098369173,214.979374923007,3.21643975223481,5.217578,0.1002878,GALAXY,19.52334,17.86162,16.91985,16.44937,16.08688,0.0539509,0.007384465,0.005143701,0.005097526,0.01174668,13.52577,False
1237651801771671738,151.580210032681,0.615669235164859,3.447175,0.06208752,GALAXY,19.89828,17.85238,16.94951,16.53982,16.22771,0.06530462,0.007278001,0.005259934,0.005376173,0.01145876,15.38661,True
1237651801770295462,148.429370138465,0.571361104391482,3.094786,0.0940383,GALAXY,19.71734,18.02348,17.1286,16.7425,16.48464,0.04959829,0.007430554,0.005432767,0.005640669,0.01214094,18.86419,True
1237651801770688747,149.36234964898,0.533101247892253,8.392687,0.0814579,GALAXY,18.20929,16.7904,16.07181,15.66053,15.41902,0.04138285,0.005153052,0.004183058,0.004318372,0.009952258,16.27709,True
1237651801237028909,156.721248972498,0.14208295148434,3.369291,0.03392197,GALAXY,17.80935,16.84893,16.42159,16.12935,15.9148,0.01458341,0.004051417,0.003980178,0.004104998,0.01052095,24.32742,True
1237651801233948916,149.70776870297,0.161441306533142,3.487687,0.04730976,GALAXY,19.23519,17.53702,16.66714,16.18493,15.83021,0.04028466,0.005877883,0.004601559,0.004414111,0.0097874,23.42064,True
1237651752389771403,157.336382890196,0.98957105741464,4.866831,0.08864196,GALAXY,20.57571,18.39588,17.38288,16.88691,16.45603,0.1519239,0.01174509,0.007508099,0.007387597,0.01711433,10.45717,True
1237651752389771391,157.329851303878,0.972782464806757,4.951542,0.08862168,GALAXY,19.38983,17.152,16.15321,15.70372,15.3374,0.0560594,0.005442163,0.003815606,0.003773485,0.007652628,22.78555,True
1237651752386298094,149.438042446093,0.86149895096359,8.57196,0.09729816,GALAXY,18.4024,16.54643,15.62754,15.19938,14.86475,0.03017743,0.004251604,0.003238125,0.003281844,0.006501069,32.41866,True
1237651752386298087,149.427246801207,0.911270784209763,6.396338,0.2185445,GALAXY,20.80611,18.65898,17.23141,16.70401,16.33753,0.1673892,0.01353847,0.006687139,0.006379724,0.01490953,15.29576,False
1237651752386298080,149.417175172975,0.959809065252825,3.807388,0.08662774,GALAXY,19.90822,17.94338,17.00253,16.56204,16.24784,0.07018673,0.007785446,0.005503092,0.005503314,0.01265415,19.0056,True
1237650797293731984,146.087370705264,0.99800580325007,4.685474,0.12037,GALAXY,20.58495,18.47228,17.29326,16.77585,16.37303,0.1215742,0.0104052,0.006250147,0.005925228,0.01258803,14.02466,False
1237650797286850905,130.396197632535,1.03227976878631,3.128712,0.1106849,GALAXY,19.10789,17.98856,17.22671,16.67428,16.60073,0.02991085,0.006489312,0.005262742,0.004883717,0.0124061,22.98446,False
1237650796220514489,147.329501903488,0.028900744222666,8.47871,0.04808582,GALAXY,17.98446,16.30686,15.52711,15.10624,14.7796,0.02255955,0.003742947,0.003132158,0.003053925,0.006490546,25.60662,True
1237650796219859165,145.844228082459,0.0307268246917331,4.7749,0.1554309,GALAXY,19.68977,18.32206,17.52791,17.07866,16.79991,0.05864225,0.00949652,0.007423283,0.007037314,0.02044606,11.50233,False
1237650795683512507,146.956078775975,-0.342291354024856,3.869342,0.1346802,GALAXY,21.01828,18.91643,17.61294,17.03453,16.59069,0.1531096,0.01335132,0.007215571,0.006337699,0.01418791,12.04487,False
1237650795146641532,146.963516028104,-0.759331579980715,3.389451,0.09708638,GALAXY,20.32049,18.50948,17.61596,17.20631,16.90706,0.08029953,0.009413605,0.006874374,0.006469062,0.01482088,13.10017,True
1237650795146576091,146.934120517923,-0.67040513105068,5.251661,0.1212705,GALAXY,19.95617,17.9929,16.84732,16.3603,15.94058,0.07321584,0.007732698,0.00491148,0.004454989,0.008790338,18.55598,False
1237650795146445031,146.628570011888,-0.765143977025585,5.381523,0.06465632,GALAXY,19.50005,17.59248,16.67668,16.20502,15.84654,0.05601761,0.006427106,0.004751085,0.00437476,0.008904842,17.98147,True
1237650795146444862,146.592720141964,-0.760256690861354,5.85586,0.06495924,GALAXY,19.07068,17.61512,16.97374,16.57817,16.34779,0.0373073,0.006054909,0.005213981,0.005004473,0.01226766,15.44776,True
1237650795146379447,146.44833927528,-0.713431207404615,3.360034,0.1146793,GALAXY,19.01997,17.93048,17.34575,16.88677,16.70497,0.02953716,0.006666976,0.005872845,0.005384957,0.01302902,17.23042,False
1237648722828066950,149.62512436128,1.18198411596441,8.175134,0.06204112,GALAXY,18.35994,16.75965,16.0056,15.60248,15.29887,0.02754605,0.004511683,0.003674547,0.003832893,0.008037155,22.65668,True
1237648722828001444,149.524498813103,1.10936572282718,3.787575,0.08112247,GALAXY,18.98376,17.77633,17.29383,16.96459,16.82775,0.03151322,0.006529733,0.006024103,0.006575163,0.01760731,16.31283,True
1237648722294472925,157.225989052921,0.719538690256426,4.499784,0.145606,GALAXY,21.03051,18.34666,17.13586,16.59756,16.17124,0.1603474,0.009791871,0.005753186,0.005605784,0.01078448,14.07007,False
1237648722294276424,156.765032793999,0.699870899231553,5.192336,0.1057171,GALAXY,19.07736,17.06346,16.04441,15.6052,15.2357,0.03418484,0.004759301,0.003437099,0.003501607,0.006304802,23.59741,False
1237648722291196073,149.666658086027,0.735909815635883,6.014232,0.08054834,GALAXY,18.94143,17.0607,16.13137,15.71883,15.36007,0.03145631,0.004756122,0.00352462,0.003661953,0.006665634,27.19859,True
1237648722291130535,149.498759527583,0.748996120307737,3.588931,0.09232026,GALAXY,19.54759,18.41264,17.68268,17.19128,16.93256,0.03781505,0.008572843,0.006563408,0.006593608,0.01531026,14.13734,True
1237648722291130417,149.502998437367,0.812548618740289,6.988091,0.1259033,GALAXY,20.2014,18.30348,17.33825,16.9246,16.53399,0.1131005,0.01202398,0.007891188,0.008412087,0.01854394,10.54932,False
1237657117873078493,127.864556912903,37.4595536031429,5.145549,0.1006369,GALAXY,18.25595,16.9136,16.1803,15.77584,15.50934,0.02440297,0.004587061,0.003896717,0.003804737,0.008443433,26.54508,False
1237657117873078542,127.975666202867,37.4523071070863,5.748383,0.09846306,GALAXY,18.9296,17.45605,16.75195,16.37509,16.13579,0.04535416,0.006743633,0.005738791,0.005770931,0.01495725,15.40216,True
1237657117873144120,128.095090109936,37.5731977612964,6.148486,0.09545513,GALAXY,19.20501,17.26544,16.29107,15.86263,15.50665,0.04443261,0.0053196,0.003963192,0.003838506,0.007805754,26.83657,True
1237657117873144137,128.094022696088,37.5904558558328,3.485902,0.1945831,GALAXY,20.34145,18.84654,17.59313,17.02138,16.66203,0.08606166,0.01194615,0.007003359,0.006164331,0.01401035,14.51098,False
1237657117873209544,128.221623846935,37.6493360246012,4.065401,0.1916113,GALAXY,20.74527,18.90567,17.72691,17.22155,16.89024,0.1230571,0.01279611,0.007831723,0.007098055,0.01725534,13.13186,False
1237657118410277179,128.332866653275,38.2516949889011,4.414573,0.04488835,GALAXY,20.34544,18.49492,17.65591,17.26701,16.98647,0.1004958,0.009525477,0.007454643,0.007311226,0.02054871,11.41113,True
1237657118946427191,126.384443641517,37.3207664672517,8.204435,0.08343247,GALAXY,18.46183,17.00875,16.29322,15.89315,15.62657,0.04200515,0.006436764,0.005288574,0.005542775,0.01284272,15.02347,True
1237654029253148817,167.690403942803,1.95603890040625,4.571349,0.1573373,GALAXY,20.53766,18.36312,17.20927,16.7451,16.39257,0.1057008,0.009513,0.005932869,0.005832261,0.01288928,13.78187,False
1237660412111159537,133.590117079414,6.12202475828998,4.278678,0.02871045,GALAXY,18.71922,17.87567,17.51019,17.32108,17.2101,0.03174216,0.007836697,0.009115328,0.01177005,0.04059267,10.73604,True
1237654029253148797,167.664388835554,1.91166822880262,4.227031,0.0753652,GALAXY,18.97496,17.17341,16.38291,16.02707,15.7479,0.03029757,0.004787014,0.003892326,0.003973966,0.008005533,22.7678,True
1237654029253083285,167.608869673877,1.80864003640518,6.480166,0.1037019,GALAXY,19.08117,17.60231,16.81363,16.3816,16.07,0.04120366,0.006526585,0.005202511,0.005388832,0.01272599,13.06073,False
1237654029253083206,167.530142735257,1.78379492525614,4.11518,0.1312305,GALAXY,19.82718,18.17712,17.27747,16.8156,16.48033,0.06033084,0.008477236,0.006235269,0.006226909,0.01390222,13.05956,False
1237654029253083197,167.518898897094,1.76093913756192,4.083,0.1009836,GALAXY,19.5833,17.69297,16.7473,16.29176,15.94828,0.05089298,0.00648056,0.004722252,0.004686377,0.009661797,18.12528,False
1237657401340985640,127.91789333404,37.7485689876602,3.328042,0.1010976,GALAXY,20.20848,18.52093,17.65139,17.16388,16.82436,0.07559018,0.01027684,0.007204277,0.006481944,0.01541786,13.44503,False
1237657401341051058,128.161759377831,37.7366225311511,4.509948,0.1283658,GALAXY,19.62462,18.41667,17.7396,17.35518,17.12499,0.06242409,0.01104754,0.009061676,0.008766867,0.02519269,10.30015,False
1237657401341378605,128.666209291999,38.3624296469959,9.763114,0.04075935,GALAXY,16.19242,15.15561,14.76628,14.4995,14.35127,0.007276043,0.002445072,0.00239945,0.002427799,0.004841486,36.80591,True
1237657401878053045,128.049467903019,38.2510405555217,4.119822,0.101502,GALAXY,19.22185,18.00026,17.44395,17.13071,16.94232,0.04984159,0.00827852,0.007518697,0.007551747,0.02274965,14.56319,False
1237661971195953162,208.869757792685,6.59644544042703,6.698516,0.02403254,GALAXY,15.8292,14.88214,14.46837,14.29116,14.12202,0.006229131,0.002241361,0.00217443,0.00224423,0.00401644,46.90273,True
1237657401878249674,128.421925504433,38.5705620243872,3.56584,0.05616945,GALAXY,20.10145,18.35587,17.41532,16.93898,16.56078,0.081553,0.009244732,0.006629499,0.006054933,0.01437026,14.5893,True
1237650797294059653,146.816246136973,0.944088514372433,11.73475,0.06297942,GALAXY,19.66321,17.47826,16.43077,15.93763,15.54225,0.1115243,0.00822057,0.005345769,0.005157178,0.01133945,15.02758,True
1237650797293994195,146.777925432119,1.03958690086452,4.008282,0.0864859,GALAXY,19.28378,17.28391,16.22545,15.75459,15.38213,0.03791351,0.004787496,0.003461781,0.003377368,0.006038289,30.14817,True
1237650796756861065,146.050971601406,0.440112565508523,5.081997,0.08006686,GALAXY,18.7352,17.50551,16.88299,16.43497,16.20848,0.02929816,0.005930823,0.005271625,0.005044153,0.01142907,15.85605,True
1237650796754567340,140.853322094769,0.440685823393913,3.409326,0.1388296,GALAXY,20.53382,18.51547,17.40232,16.93994,16.56103,0.08382309,0.009056837,0.005759166,0.005747694,0.01129321,18.62753,False
1237650796220186852,146.616745776403,0.137878297739803,5.353669,0.09155164,GALAXY,20.44929,18.46793,17.34797,16.85969,16.47566,0.1228579,0.01166498,0.007262232,0.006755167,0.01711191,12.64974,True
1237650796220121207,146.347076828446,0.0754094663738096,4.085065,0.06228172,GALAXY,20.62073,18.49798,17.37679,16.85269,16.43197,0.1312545,0.01101803,0.006925013,0.006282832,0.0150805,11.70439,True
1237650796219924631,145.956250242286,0.199401384693364,5.847335,0.1445547,GALAXY,19.64035,17.92587,16.81595,16.31913,15.91554,0.07756574,0.009532516,0.006036324,0.005594808,0.01393596,12.98687,False
1237650796219924616,145.939699621309,0.116911696391069,4.027347,0.1454365,GALAXY,19.49245,18.20696,17.44244,17.01279,16.76972,0.04451186,0.007899001,0.006293478,0.006087389,0.01722694,13.39976,False
1237657769628008681,129.454685024979,40.1877112262188,6.850532,0.09352122,GALAXY,18.84705,16.96717,16.04479,15.6116,15.28095,0.03606924,0.005015082,0.003619674,0.003635681,0.007411921,23.62021,True
1237650796217565359,140.521881435024,0.150901970842713,3.962552,0.06950609,GALAXY,18.98104,17.30594,16.39964,15.89865,15.53271,0.02998797,0.004959865,0.003864512,0.003697133,0.007594039,26.19533,True
1237657769628139765,129.683096294755,40.34654152552,6.92965,0.02461011,GALAXY,17.72578,16.10761,15.41315,15.05088,14.77753,0.01733036,0.003377951,0.002833166,0.002903972,0.005606412,29.44971,True
1237650795683184774,146.280188386132,-0.406953109840997,3.044617,0.06335986,GALAXY,18.92301,17.1036,16.21557,15.81424,15.49273,0.02503864,0.004275712,0.003425766,0.0033688,0.006208734,34.94787,True
1237650795683184714,146.222253348606,-0.375901187288793,5.047668,0.06740563,GALAXY,18.57239,17.18364,16.38426,15.94742,15.65451,0.02397914,0.00466081,0.003706852,0.003599927,0.00790955,23.74206,True
1237650795683053709,145.905928685701,-0.3683445185045,3.467536,0.09773864,GALAXY,19.86437,17.87822,16.82998,16.34087,15.95632,0.05415744,0.00646343,0.004434829,0.004196647,0.008540331,23.6932,True
1237648722830950599,156.311205833035,1.24868942456529,6.549961,0.1031016,GALAXY,18.984,17.04196,16.05167,15.63595,15.30397,0.038255,0.00482664,0.003535506,0.003598872,0.007180018,25.53494,False
1237648722830950579,156.274705516005,1.20056324995145,5.139578,0.1023865,GALAXY,19.33725,17.94087,17.32766,16.92705,16.69802,0.06466465,0.007721529,0.006805509,0.006671187,0.01688447,12.21434,False
1237648722830950551,156.242634272972,1.21891328667081,5.444365,0.1029905,GALAXY,19.37885,17.99448,17.29214,16.90149,16.60631,0.04775394,0.007755681,0.006389639,0.006796831,0.01702061,11.13997,False
1237648722830885066,156.17744312087,1.17238956808607,4.210021,0.1492639,GALAXY,20.82861,18.66862,17.53624,17.05781,16.68297,0.1275827,0.0105851,0.006622612,0.00658695,0.01447726,13.36959,False
1237648722828132569,149.821066995647,1.15346511408092,4.320192,0.07980989,GALAXY,19.87268,18.2436,17.46629,17.08575,16.79616,0.05830121,0.008205403,0.006328456,0.00674117,0.01553484,14.56993,True
1237648722828067036,149.707192747653,1.13439777087466,4.755152,0.07991444,GALAXY,19.35769,17.45943,16.52664,16.11278,15.79024,0.04643353,0.005777375,0.00418659,0.004312955,0.008954009,21.30506,True
1237648722826821732,146.767611713119,1.07468925506464,4.495751,0.08557262,GALAXY,19.90633,18.18135,17.22556,16.77164,16.44748,0.06993347,0.008882375,0.006020675,0.006109719,0.01399276,15.0125,True
1237648722294079727,156.329563983866,0.75935773955283,4.711328,0.09859677,GALAXY,19.76679,17.76198,16.76167,16.3285,15.97363,0.05537424,0.00678098,0.004701682,0.004854616,0.009698248,19.27924,True
1237651801770295447,148.413801251129,0.595327969549588,4.744313,0.09474918,GALAXY,19.08398,18.07086,17.68705,17.34249,17.20657,0.03625261,0.008300195,0.008308626,0.009096019,0.02618274,10.34709,True
1237651801770295403,148.395157349904,0.59627221120132,5.331429,0.09438431,GALAXY,19.59519,17.64058,16.60139,16.11595,15.77079,0.0695617,0.00768341,0.005063664,0.005051187,0.01050266,17.42707,True
1237651801770229959,148.290210904951,0.58347134140282,3.658486,0.08781833,GALAXY,20.03554,18.05356,17.04959,16.60285,16.27497,0.07684453,0.00847033,0.005710858,0.005785123,0.01227855,15.03879,True
1237651801770164478,148.236828752318,0.611036664081629,3.311278,0.09850378,GALAXY,20.21656,18.18165,17.14942,16.71467,16.39194,0.08047673,0.00857103,0.005721543,0.005810977,0.0121689,16.22894,True
1237651801770164434,148.182030992675,0.537232336471075,3.618914,0.0766632,GALAXY,20.35311,18.60078,17.65786,17.2053,16.87466,0.08271662,0.01020966,0.007090823,0.007172148,0.01591414,13.81495,True
1237651801770164404,148.167450016868,0.530412381093004,7.038192,0.0779044,GALAXY,18.45593,16.44624,15.47823,15.04279,14.72808,0.03069631,0.004047014,0.003053427,0.003081296,0.005601912,33.74606,True
1237651801234276482,150.363788718501,0.103116349078086,4.502098,0.1853262,GALAXY,20.12095,18.36524,17.16382,16.67496,16.35022,0.08845518,0.01024803,0.006077958,0.005810376,0.01472674,16.67446,False
1237657630064443408,178.698448360945,52.8219349586156,3.880563,0.06765651,GALAXY,18.64199,16.73141,15.83089,15.41257,15.12791,0.02575859,0.00392172,0.003092763,0.00311733,0.005251766,30.95489,True
1237657630064443495,178.730619147085,52.7695647020751,10.42808,0.06110916,GALAXY,17.031,15.89977,15.30144,14.96217,14.74562,0.0165711,0.003719894,0.003262733,0.00349753,0.007576498,18.4043,True
1237657630064443553,178.839320034825,52.8622930239286,7.146995,0.06643726,GALAXY,18.76914,16.95413,16.05125,15.63091,15.33661,0.03341541,0.004653824,0.003498589,0.003591887,0.006687519,23.69413,True
1237651800697340133,150.291370873314,-0.269037544529171,8.315207,0.087836,GALAXY,18.26155,16.81249,16.09176,15.70334,15.41287,0.03062235,0.004947901,0.004057028,0.004106216,0.01056485,17.92587,True
1237657630064574537,179.270193371048,52.81767975213,14.15045,0.03559956,GALAXY,16.58117,15.07341,14.43133,14.08344,13.80621,0.01180146,0.002529723,0.002249936,0.002342447,0.004030136,32.75971,True
1237651800697340087,150.267111091804,-0.225780366905349,5.652437,0.09226476,GALAXY,19.54036,17.39617,16.28024,15.75488,15.36571,0.07998786,0.007265968,0.004558832,0.004253102,0.009589794,20.66771,True
1237651800160927863,151.233788423417,-0.709552532657369,6.025908,0.08463703,GALAXY,18.91574,16.81844,15.85894,15.42605,15.09512,0.03721558,0.004521373,0.00339507,0.003210712,0.006100157,27.81557,True
1237651800160862539,151.21525157006,-0.64142813363984,6.925902,0.1959435,GALAXY,20.89232,18.80289,17.45426,16.94747,16.56167,0.1953122,0.0164662,0.008073786,0.007243076,0.0172686,10.84107,False
1237651800160862448,151.221252510227,-0.677094995468758,8.79272,0.09589524,GALAXY,18.85701,16.90928,15.96096,15.53154,15.20855,0.05146696,0.005738535,0.004073395,0.00386041,0.008623161,20.1427,True
1237651799625105528,153.711775089,-1.12267386138522,5.30997,0.0456965,GALAXY,18.55612,16.54407,15.64623,15.19382,14.90959,0.02644386,0.003892645,0.003071349,0.002998562,0.00544813,32.98018,True
1237651752921661579,145.850488780277,1.20352840894456,3.715484,0.06182272,GALAXY,18.84452,16.86828,15.89447,15.43987,15.06171,0.03254433,0.004335996,0.00339386,0.003259984,0.005659434,34.30495,True
1237651752921596015,145.793369479373,1.18567055270675,4.835554,0.06256682,GALAXY,19.83735,17.71152,16.67881,16.16741,15.75556,0.08582866,0.00746908,0.005112282,0.004691001,0.01015324,19.56821,True
1237651752387084486,151.22982027173,0.958944471411767,5.486936,0.1751854,GALAXY,20.01277,18.47289,17.40381,16.92891,16.6047,0.09380051,0.01285777,0.00793492,0.007951539,0.02024578,10.46532,False
1237651752385708153,148.014343385491,0.871195691366738,4.116875,0.1423475,GALAXY,20.04066,18.07631,16.94797,16.46,16.05084,0.08866373,0.009148261,0.005632939,0.005488046,0.01211044,16.92482,False
1237651752385708149,147.993313623078,0.936391522339015,4.360214,0.0880089,GALAXY,19.62909,18.37689,17.68291,17.2428,17.02374,0.05833832,0.01023055,0.008284443,0.008495856,0.02407199,10.17387,True
1237657630586962192,133.683698731245,40.4057054103324,5.768038,0.08797372,GALAXY,19.06276,17.79568,17.09238,16.70228,16.42217,0.05373027,0.008387341,0.0066497,0.006890954,0.01642297,11.35698,True
1237650797293469823,145.544621670334,0.939369465005601,4.88495,0.08390663,GALAXY,20.1829,18.04323,16.92529,16.38822,16.00094,0.09277908,0.008079492,0.005141423,0.004856819,0.01001995,17.13157,True
1237650796757778527,148.247245656614,0.502877747706114,4.288901,0.03552244,GALAXY,17.61104,16.71651,16.48015,16.28381,16.18628,0.01344366,0.004076229,0.004157265,0.004729437,0.01115849,19.53036,True
1237650796757647663,147.927994946922,0.494259353226544,5.625169,0.2429659,GALAXY,21.04255,18.83188,17.32951,16.76549,16.47752,0.2163849,0.01638554,0.007328111,0.006854731,0.0158643,11.15894,False
1237650796756533529,145.433887437417,0.564174256371872,9.115926,0.1461468,GALAXY,19.98982,18.0981,16.90623,16.35375,15.94334,0.1162697,0.0119129,0.006722009,0.00634092,0.01342874,10.372,False
1237650796219596962,145.218778031565,0.147038968861957,8.675579,0.08318624,GALAXY,19.0127,17.50219,16.70197,16.30967,16.0058,0.0481889,0.006889561,0.005448848,0.005436693,0.01526937,10.5155,True
1237657593540706558,127.469225282148,38.6923903668837,3.400544,0.1701729,GALAXY,20.09932,18.12289,17.14058,16.73565,16.42848,0.05839026,0.007560709,0.005119146,0.005130899,0.01096067,19.93211,False
1237657593540772058,127.46676583919,38.7282670884124,4.180147,0.1706422,GALAXY,19.75989,18.23465,17.28169,16.81433,16.45648,0.05041108,0.008223682,0.005501226,0.005344696,0.01189933,15.83037,False
1237651823782789277,215.258324538371,5.21732897117485,3.143236,0.1106655,GALAXY,20.21268,18.55315,17.73053,17.28904,17.03428,0.08678383,0.01024345,0.007614797,0.008137345,0.02070308,11.94965,False
1237657606424953049,126.739340479902,37.9381269663267,5.320343,0.06487298,GALAXY,19.12089,17.21684,16.17212,15.73984,15.4008,0.03725133,0.005220896,0.003526333,0.003357327,0.005925742,27.4821,True
1237657606425280586,127.479464898073,38.3947330416271,3.061676,0.0564629,GALAXY,19.79929,18.41838,17.75235,17.38367,17.0997,0.04760065,0.00853763,0.006683656,0.006516711,0.01430031,15.57431,True
1237657627916239029,176.331431803035,51.1033825341904,3.453855,0.0840612,GALAXY,19.80959,18.06611,17.21541,16.80751,16.48641,0.05343521,0.007427107,0.005467729,0.005471744,0.01187036,14.69214,True
1237657627916304583,176.593919958249,51.1192390230665,3.313513,0.07683625,GALAXY,20.01921,18.34204,17.42416,16.99532,16.68009,0.06238621,0.008704162,0.006089998,0.006021427,0.01327747,13.17236,True
1237657627916369958,176.787090317259,50.9997235949542,8.51668,0.05306964,GALAXY,17.01708,15.96394,15.47253,15.16507,14.9246,0.01397513,0.003642557,0.003301907,0.003452226,0.007611822,22.27832,True
1237657627920040009,190.255559506664,51.1778442858897,3.694098,0.1179903,GALAXY,20.37321,18.44236,17.49568,17.09608,16.79193,0.1028912,0.01055141,0.007050801,0.00711385,0.01707438,11.02476,False
1237657627920040015,190.303373067527,51.2725584647718,3.435939,0.1192628,GALAXY,19.45912,18.17684,17.45968,17.08707,16.82875,0.04623424,0.008514847,0.006694449,0.006858018,0.01671781,12.56339,False
1237651822708850879,214.79347860369,4.54762477072642,3.348875,0.07807966,GALAXY,19.40632,18.15054,17.59555,17.25541,17.03296,0.04486021,0.007550464,0.007087858,0.007534649,0.02440152,11.93021,True
1237657628452978820,175.800495221538,51.4103999496423,3.893671,0.1253437,GALAXY,20.10239,17.87622,16.80507,16.37588,16.01685,0.07681218,0.006848522,0.004631155,0.00458012,0.008714859,18.93501,False
1237657628452978853,175.851783349434,51.4080245572999,5.366996,0.1323006,GALAXY,19.75209,18.01108,16.98548,16.53317,16.20993,0.06589766,0.007925626,0.005391856,0.005264275,0.01103051,14.87282,False
1237657628452978862,175.868322678523,51.34518361261,6.875519,0.1332455,GALAXY,19.75344,17.73911,16.64034,16.18461,15.84792,0.07314897,0.00713064,0.0046837,0.00458195,0.009255268,17.10834,False
1237657628452978895,175.928040152423,51.3271820868631,4.867824,0.1463461,GALAXY,18.9823,17.40158,16.71631,16.36751,16.12315,0.03247921,0.005249548,0.004418879,0.004568603,0.009322366,20.95737,False
1237657628452978936,175.951272542273,51.4122287095991,3.794525,0.12527,GALAXY,19.96083,18.0324,16.99928,16.57657,16.21236,0.06701639,0.007306851,0.005014674,0.00494458,0.009721854,17.1308,False
1237661972807024797,210.033113702559,7.79549148300729,4.850112,0.1401609,GALAXY,19.64397,18.1414,17.14483,16.70366,16.38872,0.07081614,0.009223588,0.006207122,0.006038011,0.0136312,16.74929,False
1237657628989915219,175.93657626645,51.9359769120275,6.125477,0.1108979,GALAXY,19.28974,17.87664,17.23028,16.87502,16.59327,0.05521062,0.008455435,0.006639094,0.007043995,0.01923292,10.12251,False
1237657628993847396,190.530611709264,52.1545667166337,3.658589,0.1546884,GALAXY,20.62566,18.71627,17.59985,17.12656,16.7772,0.1246648,0.01179615,0.007368762,0.006929711,0.01739751,10.199,False
1237651755072684144,153.982030485701,2.99972856069222,5.588843,0.09040105,GALAXY,18.38203,17.21235,16.48123,16.04266,15.74634,0.02886331,0.005581057,0.004586082,0.004706043,0.01089485,21.21094,True
1237657629510467868,128.22734710257,35.5998987785822,6.361525,0.1772146,GALAXY,20.232,18.26213,16.99875,16.454,16.13236,0.1174433,0.01019238,0.005777651,0.005076244,0.0122262,14.23308,False
1237662236403499230,210.010656329484,8.21321170950443,5.256433,0.1146347,GALAXY,19.89422,17.96205,16.95466,16.52928,16.18398,0.08275339,0.008550292,0.005544757,0.005200073,0.01097842,19.66795,False
1237662236403564656,210.038587146032,8.14452235092014,7.162258,0.1141315,GALAXY,18.86261,16.87577,15.82728,15.38852,15.01173,0.04055941,0.004842366,0.00335286,0.003179239,0.005691523,32.3783,False
1237657629510599010,128.506995574229,35.7652475503663,6.838027,0.1435667,GALAXY,19.32063,17.65507,16.65286,16.18596,15.85841,0.078614,0.008476111,0.00577614,0.005268767,0.01322123,13.07946,False
1237657629526851826,176.281027347752,52.1892184052783,3.142538,0.1324177,GALAXY,20.24056,18.35526,17.27732,16.77916,16.42492,0.08953793,0.008867793,0.005929924,0.005540295,0.01334921,11.83181,False
1237657629527179411,177.376969548003,52.4132766400136,6.230617,0.05233113,GALAXY,18.09109,16.2395,15.38295,14.96743,14.6426,0.02362025,0.003364723,0.002822713,0.002777191,0.005189905,31.14042,True
1237648722294079645,156.257274191965,0.680853438083616,4.391398,0.1961637,GALAXY,20.73328,18.91544,17.59085,17.11698,16.76105,0.1147154,0.01381663,0.007404526,0.007504198,0.01622852,11.99852,False
1237648722291327165,149.950164917967,0.780141388369683,4.942465,0.08773066,GALAXY,19.23363,17.90659,17.24327,16.81857,16.55905,0.0333536,0.00679013,0.005564869,0.005808606,0.01318288,14.62774,True
1237648722291327155,149.948730510357,0.818812507287487,7.711308,0.2193648,GALAXY,20.85163,18.45322,17.01914,16.47153,16.1092,0.1632767,0.01214674,0.00585681,0.005704509,0.01198772,14.31455,False
1237648722289950980,146.852497989787,0.68702538531147,4.708382,0.06253826,GALAXY,19.9435,18.01724,17.05776,16.62575,16.27789,0.07476704,0.008709376,0.005828584,0.006029906,0.01327321,14.20203,True
1237648722289557665,145.937743251123,0.672064271033784,6.154478,0.1434542,GALAXY,20.85571,18.93751,17.69973,17.21035,16.76273,0.1377034,0.01500019,0.007962598,0.008015014,0.01682604,10.29888,False
1237648721757733115,157.461577211409,0.303265890308832,4.892913,0.07199551,GALAXY,18.97211,17.60156,16.85036,16.44791,16.1522,0.03276903,0.006298135,0.005184555,0.005226404,0.01330011,16.49114,True
1237648721757536501,157.056842690756,0.386919840710276,7.361223,0.1070964,GALAXY,19.19483,17.60935,16.7888,16.36827,15.97582,0.06068131,0.008466311,0.006571658,0.006764883,0.01766435,10.68625,False
1237648721757143285,156.164677879097,0.308908443683385,5.40395,0.1733422,GALAXY,19.73712,18.16778,17.20282,16.68607,16.33974,0.04870088,0.007951743,0.005709083,0.00549806,0.01312667,15.5759,False
1237648721757143184,156.06511024247,0.313890057306053,4.150543,0.09771555,GALAXY,19.04664,17.75015,17.02055,16.62188,16.3522,0.03197928,0.006617073,0.005418706,0.005517734,0.01424163,16.29856,True
1237648721757077761,156.029536984691,0.31237685389467,4.099339,0.09538377,GALAXY,20.01728,18.16084,17.18966,16.77148,16.38128,0.06300805,0.008055534,0.00571855,0.005785937,0.01363849,14.36191,True
1237648721757077755,156.029316414461,0.409284482213951,5.075364,0.1482422,GALAXY,19.2867,17.95832,17.17408,16.74475,16.41903,0.04765308,0.008413192,0.00664913,0.0067458,0.01795156,12.7036,False
1237648721757077706,155.979974681436,0.3610631806915,3.690733,0.09391192,GALAXY,20.20979,18.13934,17.16758,16.71264,16.35098,0.07000548,0.007669514,0.005471651,0.005393805,0.01255033,15.95455,True
1237648721757077638,155.883045865176,0.349157271924914,5.836581,0.09631827,GALAXY,19.07018,17.7382,17.0398,16.61937,16.34582,0.03857351,0.007070342,0.0058586,0.006029803,0.01724483,10.98048,True
1237648721757012168,155.843577967982,0.395004445045927,10.36076,0.09403592,GALAXY,18.96063,17.07247,16.0518,15.64387,15.4062,0.05329425,0.006267948,0.004288584,0.004408107,0.01207499,17.19234,True
1237648721755373912,152.085852666418,0.250631223909088,13.58339,0.0314129,GALAXY,17.36644,16.25931,15.84351,15.61374,15.42557,0.01822185,0.00424496,0.004530049,0.005229156,0.01512813,10.67801,True
1237648721755373839,152.038526427737,0.388212871836429,3.512042,0.06248555,GALAXY,18.51187,16.52615,15.59085,15.17281,14.8194,0.01973172,0.00349947,0.00289947,0.002919769,0.004898947,31.82948,True
1237648721754456209,149.898326307334,0.345465370372063,5.269203,0.171811,GALAXY,20.56279,18.50374,17.24758,16.74745,16.3602,0.1182485,0.01158998,0.006447224,0.006206175,0.01534071,13.32708,False
1237648721753997600,148.982439656739,0.229872354459963,10.58034,0.06247292,GALAXY,19.04115,17.38003,16.6373,16.16045,15.83395,0.04690939,0.006711469,0.005444028,0.005299508,0.01393505,11.25744,True
1237657856073334961,181.186415368945,51.8994905870936,3.466753,0.09231484,GALAXY,18.56297,17.26635,16.60645,16.23299,15.94577,0.02165331,0.004783818,0.004111473,0.004217016,0.008843735,23.04725,True
1237648721222041741,160.114697350554,-0.0205075308437164,3.877154,0.1403162,GALAXY,20.48516,18.65376,17.6424,17.09183,16.73081,0.08079462,0.01042456,0.006931315,0.006532942,0.01551827,19.37362,False
1237648721222041731,160.084322551049,-0.162909376466432,5.469199,0.08177026,GALAXY,19.60486,17.91496,17.05623,16.5504,16.21727,0.0491358,0.006958263,0.005293479,0.00507044,0.01197863,23.00747,True
1237648721221976278,160.065882843493,-0.204704292479201,3.293391,0.1139066,GALAXY,20.44748,18.49702,17.55189,17.15952,16.79049,0.07718705,0.009220071,0.006484407,0.006624511,0.01597816,22.29383,False
1237648721221976086,159.960012289589,-0.0219340326266894,7.656148,0.1339286,GALAXY,19.72817,17.79026,16.66531,16.18359,15.76704,0.0635952,0.00743004,0.004800809,0.004673232,0.01043062,26.92235,False
1237648721221910799,159.901456871183,-0.147197388982142,5.632049,0.0947874,GALAXY,19.46554,17.53807,16.53552,16.08463,15.70325,0.04677136,0.006024424,0.004263036,0.004228595,0.009138559,30.52347,True
1237657856609484946,178.404906167287,52.2486894738921,9.118752,0.07874323,GALAXY,19.25456,17.31711,16.36559,15.9254,15.58558,0.04642237,0.00563716,0.00416561,0.004193659,0.009528625,19.07883,True
1237648721221845221,159.766811480322,-0.0309361551797207,8.969076,0.1327375,GALAXY,19.16208,17.73868,16.90584,16.48139,16.1153,0.05350141,0.008536283,0.00647253,0.006773922,0.01840262,12.29103,False
1237648721221845149,159.728864631054,-0.187610484557901,6.854221,0.1103091,GALAXY,18.88819,17.73005,17.13529,16.76015,16.55101,0.03613567,0.00831931,0.00771145,0.007148755,0.02165215,13.94884,False
1237648721221845089,159.631601710602,-0.0649225606065006,8.618585,0.06400023,GALAXY,18.70474,17.57937,17.05436,16.70817,16.51939,0.03225633,0.007009351,0.006671443,0.007341659,0.02353369,12.38226,True
1237648721221779630,159.601978715527,-0.190076705771781,9.625408,0.1237914,GALAXY,18.65759,17.36591,16.66049,16.25913,15.99489,0.04589243,0.008246081,0.006935966,0.007286322,0.02096824,14.39813,False
1237648721221714095,159.414944988701,-0.18049953031395,6.524494,0.09644731,GALAXY,19.67956,18.19341,17.36634,16.95503,16.66772,0.06353973,0.0101622,0.007733402,0.007921183,0.02138891,15.51593,True
1237648721221714070,159.376782974051,-0.202209816895101,3.117972,0.09639085,GALAXY,20.67845,18.74315,17.66376,17.1882,16.79679,0.08350314,0.01003048,0.006567085,0.006428216,0.01442104,10.72186,True
1237648721219223677,153.649436169026,-0.155260350008884,6.049923,0.09554408,GALAXY,19.28799,17.44256,16.54024,16.12604,15.78613,0.03899029,0.005672517,0.004228046,0.004298251,0.009488087,19.23918,True
1237657857145634895,175.739127296637,52.4655768669316,7.607862,0.02954553,GALAXY,17.33733,16.29913,15.84127,15.58299,15.35635,0.01417599,0.003613351,0.00351822,0.003776197,0.009396518,22.61691,True
1237648721217978556,150.79219928376,-0.100939316367723,5.054527,0.1969385,GALAXY,20.49074,18.65481,17.37543,16.8611,16.52613,0.09331308,0.01171782,0.006235696,0.006016198,0.01452592,11.81103,False
1237648721217782018,150.447978998306,-0.161328068862352,3.859806,0.06505554,GALAXY,19.90286,18.09299,17.17839,16.69507,16.30473,0.05908278,0.008115112,0.005658944,0.005500928,0.01273386,15.06155,True
1237657629527179422,177.414592090165,52.2905770835323,5.828612,0.05253523,GALAXY,18.42415,16.67799,15.85509,15.44928,15.15804,0.02816731,0.003899829,0.00322606,0.003183373,0.006711174,26.79423,True
1237657629527441615,178.337526801474,52.3453274197225,8.803855,0.0485936,GALAXY,17.59004,16.31492,15.72236,15.3327,15.10869,0.02896122,0.003986681,0.003705771,0.004137945,0.01220099,13.0227,True
1237657629530849368,191.164547516648,52.3486578562248,6.127954,0.1072254,GALAXY,19.59049,17.33633,16.21231,15.72406,15.33755,0.0835591,0.005997415,0.004070586,0.003842999,0.008635447,16.66114,False
1237657630047273191,127.68306676697,35.8146534364043,4.452513,0.1355397,GALAXY,20.80593,18.75964,17.67867,17.22397,16.85464,0.1285831,0.01194985,0.007240742,0.00701874,0.01375657,11.56204,False
1237657630064115806,177.477341468901,52.7886958952833,4.05019,0.1706685,GALAXY,20.59268,18.55745,17.4831,17.05927,16.80223,0.1185133,0.01098491,0.006890024,0.007126654,0.01609708,11.88641,False
1237651753467445343,166.238889495143,1.96787429134406,3.516892,0.09493636,GALAXY,20.3478,18.21957,17.23577,16.78246,16.38278,0.09048986,0.008055365,0.005462314,0.005382208,0.01270586,15.2062,True
1237657630064377878,178.545488260647,52.8528545424589,10.06319,0.069856,GALAXY,18.06583,16.33236,15.50366,15.07733,14.79118,0.02897865,0.004172137,0.003245469,0.003357293,0.006524239,20.48201,True
1237657630064377944,178.453509211941,52.8058444335451,8.532556,0.07160952,GALAXY,18.76246,16.96682,16.11907,15.71592,15.39481,0.03954663,0.005192795,0.003900713,0.004060843,0.008029311,18.13534,True
1237657630064377950,178.444489053563,52.9037050416837,8.574914,0.04993337,GALAXY,17.94766,16.02809,15.16381,14.75988,14.44673,0.01990144,0.003127394,0.002558592,0.002605611,0.004201377,33.51744,True
1237657630064377973,178.501265902798,52.9214396982902,9.630362,0.07136904,GALAXY,17.50262,16.12642,15.46065,15.08178,14.85576,0.01742854,0.003398631,0.002926002,0.003066865,0.00613623,19.74495,True
1237657630584471906,128.175916080719,36.6491229667824,9.659198,0.08214653,GALAXY,18.38262,16.94642,16.25995,15.86853,15.62805,0.03824012,0.005647678,0.004559657,0.0045666,0.01074172,11.34426,True
1237657775002943682,128.115456918904,35.4233691225044,4.142734,0.1770587,GALAXY,20.67726,18.77122,17.62882,17.12695,16.77557,0.08646879,0.01038567,0.006728369,0.006378239,0.01464476,13.62714,False
1237657775002943728,128.153012072712,35.4536608943882,3.121327,0.135788,GALAXY,20.64663,18.69508,17.5906,17.13873,16.73344,0.0822007,0.009786987,0.00645563,0.006320653,0.01392977,14.52823,False
1237657775003009217,128.300498093467,35.4861653811336,5.280511,0.0639841,GALAXY,19.24179,17.74592,17.03771,16.60889,16.3051,0.03256953,0.006146342,0.00523557,0.005250244,0.01246652,16.21275,True
1237657775003009326,128.406136981885,35.5302656647609,5.873404,0.1360975,GALAXY,19.82338,17.64755,16.46313,15.97471,15.58623,0.06872278,0.006970708,0.00444856,0.004319022,0.00935778,19.61267,False
1237657775539814646,127.869374936352,35.7407206361035,6.351786,0.1354209,GALAXY,19.57752,18.05714,17.21863,16.74738,16.41959,0.05108515,0.007523816,0.005972515,0.005896524,0.01596777,12.13768,False
1237657775539814684,127.99278598542,35.6844653409775,6.447437,0.135862,GALAXY,18.90123,17.35787,16.47098,16.03671,15.68684,0.03855163,0.005991272,0.004698388,0.004692417,0.0116607,16.95033,False
1237657775539814699,127.872426102826,35.8120285163041,3.465598,0.05825113,GALAXY,19.15765,17.98811,17.49167,17.13413,16.95428,0.02891398,0.006142446,0.005825277,0.006063752,0.01762814,16.62149,True
1237657775539945655,128.101185530067,35.8599779321736,7.008595,0.1367725,GALAXY,19.32298,17.63479,16.65961,16.15729,15.8017,0.05458854,0.007203722,0.005214343,0.005011901,0.01258779,16.23231,False
1237657776614146390,128.521362073581,37.2455524753,6.323728,0.1215873,GALAXY,19.95282,17.88477,16.84963,16.40975,16.05212,0.07797396,0.007587804,0.005190029,0.005433294,0.01176257,18.13133,False
1237657776614342923,128.847014808936,37.6033165532356,5.426657,0.121846,GALAXY,19.44823,17.47317,16.45421,16.02541,15.65562,0.04758861,0.005629614,0.004055695,0.004163702,0.008384922,24.33327,False
1237657855535087757,176.120677876348,51.1955308090759,3.916593,0.06074679,GALAXY,19.7572,17.83764,16.97227,16.57455,16.2778,0.04736282,0.006476308,0.004819849,0.004915617,0.01110495,16.84722,True
1237657855535087786,176.154346013014,51.2099245372533,7.00575,0.1327568,GALAXY,19.83587,17.80652,16.77966,16.32812,15.99929,0.07343233,0.007979593,0.005294843,0.005343584,0.01260583,12.0965,False
1237657855535153178,176.229058322259,51.3288176583822,3.620522,0.1304363,GALAXY,20.5937,18.49536,17.44806,17.02614,16.68875,0.1005965,0.01110666,0.006784614,0.006794617,0.01559327,12.75688,False
1237657855535153293,176.295723178665,51.2861357880242,3.505786,0.1292644,GALAXY,20.04078,17.94415,16.91218,16.4926,16.1178,0.05804798,0.006796787,0.004598286,0.004643232,0.009556847,18.66099,False
1237657855535153312,176.368461377457,51.1478943058436,4.268067,0.13116,GALAXY,20.5164,18.47919,17.42288,16.97079,16.58765,0.09169606,0.009843445,0.006229275,0.006332709,0.01428025,11.77106,False
1237657855535153332,176.372316465689,51.2792800071986,3.22517,0.126351,GALAXY,20.51524,18.65304,17.57332,17.12236,16.72909,0.0800267,0.01003356,0.006285345,0.006365299,0.01401385,12.73299,False
1237657855535218845,176.514924824336,51.2927064115405,8.472735,0.129008,GALAXY,19.28305,17.2445,16.17859,15.75163,15.40575,0.04546239,0.005511593,0.003697252,0.003740815,0.007698962,21.43376,False
1237651752394227948,167.5026215825,1.28289197644027,13.89963,0.06511077,GALAXY,19.05042,17.24335,16.29201,15.79346,15.35408,0.07430372,0.008004527,0.00568445,0.005669378,0.01286474,10.10605,True
1237651752394227913,167.537427141118,1.3133833686398,4.235612,0.1273762,GALAXY,20.00901,18.39458,17.43988,16.95256,16.58557,0.08987498,0.01173927,0.007828462,0.00769054,0.0191475,10.04091,False
1237651752394227839,167.479188594802,1.27038481214289,3.139639,0.06473813,GALAXY,19.60283,17.67808,16.7681,16.34606,16.03441,0.05088029,0.006263722,0.004560095,0.004566863,0.009888222,20.41449,True
1237651752394096744,167.232030052891,1.30714538434989,3.565297,0.08386099,GALAXY,20.35537,18.35787,17.42087,16.98924,16.6651,0.09818568,0.009994619,0.006709963,0.006847523,0.01694963,13.76625,True
1237651752394096717,167.180037662537,1.26082767494163,12.24035,0.08420949,GALAXY,18.43065,16.78265,15.99917,15.59517,15.31256,0.04888061,0.006525835,0.005027,0.005285799,0.01392774,14.41372,True
1237650795145986089,145.487274514257,-0.806903952463781,6.244962,0.06084378,GALAXY,19.04427,17.20748,16.23163,15.78432,15.45478,0.04107452,0.005406386,0.003915696,0.003687222,0.007328367,21.44586,True
1237650795145920759,145.398359887983,-0.670878777609148,3.798256,0.1468171,GALAXY,20.63142,18.55927,17.43383,16.98697,16.6536,0.1188995,0.01070762,0.006530349,0.006052261,0.01352113,12.35608,False
1237650794609049814,145.444107546852,-1.19541893614084,3.684434,0.08816301,GALAXY,20.2838,18.18342,17.24123,16.80253,16.48524,0.07957469,0.008273422,0.005669928,0.005507444,0.0120979,14.25712,True
1237650794609049744,145.374115934085,-1.24928407351235,9.877888,0.06686618,GALAXY,17.7262,15.75583,14.84658,14.4214,14.08334,0.01790376,0.0029524,0.002376341,0.00233503,0.003869155,34.94822,True
1237657630601445538,179.313584365031,53.2660781524188,5.237049,0.04935053,GALAXY,19.37445,17.68161,16.78359,16.31423,15.90442,0.04811151,0.005932475,0.004462024,0.004392695,0.008598892,14.79003,True
1237657630601641990,179.876247557579,53.348822704304,7.314301,0.04498119,GALAXY,18.4932,16.55385,15.87153,15.50569,15.21374,0.03497142,0.004031119,0.003447206,0.003567659,0.006976405,26.69878,True
1237648722827346152,147.985562493089,1.11098538316719,3.485804,0.06204342,GALAXY,18.95387,16.9544,15.98638,15.52592,15.15781,0.03155341,0.004290606,0.003222156,0.003229551,0.005722722,31.2076,True
1237657630601707564,180.158563336495,53.247394656278,7.313506,0.04499104,GALAXY,18.18441,16.87148,16.26501,15.88025,15.63656,0.02970557,0.005016301,0.004432297,0.00459812,0.01049297,15.96251,True
1237648722827280657,147.89257129107,1.13884093128489,6.995617,0.06179937,GALAXY,19.14367,17.45354,16.57049,16.12348,15.79759,0.04830704,0.006581586,0.004723923,0.004833085,0.01084743,17.04412,True
1237648722291851468,151.201111368319,0.768392760758587,4.928699,0.06817851,GALAXY,19.01097,17.3055,16.46524,16.05206,15.70793,0.02828013,0.004959061,0.003849998,0.00397409,0.007279092,23.48582,True
1237648722291785834,150.999600908471,0.806913660323101,6.70116,0.0463645,GALAXY,17.76233,16.64459,16.17845,15.8629,15.63265,0.01565638,0.004268947,0.003921561,0.004262994,0.009332166,17.7058,True
1237648722291785827,150.994180802791,0.73663067830833,8.079043,0.04659506,GALAXY,17.84598,16.73731,16.23418,15.92681,15.73382,0.01847421,0.004518345,0.00414091,0.004673146,0.01166529,15.03156,True
1237648722290671761,148.429695952883,0.666506683237942,4.472583,0.09665815,GALAXY,19.81827,18.24103,17.33576,16.91025,16.57806,0.06535695,0.009940258,0.006846995,0.007299056,0.01611731,10.67661,True
1237648722290606343,148.317821455406,0.666697601915336,4.407884,0.09370408,GALAXY,20.08422,17.91347,16.81705,16.28374,15.85537,0.07527746,0.007669111,0.004824529,0.004773094,0.008957972,18.47433,True
1237648722290606324,148.307937651401,0.628534352846503,4.416645,0.09272406,GALAXY,19.76967,18.02778,17.19939,16.77106,16.47766,0.05524794,0.007934009,0.005794404,0.006138327,0.01324698,15.51593,True
1237648722290475152,147.975250598208,0.714011082881111,3.531317,0.1641842,GALAXY,20.97913,18.78318,17.56469,17.09448,16.72821,0.1387507,0.0120926,0.006773161,0.006874951,0.01472429,13.22717,False
1237648722290475142,147.964708322156,0.658327868036492,3.772028,0.143366,GALAXY,19.90261,17.99123,17.05153,16.63927,16.33698,0.05748023,0.007322928,0.005098714,0.005337912,0.01119127,18.13944,False
1237657775544729921,139.263411156342,42.6475685939993,6.223976,0.02973223,GALAXY,17.50203,16.11814,15.48314,15.14317,14.8607,0.01587148,0.003262062,0.002998268,0.003104509,0.006913537,29.50785,True
1237648722289557611,145.868109318099,0.829400963350654,4.007375,0.08260037,GALAXY,20.12168,18.12129,17.11116,16.61616,16.21549,0.07091611,0.008201427,0.005394023,0.0053686,0.01077742,17.12862,True
1237648721753735318,148.25574971788,0.296383080274141,4.227385,0.1562096,GALAXY,20.57075,18.58473,17.42564,16.94927,16.56984,0.09533748,0.01022837,0.006221246,0.006075148,0.01459009,15.96417,False
1237648721753735313,148.252206894227,0.240866844931146,3.740018,0.08612102,GALAXY,20.00364,18.13887,17.20021,16.7514,16.39611,0.0583258,0.007510055,0.00538122,0.005315116,0.01252785,18.59154,True
1237648721753669817,148.156767996223,0.308844017429712,6.816989,0.07949528,GALAXY,19.08723,17.12725,16.21387,15.77308,15.43097,0.04385384,0.005437493,0.004007795,0.004013694,0.009456648,22.16795,True
1237648721753669653,148.134517475554,0.235816361648197,4.801411,0.08571817,GALAXY,18.93353,16.98117,16.04544,15.60755,15.27932,0.03149883,0.004461491,0.003400378,0.003373837,0.007038634,27.3604,True
1237648721753604358,148.058718723753,0.235931341853374,6.164614,0.08517714,GALAXY,18.90142,16.91346,15.93626,15.49382,15.12776,0.03402145,0.004449685,0.003335565,0.003327622,0.006848766,29.89644,True
1237648721753604290,148.006283551025,0.348855852622249,3.226025,0.0796707,GALAXY,20.21796,18.29025,17.38269,16.98769,16.71031,0.06967397,0.008170053,0.005917484,0.006037895,0.01561039,14.86057,True
1237648721753538898,147.945349412756,0.330468514369049,9.994789,0.0844093,GALAXY,18.3126,16.54343,15.65867,15.23051,14.87113,0.03000741,0.004327989,0.00335382,0.003397896,0.007568721,25.85291,True
1237648721753538747,147.934830636614,0.26842111779419,5.625272,0.09143651,GALAXY,19.73854,17.91434,17.02223,16.60932,16.24889,0.06325381,0.007737748,0.005642519,0.005775324,0.01445679,15.88696,True
1237648721225187568,167.333784398114,-0.115392582029258,12.87341,0.07160346,GALAXY,18.06832,16.37177,15.55489,15.16413,14.86646,0.03391699,0.004687157,0.003804627,0.004024761,0.01032186,17.29378,True
1237648721225122013,167.251436112646,-0.115695132706552,3.345614,0.07126261,GALAXY,19.58159,17.49299,16.56449,16.12404,15.76849,0.0384367,0.005216406,0.003966055,0.003953679,0.008117395,24.7144,True
1237648721225121998,167.236691251368,-0.128938540967876,7.772996,0.09014694,GALAXY,19.17409,17.18402,16.25085,15.81704,15.48259,0.04625056,0.005747252,0.00418582,0.004245309,0.01008446,18.7703,True
1237648721225121960,167.169917727425,-0.188589963432678,4.07846,0.07181782,GALAXY,19.96325,17.91582,16.99603,16.56832,16.22528,0.05062505,0.006449947,0.004813806,0.004844401,0.01075999,19.50783,True
1237648721225121921,167.117315848551,-0.180846448675408,7.250442,0.06785175,GALAXY,19.58262,17.69555,16.78392,16.30799,15.93894,0.06903676,0.008256342,0.005991618,0.005979719,0.01520148,12.36714,True
1237648721225056484,167.045195278363,-0.0831906121388126,4.429217,0.06716757,GALAXY,18.84974,16.86267,15.93499,15.49356,15.12211,0.02623554,0.004053402,0.003173989,0.003208392,0.006036707,31.28803,True
1237648722291065136,149.430258049795,0.689940245360079,11.64684,0.04589036,GALAXY,17.55132,16.07058,15.32903,14.90121,14.61607,0.01705755,0.003522888,0.002955451,0.003043571,0.005733843,22.13749,True
1237648722289623338,146.147400820694,0.817353560792876,4.928802,0.1222711,GALAXY,19.88703,17.61316,16.44837,15.95457,15.5356,0.06516337,0.006383018,0.00401747,0.004008717,0.007337125,22.62509,False
1237648721754325237,149.613469902888,0.382478783209481,5.525179,0.05647835,GALAXY,18.24147,16.36091,15.51062,15.09205,14.76688,0.02110231,0.003481145,0.002840425,0.002856315,0.005589828,35.00988,True
1237648721754259577,149.550640609984,0.237244856483283,8.762965,0.03502265,GALAXY,17.57675,16.35207,15.79105,15.44982,15.19207,0.01518052,0.003646509,0.003265429,0.003398935,0.008726623,22.7521,True
1237648721216405657,147.24801770212,-0.0357085690947416,4.708797,0.08419658,GALAXY,20.38689,18.09273,17.01718,16.50344,16.11856,0.08981067,0.008107191,0.005142272,0.004965456,0.01119146,17.61474,True
1237657630064443555,178.834439572863,52.8542670060303,7.492473,0.06599836,GALAXY,18.47566,17.19428,16.6107,16.25035,16.10081,0.03336378,0.005749332,0.005107238,0.005576744,0.01444719,10.43164,True
1237657630064443564,178.826369430252,52.8885570614963,4.412394,0.07037053,GALAXY,19.02716,17.99744,17.59211,17.29509,17.20026,0.03288583,0.007136404,0.006990709,0.007901601,0.02169238,10.44669,True
1237657630064443583,178.883317552094,52.9064369352912,4.601208,0.06886017,GALAXY,19.41471,18.21577,17.60997,17.25464,17.07225,0.04159043,0.007819261,0.006679676,0.007264004,0.01808944,11.11939,True
1237657630601117758,178.039199985955,53.316694759496,9.932581,0.05579462,GALAXY,17.62626,16.09797,15.49272,15.13506,14.90622,0.02344533,0.003626437,0.003287548,0.003453044,0.007462661,21.8554,True
1237657630601117866,178.09567680572,53.1603459183782,5.173989,0.07866825,GALAXY,18.80449,17.58381,16.98415,16.60001,16.40846,0.03583497,0.006017418,0.005297171,0.005619674,0.01411733,12.78178,True
1237657855535546577,177.910007098274,51.3287953167883,4.677069,0.1577584,GALAXY,20.61687,18.64282,17.49343,17.02284,16.66744,0.100256,0.01039838,0.006241078,0.006316246,0.01472717,11.64287,False
1237657855535612011,177.941784251,51.433257213763,4.006868,0.1576643,GALAXY,20.63727,18.5334,17.37193,16.9134,16.54666,0.09938941,0.009947816,0.005984636,0.00608579,0.01330845,13.82459,False
1237657628992733303,186.564531153607,52.2503292120082,4.772892,0.1678854,GALAXY,20.08702,18.05585,16.94305,16.49477,16.14088,0.1124721,0.009351754,0.005963597,0.005765248,0.01359758,12.20313,False
1237657855535677501,178.157482148146,51.3442559556056,5.556887,0.1326378,GALAXY,20.44797,18.58872,17.54729,17.11103,16.81309,0.08584981,0.01064827,0.006800593,0.007056372,0.01678855,11.37843,False
1237657855535677516,178.190268781607,51.431148287056,5.199903,0.1324431,GALAXY,19.26412,17.97977,17.18347,16.75241,16.44588,0.03768632,0.007336516,0.005557384,0.005772209,0.01417129,12.23753,False
1237657855535743011,178.38447540349,51.4603341428477,4.709396,0.06613149,GALAXY,18.60205,16.69031,15.79238,15.40032,15.08095,0.0231712,0.003896863,0.003053279,0.00307315,0.005609961,28.58067,True
1237657855535743027,178.452019602061,51.280584862791,4.129195,0.1271633,GALAXY,20.32879,18.3504,17.2839,16.83681,16.46861,0.08520097,0.009628722,0.006147759,0.00614858,0.0141977,12.44841,False
1237657855535743084,178.495861077182,51.4749538870944,4.32597,0.1982265,GALAXY,20.68856,19.04421,17.74354,17.24497,16.89522,0.09664109,0.01375168,0.007455652,0.007312445,0.01690271,10.82705,False
1237657855535808592,178.733120447702,51.2919459840923,6.27129,0.1266856,GALAXY,18.99214,17.03777,16.01055,15.59026,15.21815,0.034837,0.00482458,0.00337363,0.003403541,0.006689009,21.72039,False
1237657628456058983,187.085192868419,51.6494999601268,8.812582,0.08693379,GALAXY,18.05149,16.48987,15.75435,15.35958,15.06343,0.02921453,0.00432126,0.003584049,0.00361047,0.007440709,20.58022,True
1237657628454027419,179.734303912333,51.5853047054459,8.629099,0.117552,GALAXY,18.81253,17.27419,16.45359,16.0417,15.69633,0.05735274,0.007289291,0.005583895,0.005660946,0.01284727,10.23349,False
1237657855536070741,179.687568049622,51.3896815578658,8.007587,0.09607165,GALAXY,19.43385,17.46401,16.44852,16.01897,15.64615,0.04656678,0.005925415,0.004087347,0.004142556,0.008751297,18.30831,True
1237657855538036842,186.95678605531,51.5930708176033,4.136223,0.0866609,GALAXY,19.74857,17.755,16.82926,16.39996,16.10282,0.05154274,0.006508861,0.00461805,0.004695252,0.01074044,17.61566,True
1237657855538036863,187.026014698079,51.5852188645986,4.265086,0.08510594,GALAXY,19.38645,18.17187,17.64466,17.28427,17.11815,0.03928786,0.008114374,0.007228113,0.008002581,0.02442941,10.4835,True
1237657856072548466,178.210910699113,51.7057574958955,3.35317,0.1238514,GALAXY,20.25596,18.34146,17.33068,16.91508,16.54761,0.0688119,0.008089745,0.005641662,0.005736869,0.01186886,15.64164,False
1237657856072548504,178.306078256509,51.8064062343267,7.541175,0.1105613,GALAXY,19.03245,17.59304,16.7587,16.34109,16.01028,0.04495912,0.006861799,0.005302382,0.005626791,0.01342392,11.0409,False
1237657856072548508,178.296930576805,51.873495473625,4.767705,0.0653603,GALAXY,18.24364,16.89456,16.23138,15.79142,15.55133,0.0183631,0.00399361,0.003447051,0.003452374,0.006998527,24.37385,True
1237648721217781931,150.377734605992,-0.130136294444744,4.213489,0.089852,GALAXY,19.97139,18.01768,16.98985,16.47662,16.05276,0.06672345,0.007950478,0.005191471,0.005015852,0.01091189,15.13714,True
1237648721215946884,146.193300202678,-0.0388417218420254,5.059175,0.06296081,GALAXY,19.80244,17.53697,16.42223,15.90521,15.45955,0.0649932,0.006410167,0.004078284,0.003928893,0.008079982,23.52899,True
1237648721215815838,145.877376522395,-0.0501882157399638,4.613365,0.09099656,GALAXY,19.88917,18.29563,17.39264,16.85893,16.48972,0.07302355,0.01110237,0.007450402,0.006924774,0.01738407,11.22874,True
1237648720685105353,160.035161870165,-0.599992668573346,5.286837,0.07470067,GALAXY,19.31866,18.27407,17.74884,17.41618,17.24165,0.04500899,0.01111316,0.01169169,0.01062909,0.03138481,11.43939,True
1237648720685105352,160.034263606852,-0.421625751212431,8.239345,0.1330486,GALAXY,19.2634,17.67693,16.82551,16.42307,16.13864,0.0563973,0.007859473,0.006036065,0.006043339,0.01595009,15.20208,False
1237648720685105308,159.994636962398,-0.505369401013349,3.023432,0.1105957,GALAXY,20.21212,18.32725,17.30066,16.8714,16.50205,0.06041277,0.007806516,0.005462529,0.005243883,0.01081869,27.72589,False
1237657857683226719,178.251905976948,53.0258276015068,5.078514,0.1142643,GALAXY,20.10114,18.44436,17.59712,17.20793,16.95934,0.07314094,0.01008056,0.007518204,0.008434305,0.02043414,11.08551,False
1237657857683226740,178.298393497618,53.1372221515003,16.10463,0.06104253,GALAXY,17.05061,15.69496,14.99822,14.62009,14.36231,0.01511777,0.003061099,0.002662818,0.00289905,0.006110434,18.58543,True
1237648720685039769,159.847523457182,-0.534266400017217,4.47902,0.1141676,GALAXY,19.38251,17.92302,17.11018,16.66492,16.34558,0.04229181,0.007373028,0.005764685,0.005520239,0.01273218,24.09093,False
1237648720684974261,159.718432322157,-0.513539109878827,5.71192,0.1339178,GALAXY,19.62103,18.18605,17.37747,16.92247,16.63912,0.04988026,0.008536914,0.006720338,0.006451617,0.01572685,19.66507,False
1237648720684974224,159.667306222872,-0.518970975644435,3.662923,0.1139529,GALAXY,20.43625,18.5302,17.44971,16.98876,16.5758,0.08194177,0.009653402,0.006388802,0.006063268,0.01302568,20.88365,False
1237648720684908689,159.546245790383,-0.619904666873399,6.757857,0.09500289,GALAXY,19.13165,17.98516,17.46714,17.13377,16.94147,0.04468539,0.01019615,0.008752146,0.009457333,0.0277,11.05483,True
1237648720684843336,159.42536195493,-0.556108431823083,7.319807,0.09432663,GALAXY,19.4895,17.45942,16.39634,15.88114,15.45296,0.07751685,0.008009596,0.005270613,0.004892972,0.01071344,19.78902,True
1237648720684843266,159.344887090969,-0.513479342796851,5.528986,0.1139037,GALAXY,19.42299,17.98718,17.18846,16.72641,16.4144,0.05392238,0.008026012,0.006227338,0.005983067,0.01426114,15.99887,False
1237648720684843249,159.328668135715,-0.452827152020856,3.669185,0.09673389,GALAXY,20.0587,18.07333,17.07254,16.65121,16.24634,0.05960625,0.007226988,0.005127995,0.004952686,0.009987807,26.91723,True
1237648720684777601,159.216444382308,-0.604874609040737,6.356771,0.0952765,GALAXY,19.8665,17.90001,16.92591,16.45403,16.03753,0.0717596,0.00802143,0.00569851,0.005407084,0.01167327,11.67985,True
1237648720684712156,159.134349575559,-0.487047809055089,11.52199,0.1594188,GALAXY,19.52352,17.87073,16.73852,16.20366,15.76894,0.07352321,0.009815812,0.006108035,0.005616532,0.01258527,10.69305,False
1237648720684712091,159.057514071303,-0.58407130149853,4.111898,0.0950123,GALAXY,19.53399,17.58451,16.58664,16.12435,15.76249,0.04588674,0.005947787,0.004299629,0.004083889,0.008226437,17.54086,True
1237648720684712010,159.126800733321,-0.505605320655857,11.18611,0.08467862,GALAXY,18.34877,16.78679,16.00201,15.58171,15.28008,0.04383895,0.006543884,0.00525207,0.005261822,0.01351664,10.03378,True
1237648720684646616,159.007791083565,-0.630133113896423,5.63121,0.09535529,GALAXY,19.44115,17.53522,16.55236,16.11407,15.74253,0.04150901,0.005687812,0.004179124,0.004018002,0.007954025,18.21898,True
1237648720684646512,158.876914916868,-0.438667827082188,4.665349,0.1504898,GALAXY,21.01365,18.87842,17.65151,17.1172,16.656,0.1573052,0.01349951,0.00780638,0.007100347,0.01543306,14.87118,False
1237648720680910948,150.372701860423,-0.545600096011436,3.657584,0.09407266,GALAXY,20.27795,18.3777,17.35431,16.90564,16.49281,0.0729365,0.009037596,0.005964196,0.005632869,0.01189107,15.03229,True
1237648720680910946,150.372636451019,-0.441641627656478,4.362401,0.09158873,GALAXY,19.05122,17.90169,17.34407,16.99055,16.78728,0.03708184,0.008386384,0.006373032,0.006542294,0.0181332,11.45065,True
1237648720680845525,150.268498706036,-0.542309834909188,5.408815,0.09453826,GALAXY,19.34536,17.52541,16.54203,16.08306,15.68136,0.04689493,0.006451228,0.004469937,0.004240301,0.008719492,19.03704,True
1237648720680648893,149.875987977689,-0.629353303550418,6.481223,0.07888881,GALAXY,18.707,17.33896,16.64481,16.26493,15.99683,0.03316846,0.00585679,0.004743536,0.004764997,0.01199251,14.6729,True
1237648720148103446,159.724568870921,-0.941631914444804,7.986293,0.075511,GALAXY,18.97727,17.14617,16.26891,15.83275,15.50064,0.02945354,0.004778316,0.00372276,0.003732819,0.007343073,33.96935,True
1237648720148103422,159.700118745536,-0.93626818449415,3.985421,0.1909861,GALAXY,20.98523,18.81832,17.62934,17.14693,16.81573,0.1266394,0.01216618,0.007150606,0.007044698,0.01648158,17.49427,False
1237648720148103303,159.656670002428,-0.948282002153463,6.007111,0.0968226,GALAXY,19.15469,17.90782,17.30978,16.94468,16.7074,0.03816577,0.007882437,0.006966466,0.007593543,0.02070762,15.54733,True
1237648720148103276,159.629822424834,-0.920522734588209,5.255145,0.08751033,GALAXY,19.63795,18.09226,17.29136,16.80987,16.46198,0.0496777,0.007895455,0.006053763,0.005977803,0.01399884,19.32462,True
1237648720148037890,159.577937542509,-1.01922067575538,5.665299,0.1073238,GALAXY,20.20865,18.19815,17.20256,16.76636,16.4062,0.06979764,0.008418115,0.005720207,0.005730951,0.01265987,21.23363,False
1237648720147644495,158.65951508562,-0.85266978829869,5.963566,0.07378269,GALAXY,17.50784,16.45382,16.00934,15.65839,15.49459,0.01134606,0.003448865,0.003269769,0.003372716,0.00766514,21.33337,True
1237648720147579104,158.476854492568,-1.01579375974754,4.772987,0.0818151,GALAXY,18.96059,17.77918,17.24513,16.92892,16.74968,0.03384579,0.007557674,0.006753654,0.007408678,0.02052988,10.7868,True
1237648720147513563,158.390515023379,-1.04701848972061,3.717811,0.1530027,GALAXY,19.60031,18.32877,17.46491,16.99464,16.69657,0.04259287,0.008918765,0.006467759,0.006377981,0.01510587,11.76591,False
1237651752393965792,166.938602335221,1.30183717237649,3.424081,0.1290198,GALAXY,20.38643,18.40852,17.35936,16.90482,16.54777,0.09898374,0.01010248,0.006269715,0.00629551,0.01441417,15.0528,False
1237657855535349917,177.030112605741,51.2380393468514,3.879239,0.1306047,GALAXY,19.43012,18.17023,17.47628,17.03746,16.78127,0.03378724,0.007119433,0.005772025,0.005886951,0.01475675,13.9698,False
1237657856072024159,176.166008796014,51.7171824127067,5.392564,0.05081853,GALAXY,18.804,17.03903,16.22732,15.8361,15.53336,0.03511633,0.004911367,0.003896778,0.004011353,0.008448692,18.95947,True
1237657856072024227,176.381822262917,51.7549994257642,5.245751,0.05688401,GALAXY,19.03683,17.58261,16.91297,16.52108,16.23589,0.03510193,0.005957495,0.005061124,0.005310028,0.01252155,13.04072,True
1237657856072220792,176.925361729965,51.7198645920423,4.97546,0.1285803,GALAXY,19.22227,17.90079,17.15283,16.73798,16.43301,0.03730029,0.006629344,0.005369168,0.005635922,0.01336231,14.3419,False
1237657856608895164,176.257569052742,52.0844450198476,3.730615,0.1324911,GALAXY,20.46923,18.41068,17.35244,16.90616,16.56601,0.08592531,0.008692363,0.005781855,0.005804815,0.01380363,13.78147,False
1237657856608960594,176.405124939707,52.1203671488285,8.519183,0.05043181,GALAXY,17.78845,15.9045,15.04182,14.63851,14.31754,0.01779854,0.002963601,0.00248424,0.00251747,0.004621398,31.25913,True
1237657856609026224,176.742048342364,52.0872242173147,7.930932,0.05098828,GALAXY,18.44042,17.27433,16.83208,16.54923,16.36094,0.02467223,0.005235384,0.005097405,0.005776927,0.0170312,14.22777,True
1237657856609222752,177.468972307255,52.2606572824491,4.648572,0.09470964,GALAXY,18.98229,17.78184,17.15172,16.83414,16.63958,0.03292185,0.006295365,0.005590114,0.006111849,0.017931,11.92603,True
1237662247132856390,210.032690723941,7.53152757744435,8.974719,0.1145175,GALAXY,18.85288,16.86278,15.76116,15.26776,14.85388,0.0550818,0.005708211,0.003768076,0.003708633,0.007044226,25.70406,False
1237657857146159221,177.660087880441,52.5309458497244,4.297264,0.1106831,GALAXY,19.42878,18.04672,17.33542,16.93995,16.68833,0.04401645,0.006889894,0.005887635,0.006140117,0.01786035,12.17777,False
1237657857146224750,177.717078758838,52.6174182544691,5.123445,0.06680699,GALAXY,18.87193,17.74402,17.29054,16.96572,16.86743,0.03915183,0.007327204,0.007367925,0.008194703,0.02791517,10.01555,True
1237657857146224813,177.863974300649,52.6963400723697,4.224132,0.1712172,GALAXY,20.62657,18.40701,17.1972,16.70773,16.31251,0.1077136,0.008621777,0.005497388,0.005373832,0.01244726,14.59461,False
1237657857146355777,178.377427367961,52.6894438325452,18.56028,0.07163902,GALAXY,17.47275,15.54111,14.58843,14.18748,13.83214,0.02179709,0.002865568,0.002333129,0.002411203,0.004762145,29.75467,True
1237662262167208193,210.075002429775,7.88877420216317,8.257178,0.05699226,GALAXY,18.77605,17.68256,17.18951,16.94462,16.76542,0.05454708,0.008668553,0.00933766,0.01054156,0.03905815,10.60017,True
1237657857146421407,178.431351977568,52.7236282281072,10.27856,0.0787883,GALAXY,18.16366,16.74752,16.04779,15.69445,15.44412,0.02876288,0.004465492,0.003941685,0.004319821,0.01269549,13.1271,True
1237657857683095566,177.652122598424,52.9284743642403,11.13463,0.04993258,GALAXY,17.44967,16.04503,15.43779,15.09023,14.8309,0.01630095,0.003421283,0.003044602,0.003301002,0.006729931,25.95141,True
1237657857683095588,177.733312172293,53.0322214875843,4.586587,0.06682072,GALAXY,17.84038,16.41995,15.67205,15.2694,14.98067,0.01530905,0.003500083,0.002952244,0.003070188,0.005439495,30.18785,True
1237657857683095682,177.731712721317,53.1031450985381,4.442163,0.07311068,GALAXY,18.79584,17.64624,17.17088,16.83204,16.67062,0.02451431,0.005585628,0.005217777,0.005937164,0.01494407,15.10948,True
1237657857683095706,177.797140224156,53.0370624807085,7.046501,0.07924739,GALAXY,18.22461,16.93367,16.31847,15.96454,15.7405,0.02335896,0.004685993,0.004107058,0.004620147,0.010979,13.51611,True
1237650794610360490,148.381822820236,-1.20663976562212,3.247986,0.08964385,GALAXY,20.57207,18.55171,17.60183,17.20345,16.87188,0.09011102,0.009659712,0.006532152,0.006436388,0.01438365,13.61494,True
1237650794610163873,147.944566026761,-1.22335923049608,5.903252,0.1219072,GALAXY,19.7028,18.0252,17.06376,16.5836,16.21603,0.06702915,0.009085927,0.006169646,0.005836269,0.01293678,12.51656,False
1237657857683095709,177.827026139134,53.063581228603,5.370395,0.1658733,GALAXY,18.19934,17.07014,16.33031,15.93716,15.6903,0.01822178,0.004401042,0.003623168,0.00387746,0.008178934,20.97414,False
1237657858219966616,177.619081671547,53.5070864262149,7.217494,0.05896869,GALAXY,17.46251,16.16894,15.52044,15.17568,14.91872,0.01850783,0.003679148,0.003201203,0.003457471,0.0076422,21.26111,True
1237657858219966639,177.689706320562,53.5025347706365,4.968533,0.07845375,GALAXY,18.61182,17.12251,16.31522,15.86705,15.53023,0.0261604,0.004471467,0.003571195,0.003652601,0.007355016,19.62893,True
1237657858219966643,177.737348961255,53.3727116937426,10.55099,0.03237805,GALAXY,18.10347,16.75418,16.16186,15.87044,15.65265,0.03006546,0.004809846,0.004330063,0.005011627,0.01329699,11.33338,True
1237657858219966673,177.824779667262,53.3655496256162,3.85437,0.06107926,GALAXY,18.982,17.77018,17.15602,16.77393,16.51975,0.0300403,0.005949529,0.005073821,0.005470792,0.01296602,14.10205,True
1237658297921503409,154.215635826564,5.22997825736822,5.081946,0.1185879,GALAXY,19.93586,17.90067,16.84467,16.39034,16.00713,0.06418554,0.007273408,0.004624953,0.004396067,0.008425871,22.79419,False
1237648722835538003,166.723535301005,1.24979156978558,6.878605,0.1051525,GALAXY,18.83895,17.12937,16.26866,15.79532,15.45175,0.03164322,0.004654841,0.003696961,0.003723459,0.007603175,17.46162,False
1237658297924452385,160.866347150329,5.66892474916733,3.838332,0.146494,GALAXY,19.95783,18.52222,17.62983,17.1463,16.84198,0.05218274,0.009319843,0.00634314,0.005893586,0.01249636,12.37217,False
1237648722298667175,166.801422046749,0.836388448767615,5.433283,0.1247317,GALAXY,19.77475,17.55799,16.43299,15.94752,15.54088,0.05687436,0.006058244,0.004094638,0.00411867,0.007719451,18.24929,False
1237658298447692176,129.7135044427,3.648441733424,4.819586,0.1036144,GALAXY,19.80075,17.7824,16.76258,16.33306,15.99447,0.05831059,0.006625837,0.004543252,0.004359076,0.008066793,17.24696,False
1237658298985218381,131.180567504324,4.09323611828715,5.611835,0.1275022,GALAXY,19.98565,18.07032,16.99673,16.54526,16.18739,0.06763718,0.007729476,0.005053386,0.00474297,0.009981131,16.9189,False
1237648721225056444,167.011594121134,-0.0236130053739603,5.240856,0.08825613,GALAXY,19.1156,17.09661,16.14515,15.7116,15.37658,0.03365319,0.00465779,0.00349312,0.003544531,0.007348272,26.69742,True
1237657776079438066,133.644098940411,40.026980628437,18.85824,0.02406511,GALAXY,17.84891,16.42298,15.72993,15.35349,15.04469,0.02347026,0.005027214,0.004338032,0.006081205,0.01013226,11.64835,True
1237648721224990996,166.937060853941,-0.189239991348191,5.346785,0.06736504,GALAXY,19.22501,17.53919,16.78893,16.37535,16.10193,0.03540818,0.005469035,0.004466367,0.004610092,0.01164279,16.26504,True
1237648721224990980,166.903138519711,-0.0540651058882373,3.950516,0.06623101,GALAXY,19.68218,17.7799,16.86763,16.42976,16.04929,0.04509475,0.006258151,0.004640288,0.004703576,0.01035627,19.60307,True
1237648721224990826,166.905730619348,-0.0272432002562754,16.19532,0.06692205,GALAXY,17.91346,15.82412,14.89913,14.47104,14.14501,0.02390036,0.003193754,0.002514237,0.002561796,0.005135604,29.41752,True
1237648721219485883,154.376168643966,-0.100906384212866,4.068213,0.06437947,GALAXY,20.10266,18.5093,17.65353,17.22842,16.94562,0.05531098,0.009040641,0.006602275,0.006666581,0.0167263,14.38529,True
1237648721219485850,154.352835168217,-0.141042496965384,5.108737,0.1244505,GALAXY,19.94317,18.11367,17.05711,16.56581,16.17527,0.07464678,0.009079151,0.005851768,0.005714722,0.01347334,12.57324,False
1237648721219485839,154.335139248579,-0.150057128144174,5.66576,0.06298256,GALAXY,20.03531,18.34027,17.49289,17.04704,16.71406,0.06840542,0.00932659,0.00681167,0.006848153,0.0179426,10.57503,True
1237648721218109656,151.237577202538,-0.0235052993285494,3.060199,0.06686294,GALAXY,19.56834,17.50851,16.57809,16.14628,15.78695,0.03817293,0.005243577,0.003918729,0.003934719,0.007633374,24.04321,True
1237648721217781903,150.34505057947,-0.1570417874011,4.913276,0.09086309,GALAXY,19.25753,17.87042,17.3089,16.9436,16.73668,0.06571665,0.009070617,0.006777898,0.008642396,0.02592958,10.74533,True
1237648721217716546,150.335375820752,-0.182863726304489,4.52183,0.08995679,GALAXY,19.03924,17.2045,16.2881,15.84864,15.48375,0.0305906,0.004866686,0.003648712,0.003690202,0.007301502,27.27315,True
1237648721217716525,150.319182966186,-0.0307148341865415,4.678749,0.03270648,GALAXY,18.88212,17.80796,17.38452,17.13389,17.00496,0.04579036,0.008472823,0.007414556,0.009110847,0.03067371,11.36886,True
1237648721217716499,150.30310222868,-0.0888959258192594,9.305048,0.09508175,GALAXY,18.88476,17.13399,16.238,15.78741,15.45085,0.0466022,0.006510923,0.004628538,0.004660262,0.01144419,15.73928,True
1237648721217716496,150.300999708867,-0.00660017094999338,4.673938,0.03264355,GALAXY,19.38931,17.99117,17.408,17.10687,16.81655,0.04249047,0.007440027,0.006329148,0.007139837,0.019165,12.47731,True
1237648721217716475,150.294866402111,-0.107150832635817,3.290154,0.09199978,GALAXY,18.72972,17.72304,17.39474,17.12132,17.04659,0.02054534,0.00558105,0.005450373,0.005986731,0.01810887,18.69503,True
1237648721217716445,150.280206118054,-0.0440685941959203,3.643009,0.08847246,GALAXY,19.70678,17.64249,16.67945,16.2367,15.87246,0.04536837,0.0058589,0.004191961,0.004198187,0.008549397,23.09312,True
1237648721217716426,150.255640129382,-0.0638114428004802,4.109788,0.09239345,GALAXY,18.87419,17.43731,16.71679,16.30246,16.0468,0.02880314,0.005688389,0.004522709,0.004593586,0.01105336,21.19518,True
1237648721217716327,150.285786378341,-0.193478225913073,5.600917,0.04565933,GALAXY,19.24612,17.79707,17.1165,16.71693,16.42833,0.0436331,0.00708837,0.005711452,0.005921273,0.01588809,10.57859,True
1237648721217716302,150.28976277301,-0.0795036304952191,10.56441,0.04526348,GALAXY,17.49319,15.53202,14.58186,14.11206,13.79795,0.01553236,0.002745075,0.002203361,0.002201175,0.003727569,41.54018,True
1237648721215750320,145.778383130158,-0.134538717112184,3.78729,0.1451567,GALAXY,21.04931,18.858,17.68032,17.1676,16.77431,0.1426063,0.01315579,0.007188413,0.006900321,0.01646899,12.6155,False
1237648721215750163,145.737188847435,-0.0610041946274227,5.748073,0.1439173,GALAXY,20.20715,18.21169,17.10739,16.59554,16.23047,0.0890251,0.00992963,0.005857664,0.005672076,0.01361057,15.5057,False
1237648720688316674,167.376746289904,-0.610834411796148,6.968123,0.06514609,GALAXY,19.1644,17.21216,16.32792,15.91253,15.59378,0.03951931,0.005170215,0.004010807,0.003938803,0.008387425,23.4803,True
1237648720688316635,167.32660745326,-0.475360376037482,3.167582,0.1126211,GALAXY,20.56367,18.50209,17.50221,17.06622,16.68924,0.07897997,0.008580721,0.006062108,0.005861118,0.01272859,15.85835,False
1237648720688316571,167.280398153392,-0.493807265532362,3.798389,0.1570996,GALAXY,19.95567,18.37425,17.37427,16.90682,16.57929,0.05788875,0.008863454,0.006229395,0.005951942,0.01381467,15.6081,False
1237657857146814599,180.066459578352,52.668128384219,13.83037,0.06204909,GALAXY,17.59818,15.59553,14.68613,14.28392,13.94892,0.02555028,0.003053298,0.002511224,0.002535722,0.005505347,24.50942,True
1237648720688316497,167.389081206165,-0.601426630781831,10.17385,0.0648197,GALAXY,18.34064,16.31785,15.34878,14.85411,14.49675,0.02410953,0.003511612,0.002781858,0.002680355,0.004678405,33.17031,True
1237648720682614942,154.334387874659,-0.600703225135134,5.826065,0.093678,GALAXY,19.55518,17.48987,16.4949,16.07404,15.69482,0.05453626,0.006235177,0.004376942,0.004239482,0.008864646,19.96712,True
1237648720681304271,151.326063128662,-0.448103995155593,3.255151,0.2011759,GALAXY,21.05041,19.05051,17.74553,17.28994,16.92278,0.1423326,0.0139225,0.00743181,0.007018281,0.01588398,10.47404,False
1237648720681304250,151.297603718585,-0.606242830205429,4.102719,0.1924806,GALAXY,20.99016,18.90373,17.60553,17.10963,16.7472,0.1500065,0.01374397,0.007338898,0.006756422,0.01538603,10.31021,False
1237648720681238732,151.196138284289,-0.628563181223924,3.948994,0.09412583,GALAXY,19.54979,18.09357,17.32069,16.92555,16.6315,0.05014075,0.008578006,0.006600087,0.006521454,0.01614702,12.07263,True
1237657858220556390,180.021418825546,53.5017392060983,3.762193,0.1539552,GALAXY,20.93219,18.71219,17.59164,17.13649,16.7607,0.1417691,0.01036374,0.006457584,0.006760173,0.01531937,11.98672,False
1237648720678879348,145.722038785159,-0.527143419724582,3.162439,0.1640542,GALAXY,20.91039,18.87358,17.68516,17.19018,16.83731,0.1292965,0.01258768,0.007084699,0.006571461,0.01491774,13.81266,False
1237661970659279148,209.326491729561,6.06379958896322,3.853651,0.05371184,GALAXY,19.80677,17.9712,17.17255,16.76082,16.46498,0.06996109,0.007841184,0.006048335,0.005804188,0.01238216,16.95462,True
1237657856072679565,178.766241885128,51.7901561079255,3.560279,0.06664109,GALAXY,19.91628,18.04291,17.18845,16.78229,16.47069,0.05643089,0.00720572,0.005444618,0.005548709,0.01212804,15.09681,True
1237657856072745070,178.951986177906,51.8514097716781,6.090566,0.1546621,GALAXY,20.39246,18.48486,17.31805,16.83139,16.45851,0.1150318,0.0115525,0.0068582,0.006822588,0.01562654,10.68812,False
1237661970659344563,209.434196582339,6.04203599758495,8.829264,0.0536523,GALAXY,18.41342,17.15609,16.67573,16.37986,16.1802,0.03573379,0.006987933,0.006744315,0.00709612,0.01648112,12.07144,True
1237657856072810626,179.103657709962,51.8411328634614,5.608974,0.07148726,GALAXY,18.5318,16.72795,15.85822,15.37303,14.99628,0.02491869,0.004017791,0.003225848,0.003192763,0.005592373,25.66386,True
1237657856072810660,179.209571436405,51.7437780561119,4.737876,0.1316663,GALAXY,20.01826,18.1884,17.23384,16.78182,16.38736,0.07937544,0.009341558,0.006371863,0.006500797,0.01471763,11.27484,False
1237657856072876087,179.299149855631,51.9344283510792,3.15319,0.06234699,GALAXY,19.52155,17.54247,16.61694,16.18642,15.80895,0.0396178,0.005311189,0.00404906,0.004044965,0.007663044,22.6863,True
1237657856073007393,179.86629612881,51.7904464797243,6.454979,0.1322307,GALAXY,20.74466,18.70136,17.67959,17.25417,16.88046,0.1241692,0.0113216,0.007532754,0.007777097,0.01818905,10.12757,False
1237657856609419448,178.227642940411,52.2299231677732,4.473193,0.08082993,GALAXY,19.30252,17.3849,16.46047,16.03548,15.71997,0.04225867,0.005449995,0.004111371,0.004130254,0.009197075,19.78285,True
1237661971196215611,209.577972147006,6.43146348802411,3.63472,0.1797625,GALAXY,19.78851,18.42026,17.59585,17.1863,16.9134,0.06500822,0.009650924,0.007275653,0.006903824,0.01710943,15.49994,False
1237657856609747079,179.251593921872,52.2119807790467,5.636372,0.04883672,GALAXY,18.62457,17.47725,17.05568,16.77061,16.58146,0.02494872,0.005648823,0.005647976,0.006281354,0.01820597,13.03205,True
1237657856611778659,186.840390363105,52.379671893483,4.254805,0.06243505,GALAXY,19.13653,17.85057,17.1775,16.7699,16.50625,0.03593564,0.006967016,0.005757225,0.005904442,0.01602585,14.56901,True
1237657856611778675,186.899295878192,52.4767968660492,8.360176,0.1199135,GALAXY,19.00129,17.21222,16.36085,15.9318,15.62675,0.04653565,0.005746291,0.004402559,0.004548097,0.01213444,12.86488,False
1237657856611778692,186.940437881443,52.4170830542445,3.251831,0.08432438,GALAXY,20.1537,18.32046,17.38705,16.96862,16.63857,0.06863263,0.008607636,0.006047899,0.006159018,0.01581755,13.62239,True
1237657856611778697,186.944019529954,52.3919205708318,3.802851,0.08513316,GALAXY,19.54894,18.01391,17.20539,16.74611,16.40116,0.04072444,0.006850172,0.005313364,0.005276948,0.01245099,16.11202,True
1237657857146421426,178.547085076721,52.5866725268534,3.38159,0.07123342,GALAXY,19.96497,17.94934,17.04833,16.60892,16.31839,0.05639732,0.006300473,0.00489389,0.004870227,0.01153949,17.37195,True
1237657857146421444,178.550630515738,52.6911492552137,5.608247,0.06456379,GALAXY,18.55886,16.61115,15.72676,15.3258,15.02383,0.02550928,0.003624051,0.003000954,0.003071272,0.006088858,29.14606,True
1237657857146486958,178.71799554622,52.6192867773368,3.865834,0.09410863,GALAXY,19.3275,17.33472,16.38055,15.95738,15.60129,0.03784645,0.004767107,0.003690276,0.003716032,0.007631998,24.76854,True
1237657857146552495,179.167529732142,52.600746831974,3.731074,0.05180868,GALAXY,18.48701,17.0822,16.38144,15.97491,15.70011,0.02256899,0.004385704,0.003833939,0.003831299,0.008844569,22.76041,True
1237657627916566663,177.671985533709,51.0638220726774,7.150414,0.1267188,GALAXY,19.64278,17.60645,16.53268,16.05224,15.70077,0.06549463,0.006896394,0.004453907,0.004337474,0.008947001,17.2669,False
1237657627916566656,177.657043247756,51.1153407453218,3.413208,0.1266709,GALAXY,19.29412,17.98446,17.2611,16.84345,16.59542,0.03538187,0.006940871,0.005449001,0.005441291,0.01215142,15.94902,False
1237657627916566619,177.546696995864,51.027286210443,3.362535,0.1272483,GALAXY,20.20394,18.25532,17.22439,16.79378,16.44403,0.07079832,0.008140691,0.005341067,0.00528915,0.01098492,14.87645,False
1237657857683161145,177.89147852481,53.0406891804298,3.593239,0.1137236,GALAXY,20.05946,18.37543,17.39178,16.86636,16.48997,0.06296055,0.008786777,0.006042214,0.006137528,0.01234887,12.97767,False
1237657857683161162,177.9152968649,53.0559755597114,3.740134,0.1141271,GALAXY,19.89715,18.14327,17.14429,16.7258,16.39844,0.05661128,0.007694668,0.005281338,0.005654396,0.01169751,16.11652,False
1237657857683226730,178.285950691214,53.0111674103237,4.334418,0.07109923,GALAXY,19.12445,17.88703,17.26462,16.85502,16.66855,0.03185542,0.006528602,0.00556472,0.006091012,0.01528981,14.20896,True
1237657858220032166,177.932279844952,53.4788324235712,4.376057,0.06234502,GALAXY,18.73998,16.8471,15.9593,15.54756,15.22225,0.02802991,0.004041501,0.003226909,0.003313989,0.006052901,25.82423,True
1237657858220032182,177.991254061086,53.4793408787093,9.909996,0.05951169,GALAXY,17.91767,16.00547,15.10524,14.69484,14.37298,0.02228281,0.003195937,0.002582123,0.002671703,0.004810893,29.25822,True
1237657858220032221,178.071467177433,53.4090172075326,5.094459,0.06010376,GALAXY,19.20912,17.44359,16.56494,16.1687,15.87167,0.0417574,0.005435216,0.004241674,0.004479662,0.009638247,17.83716,True
1237657858220097635,178.157112904294,53.4708060834157,6.721103,0.06033055,GALAXY,18.52327,16.84484,16.07277,15.70739,15.43736,0.03339309,0.004670343,0.003818018,0.004115603,0.009150913,19.35483,True
1237657858220097655,178.207256359115,53.3636508046811,3.437638,0.1218481,GALAXY,19.36039,18.2618,17.72029,17.34776,17.14754,0.03701063,0.007316256,0.006722988,0.007428318,0.01945729,12.04196,False
1237657858220097664,178.246396664979,53.4218440210196,5.726858,0.0792421,GALAXY,18.62563,16.77632,15.84593,15.43156,15.10296,0.03020587,0.004107395,0.003178741,0.003290979,0.006207839,26.24758,True
1237657858220097689,178.278611892023,53.509462590657,7.182648,0.1490648,GALAXY,19.74191,18.05806,17.03035,16.61167,16.30417,0.09091529,0.01000784,0.00665983,0.007155821,0.01754565,10.15286,False
1237648720143188098,148.432503364382,-1.02642035923546,5.941754,0.1102809,GALAXY,18.45333,17.02572,16.25337,15.74728,15.45469,0.02949723,0.005689588,0.004328954,0.004230483,0.009387206,18.47677,False
1237648720143188148,148.508654837189,-0.892229022411282,8.262451,0.09035492,GALAXY,18.51839,16.59866,15.65194,15.256,14.92037,0.02941653,0.00431492,0.003165747,0.00321885,0.006249065,26.89492,True
1237648720143253641,148.565587239354,-0.936092311604233,5.544004,0.08971721,GALAXY,20.00377,18.17045,17.25731,16.75394,16.3976,0.0715109,0.009188692,0.006242889,0.006016787,0.01368397,11.13513,True
1237648720143253644,148.56499137649,-0.954623218635512,3.942558,0.08904524,GALAXY,20.44069,18.64716,17.72778,17.34446,17.03597,0.08473774,0.01141262,0.007646057,0.007956851,0.01942663,10.92411,True
1237648720143253649,148.573598963942,-0.899012875454224,3.805314,0.08971591,GALAXY,20.31309,18.37328,17.4641,17.03503,16.70817,0.07863852,0.009588475,0.006599025,0.006636366,0.01544461,12.94156,True
1237648720143253667,148.585015116825,-0.942078164890356,7.080614,0.08391871,GALAXY,19.2848,17.36638,16.44949,16.02587,15.664,0.04681386,0.006243185,0.004390989,0.004458226,0.009506666,18.29854,True
1237648720143253733,148.666898920115,-0.899090689932191,7.252276,0.09342866,GALAXY,19.12204,17.27628,16.30334,15.86619,15.52822,0.0381941,0.00564923,0.00395888,0.003944021,0.008109087,20.72463,True
1237648720144433323,151.363172570916,-0.874616542700249,4.557117,0.2057139,GALAXY,20.54416,18.59965,17.23373,16.7225,16.32298,0.1000208,0.01148808,0.005869828,0.005584184,0.0117592,11.57832,False
1237648720145940778,154.825417968283,-0.865715020066249,3.627925,0.09331674,GALAXY,19.87001,17.90517,16.93169,16.49078,16.11882,0.05031483,0.006715884,0.00472181,0.004683721,0.009375092,17.24009,True
1237648720146006094,154.955666970568,-1.02264662062798,10.84038,0.04346457,GALAXY,17.28716,16.11881,15.56503,15.20568,14.94895,0.01350738,0.003532185,0.003199554,0.003376298,0.007642373,19.22387,True
1237648720146071815,155.098337286971,-0.861837027723311,8.300219,0.08444914,GALAXY,19.18436,17.07518,16.09289,15.62177,15.25004,0.04344895,0.005279645,0.003729363,0.00367528,0.007317226,21.43247,True
1237648720146137238,155.185374370507,-0.979828258186768,5.415997,0.08411594,GALAXY,18.84252,17.72303,17.26807,16.93408,16.76651,0.02785528,0.006753791,0.006305791,0.006899659,0.01937086,13.40524,True
1237648720146137296,155.244116026674,-0.899463576705365,4.295741,0.1011569,GALAXY,20.67787,18.69186,17.73617,17.29178,16.91313,0.08978604,0.01082273,0.007309429,0.007259306,0.01632588,12.34907,False
1237648721753931939,148.729800304076,0.378657615862522,11.308,0.04619598,GALAXY,17.50309,16.12255,15.50542,15.14933,14.95053,0.02149053,0.00406816,0.003648403,0.003789748,0.01098913,12.8951,True
1237648722290606344,148.316950356967,0.668147855822689,4.929435,0.09413693,GALAXY,20.36271,18.20251,17.1652,16.68596,16.30127,0.1000705,0.00962049,0.006079814,0.006230472,0.01263694,15.06214,True
1237648722827346161,147.993783277533,1.11611895550224,6.643313,0.06359012,GALAXY,18.57106,16.55361,15.66433,15.20882,14.83624,0.03656937,0.00428179,0.00324616,0.003258531,0.006351489,23.52237,True
1237648722827673705,148.756221483093,1.0690964999668,4.846345,0.1319097,GALAXY,20.3535,18.3311,17.32984,16.88501,16.52027,0.1144355,0.01096842,0.007069348,0.007341931,0.01702793,11.43272,False
1237650794610360503,148.410859855082,-1.23339741191404,4.084012,0.1631444,GALAXY,20.42515,18.62438,17.46617,16.98105,16.6262,0.09642451,0.0116355,0.00673437,0.006328391,0.01413394,12.17346,False
1237651754004709481,167.126898019396,2.38619119253807,4.186347,0.05732619,GALAXY,19.11127,17.41681,16.55444,16.146,15.84387,0.04314958,0.005775534,0.004435824,0.00452073,0.01142002,21.28669,True
1237651754541318320,166.610493822772,2.86539589267187,6.784478,0.03931328,GALAXY,17.87263,15.89284,15.01578,14.57062,14.23978,0.02014201,0.003092406,0.002539587,0.002573773,0.004264653,34.95656,True
1237651754541449246,166.809269243771,2.98068824398348,7.044865,0.05860567,GALAXY,17.84296,16.59687,16.06513,15.74607,15.5271,0.01995384,0.004088151,0.003689399,0.004150338,0.009894481,19.68605,True
1237651754541449383,166.780043664408,3.00246969665217,3.540676,0.05838544,GALAXY,19.06343,17.33967,16.48328,16.05437,15.73883,0.0368799,0.005372172,0.004063175,0.004234297,0.008328002,24.24852,True
1237651754541449463,166.84448220468,2.94607900524139,3.546146,0.05820583,GALAXY,18.70204,17.7123,17.32257,17.00998,16.8715,0.02554573,0.006036739,0.005694557,0.006475475,0.01714173,15.21451,True
1237651754541449474,166.853131972552,2.90473503453322,9.499751,0.05733616,GALAXY,16.79926,15.40325,14.77985,14.41885,14.18034,0.01222214,0.002793072,0.002490404,0.002637276,0.005001512,30.08437,True
1237651754541449485,166.860615060649,2.88203604677549,3.238679,0.05723992,GALAXY,19.28478,17.53928,16.68838,16.27411,15.93342,0.04114402,0.005803605,0.004376327,0.004560689,0.00903681,19.92414,True
1237651754541449515,166.881174278674,3.0071684106552,16.28945,0.07507169,GALAXY,18.4045,16.56646,15.62169,15.1739,14.8281,0.04661271,0.005381081,0.003775398,0.003980499,0.008576442,20.04537,True
1237651754541449534,166.881657606105,2.8920776527202,7.586598,0.05745812,GALAXY,18.74186,16.82229,15.94638,15.51737,15.16485,0.03856787,0.004735832,0.003570382,0.003736125,0.007335559,22.17759,True
1237651754541449551,166.897878292927,2.90812455428616,4.271798,0.05742135,GALAXY,19.21222,17.45648,16.62359,16.24166,15.93185,0.04480031,0.006044133,0.004514122,0.004850223,0.01035641,18.84822,True
1237651754541449565,166.928228083439,2.91446408545933,6.579906,0.1369762,GALAXY,19.70202,17.95111,16.95845,16.47694,16.12046,0.09192104,0.01024163,0.006648805,0.006970965,0.01609978,10.6376,False
1237645943978655982,55.8147588284992,0.998027448709593,4.560426,0.1001597,GALAXY,19.80442,18.22081,17.36597,16.85783,16.49876,0.06855471,0.008274561,0.005869742,0.005533262,0.01204944,14.97712,False
1237645943978655993,55.8319963341421,0.890833609147749,3.984653,0.1004212,GALAXY,19.45624,17.6463,16.66085,16.17872,15.78058,0.04610843,0.006075437,0.004298082,0.004119793,0.007779972,24.67508,False
1237645943978721492,55.8883028822129,0.996131969430339,5.325776,0.2340349,GALAXY,21.97339,19.25714,17.66804,17.13443,16.7034,0.446312,0.01990598,0.008319967,0.007648263,0.01618499,12.07994,False
1237648721219944694,155.422208950933,-0.00765751016532326,4.349806,0.07864722,GALAXY,19.69211,18.24907,17.66951,17.27586,17.05572,0.05132477,0.008732324,0.007547172,0.007914875,0.0236601,10.3011,True
1237648721756880949,155.47167356482,0.295374634774652,15.53876,0.02148222,GALAXY,16.34739,15.01962,14.38505,14.06982,13.81414,0.00849214,0.00238406,0.002207022,0.00225824,0.004344802,40.20933,True
1237648721756881092,155.46497563143,0.410105974093616,8.370337,0.02134296,GALAXY,17.45059,15.72079,14.90642,14.47219,14.09925,0.01455539,0.002955175,0.002562921,0.002549191,0.004439632,36.51841,True
1237654030328791126,172.073768312843,2.65394929328658,16.14155,0.02292847,GALAXY,15.5044,14.36643,13.91353,13.50994,13.47348,0.007875482,0.002144658,0.00218273,0.01592717,0.004164469,39.5376,True
1237654602103718089,157.837442393709,5.07575809039677,4.573548,0.0275083,GALAXY,17.84765,16.77317,16.27095,15.99441,15.73706,0.01468728,0.004035632,0.003792756,0.004281564,0.007399653,22.27523,True
1237654605861814478,158.256167230696,4.69982579775243,3.081224,0.2003569,GALAXY,20.88055,18.94979,17.72318,17.25016,16.90335,0.1151865,0.01205179,0.006960225,0.006395157,0.01535808,11.78162,False
1237654605865091259,165.824326448258,5.07224472669627,8.424207,0.03848149,GALAXY,17.60233,16.41157,15.90137,15.60344,15.39849,0.02122135,0.003695107,0.003488204,0.003533744,0.008678132,23.01017,True
1237654606398554235,157.944252554846,5.10972355713725,6.457658,0.1033236,GALAXY,19.97034,18.02575,17.01419,16.59237,16.24028,0.07275151,0.008489496,0.005453187,0.005414105,0.01073897,14.6951,False
1237654606398554252,157.975552173698,5.09875375939043,3.572533,0.1559513,GALAXY,20.67915,18.68249,17.58384,17.12017,16.80308,0.1139125,0.01188299,0.007041522,0.006816698,0.0143093,11.38537,False
1237654606398685293,158.220353061883,5.28604464304599,3.68805,0.1025746,GALAXY,19.9919,18.04131,17.07886,16.62639,16.25825,0.06197103,0.007624922,0.005109003,0.005025556,0.009507963,16.64344,False
1237654606402093184,166.018696852578,5.50894562094401,3.715558,0.1585439,GALAXY,19.28059,18.03862,17.29945,16.8809,16.63532,0.03487821,0.006991082,0.005360958,0.005340099,0.01136306,18.00387,False
1237654606938964260,166.106634653076,5.88098313721207,5.383245,0.04320542,GALAXY,18.86098,17.91566,17.59587,17.36014,17.24053,0.03488227,0.007698835,0.007933412,0.008886322,0.02549569,10.67803,True
1237655347812106422,220.597004175119,56.6573616180607,9.394727,0.04815272,GALAXY,18.34913,16.57596,15.76398,15.35299,15.07758,0.0347604,0.004586726,0.003638302,0.003756929,0.008597774,18.08219,True
1237655368759640149,221.018468529599,56.0337332357603,4.450897,0.1251123,GALAXY,20.70937,18.57645,17.55297,17.11098,16.79734,0.1190552,0.01117054,0.00688613,0.007266187,0.01847177,10.31233,False
1237655368759640159,221.177123705598,56.1388682868237,5.528556,0.1151569,GALAXY,19.51681,17.41777,16.44544,16.03688,15.67357,0.04914203,0.005823258,0.004004621,0.004147888,0.008926199,19.37696,False
1237655368759640166,221.161390296068,56.1236266528718,4.396734,0.08027502,GALAXY,19.70568,17.91629,17.09402,16.71333,16.42343,0.04906689,0.007138738,0.005199311,0.005521215,0.01350797,15.48665,True
1237655463776813224,220.380547674619,56.6834943315079,3.994836,0.1398945,GALAXY,20.45085,18.27665,17.18023,16.74327,16.37929,0.09993104,0.008312641,0.005411444,0.005320261,0.01131922,14.80096,False
1237657117873406170,128.565194239511,37.8657889582621,5.13965,0.1681208,GALAXY,19.34432,17.43476,16.49706,16.09424,15.76288,0.04785778,0.005795029,0.004306623,0.004246449,0.009112062,22.71221,False
1237657400804311252,128.774912641637,37.671054679172,5.078032,0.03026604,GALAXY,18.02614,16.07036,15.1906,14.75129,14.39343,0.0190803,0.003189885,0.002691161,0.002642061,0.00378005,38.85451,True
1237657401341378599,128.688193698541,38.3421755198043,4.797403,0.04019263,GALAXY,17.40821,16.2772,15.70725,15.36441,15.10474,0.01245983,0.00339188,0.0030761,0.003018748,0.005725835,32.97871,True
1237657189836521482,11.4827211193005,-0.851978161934831,8.067851,0.1076372,GALAXY,20.01666,18.36647,17.42974,17.01111,16.69223,0.0830825,0.01150082,0.007571512,0.007467142,0.01729339,12.95589,False
1237658297920782487,152.514550814997,5.22008472104223,4.072164,0.1764861,GALAXY,20.6255,18.59443,17.40494,16.94058,16.57982,0.1024922,0.01085987,0.006070725,0.00575385,0.01181982,13.42907,False
1237658297921634490,154.397304270221,5.3636025661729,6.46467,0.04576468,GALAXY,19.15856,18.01181,17.54166,17.2552,17.13146,0.03934117,0.00857858,0.007575966,0.008157324,0.0225706,10.22159,True
1237658298448478295,131.540441082703,3.73280123493614,3.46624,0.2024065,GALAXY,20.89697,18.87859,17.51718,16.9997,16.66436,0.1320317,0.01217754,0.006438778,0.00585465,0.01150293,13.28144,False
1237661972805124318,205.70070931,7.94077766450322,4.361918,0.07817412,GALAXY,19.35034,17.72543,16.84963,16.45304,16.1106,0.05575588,0.006743111,0.005083566,0.00509134,0.0110998,20.85924,True
1237656496179052930,340.344529973985,14.1400703354744,5.022067,0.07929219,GALAXY,20.05961,18.40433,17.55381,17.03243,16.65443,0.07858574,0.009539288,0.006855325,0.006843365,0.01556455,12.26382,True
1237656496179052902,340.329669046427,14.1070045671874,5.96271,0.07949042,GALAXY,18.70983,17.40751,16.7295,16.31761,16.08294,0.04009523,0.006268945,0.005064386,0.005440084,0.01373904,15.28108,True
1237658298449264975,133.315743440324,3.94011910670574,4.152139,0.0968165,GALAXY,20.4887,18.64621,17.67378,17.24749,16.87683,0.08824237,0.01041075,0.006884678,0.00666918,0.01313008,11.57615,True
1237655745089306790,217.443360299968,7.19118450811909,3.901031,0.05208249,GALAXY,19.42165,17.57881,16.73485,16.32423,16.013,0.04750938,0.005835326,0.004448995,0.004494746,0.009252109,20.62643,True
1237658298449789309,134.545291937388,4.11013997845809,3.632185,0.07084636,GALAXY,19.5679,17.87455,17.0511,16.6264,16.32714,0.0444572,0.006586298,0.004969655,0.004802069,0.009472708,16.14698,True
1237658298449854712,134.625123621364,4.08493057000678,4.724622,0.1594367,GALAXY,18.9943,17.93234,17.2638,16.87547,16.63869,0.03180961,0.007022364,0.005758867,0.005655441,0.01287243,11.73677,False
1237662236401336480,205.033663970822,8.55919618192134,5.616714,0.1059953,GALAXY,18.43663,16.97703,16.2179,15.82479,15.54468,0.03191343,0.005412728,0.004262576,0.004094054,0.008730871,17.81454,False
1237658298985611515,132.011398489886,4.26853320677863,13.63495,0.0585591,GALAXY,17.74176,15.97484,15.13047,14.74493,14.41135,0.02297615,0.00353272,0.002805585,0.002748727,0.005433297,24.4671,True
1237658298985677204,132.250230449648,4.34378595643764,9.682778,0.05894941,GALAXY,17.71714,16.25501,15.57317,15.17378,14.94649,0.02388183,0.003590998,0.003058142,0.002961935,0.006408019,18.21249,True
1237658298985677218,132.263668451335,4.21333254460997,6.185986,0.07861218,GALAXY,20.01412,18.21873,17.20702,16.68966,16.26461,0.1306536,0.008813513,0.005992834,0.005368873,0.01123003,10.86797,True
1237658298986594688,134.377633635614,4.53399979632626,6.868474,0.07213528,GALAXY,18.51229,17.08704,16.38917,15.96144,15.68334,0.02611306,0.004728839,0.003895267,0.00372833,0.008333199,16.38636,True
1237658299522416938,131.880013379245,4.6549094949766,4.532659,0.1316583,GALAXY,20.61835,18.53994,17.52114,17.07185,16.77692,0.1068682,0.009846833,0.006638301,0.006159211,0.0152214,12.73169,False
1237658299522482457,131.993263487928,4.67524785550018,5.282049,0.08914969,GALAXY,19.56916,17.53066,16.47395,15.99071,15.58486,0.05401969,0.00588806,0.004095177,0.0038406,0.007740869,20.28719,True
1237658299522547998,132.207787053866,4.58935249033309,7.298856,0.07717928,GALAXY,18.63239,16.63826,15.69778,15.2827,14.95081,0.03169854,0.003966596,0.003090146,0.002968339,0.005875702,27.99081,True
1237658299523137997,133.590326225371,4.82510817881144,13.2062,0.1567935,GALAXY,18.00764,16.37243,15.47065,15.02926,14.80505,0.04721356,0.005722514,0.004202237,0.003935189,0.01116639,11.75793,False
1237658300059353245,131.929978252738,4.98338192487115,10.07762,0.09639728,GALAXY,18.72636,16.87419,15.81422,15.34682,14.96014,0.03626566,0.004986745,0.003366054,0.003328574,0.005733694,22.6695,True
1237658300059353384,132.021734170705,4.9690523145651,4.827573,0.09692317,GALAXY,20.17772,18.11541,17.03825,16.58248,16.19221,0.07553865,0.008280691,0.005225529,0.0051179,0.009434362,15.58077,True
1237662236943777983,217.824919716691,7.94463212024808,19.03148,0.02689591,GALAXY,16.13136,14.59632,13.75032,13.30734,12.9294,0.01197428,0.002449981,0.002099055,0.002040141,0.002955134,34.6339,True
1237658300059877449,133.128725785266,5.20992995495553,6.620676,0.2009108,GALAXY,20.88344,18.25807,16.84092,16.2513,15.91101,0.1919019,0.01160515,0.00543362,0.004990658,0.009813982,12.08618,False
1237658300060008831,133.47838779459,5.18332994939292,7.698322,0.1819167,GALAXY,19.83273,17.77234,16.51613,16.00773,15.64112,0.08863031,0.009045698,0.00479981,0.004589918,0.008920524,13.72927,False
1237645879579967591,54.9285003138559,1.27188765009276,4.92834,0.1317873,GALAXY,20.75028,18.53424,17.398,16.89366,16.50811,0.1691719,0.01144175,0.007205558,0.007387599,0.01750431,13.01686,False
1237645943978393694,55.1236253006416,0.872487205618696,14.50363,0.0406868,GALAXY,18.29589,16.52947,15.61466,15.09457,14.63546,0.04432897,0.005544859,0.004035675,0.003807162,0.007000473,18.25637,True
1237645943978524737,55.4735380817137,0.940179948879856,5.285548,0.1937556,GALAXY,21.50394,18.97571,17.6307,17.12607,16.76579,0.236382,0.01335751,0.006997669,0.00658473,0.01407312,14.29888,False
1237648720145416288,153.509798588881,-0.891685474557746,4.532525,0.0448721,GALAXY,19.10999,17.1925,16.28523,15.87091,15.53726,0.03159473,0.004869448,0.003686423,0.003697991,0.007145086,24.20485,True
1237648720145416349,153.603378121227,-0.874026992747964,30.48748,0.09769554,GALAXY,19.49077,17.53573,16.53602,16.09453,15.77519,0.07380723,0.008713318,0.005698059,0.005646252,0.01354831,16.11104,True
1237648720145416474,153.540018643671,-0.8683832929666,4.308914,0.04596619,GALAXY,19.01592,17.21737,16.36308,15.96802,15.64436,0.02981873,0.004968875,0.003843255,0.003877043,0.007617377,26.03246,True
1237648720145416478,153.556596500941,-0.888660136125322,3.523816,0.04484872,GALAXY,19.4264,17.58161,16.70197,16.3038,15.97732,0.03653316,0.005736987,0.004323888,0.004348988,0.008833864,23.33371,True
1237648720145416509,153.583220263523,-0.858475024380288,5.165536,0.04957389,GALAXY,19.33736,17.47616,16.63656,16.25256,15.95621,0.04842567,0.006603113,0.004922013,0.005039862,0.01172802,14.674,True
1237648720682418354,153.855929410489,-0.613278254147395,3.063227,0.0440147,GALAXY,19.96288,18.27086,17.50739,17.13943,16.86249,0.05508695,0.008243673,0.00638904,0.00642102,0.01529806,14.53201,True
1237648720682483855,153.949939816515,-0.458874154438609,5.818014,0.1234957,GALAXY,18.80463,17.62592,16.89912,16.51163,16.24456,0.0362044,0.007552511,0.006037606,0.006031243,0.01541038,13.86755,False
1237648721217781939,150.381782109522,-0.17423776031247,7.857725,0.105979,GALAXY,18.89238,17.47035,16.74111,16.36437,16.09167,0.04034471,0.006731292,0.005168307,0.005596003,0.01566171,11.26061,False
1237648721219354811,154.002658423186,-0.112700987831629,3.298928,0.05991426,GALAXY,19.09596,17.07662,16.16983,15.72136,15.34942,0.0270782,0.004302683,0.003470027,0.00346597,0.006100451,29.27703,True
1237648721759961197,162.525717889481,0.333248799031144,3.297805,0.04032925,GALAXY,18.44975,16.52571,15.64857,15.21284,14.87298,0.01757084,0.003369839,0.002868637,0.00292546,0.004891088,47.38388,True
1237648721760157905,163.023289809997,0.289939254940085,4.726614,0.03787675,GALAXY,19.47384,17.83879,16.97902,16.49217,16.09986,0.04918707,0.007262578,0.005672239,0.005542377,0.01358684,16.72725,True
1237648721760420032,163.60870165559,0.335943571888452,6.261218,0.0386696,GALAXY,18.85178,17.60312,17.09175,16.77393,16.53333,0.04012209,0.0066366,0.006329837,0.007084573,0.02067475,13.04184,True
1237648722289557692,145.969659074809,0.830928027512297,5.101073,0.03635695,GALAXY,19.37867,17.44197,16.49375,16.03287,15.65151,0.04176155,0.005674725,0.00402791,0.004101446,0.007725619,24.83976,True
1237648722289557713,145.992634603744,0.788073236970777,4.30987,0.03801033,GALAXY,18.7196,17.22156,16.41532,15.96881,15.62269,0.02326526,0.00461979,0.003604005,0.003684593,0.006867814,26.208,True
1237648722289623245,146.015129551822,0.823517401473917,5.879128,0.1232092,GALAXY,19.8365,18.10935,17.1384,16.66297,16.30555,0.06084479,0.008606761,0.00575499,0.005848262,0.01255636,16.25492,False
1237648722297159820,163.29864897359,0.688990274478527,3.888218,0.03753402,GALAXY,18.8062,17.27935,16.47469,16.03881,15.72656,0.02339615,0.004723185,0.003859574,0.003964314,0.007444616,30.59178,True
1237648722297290822,163.608695955711,0.663736737809444,6.526516,0.03743362,GALAXY,17.66118,15.70889,14.81166,14.37323,14.03684,0.01340609,0.002695954,0.002323684,0.00237099,0.003541481,49.13328,True
1237648722297290903,163.550673917983,0.68461675339873,5.445601,0.04267079,GALAXY,18.70576,17.22287,16.52849,16.13316,15.83073,0.02959434,0.005522215,0.004705613,0.005050011,0.01087373,20.12283,True
1237648722297487570,164.07116080133,0.677373393761119,5.376359,0.0404985,GALAXY,18.53499,17.5192,17.23818,17.02261,16.91004,0.0209231,0.005384521,0.005651612,0.006764296,0.01826224,20.79476,True
1237648722834030774,163.329714583519,1.05266820543564,12.1885,0.03730441,GALAXY,18.37868,16.5014,16.02195,15.73096,15.58097,0.04413684,0.004742097,0.004523809,0.005218296,0.01480004,16.29885,True
1237650795146248378,146.143567610756,-0.741635350605028,8.960416,0.2038225,GALAXY,20.3737,18.02931,16.60012,16.0758,15.70413,0.1633476,0.01075035,0.005361384,0.004724158,0.01035784,15.58605,False
1237651752921661615,145.891258614346,1.11647673545746,3.945799,0.05158934,GALAXY,18.1697,17.51446,17.57963,17.29115,17.49613,0.02213241,0.006479628,0.008549856,0.008905086,0.03676469,19.21238,True
1237651799625105751,153.722307129009,-1.15286793298139,5.820786,0.0202565,GALAXY,18.19693,17.1713,16.74796,16.51191,16.36147,0.02670107,0.00620712,0.007683413,0.007332282,0.01822496,13.2425,True
1237654600490746023,152.463361756349,3.54735422600461,11.84299,0.0320104,GALAXY,17.16871,15.45189,14.71776,14.33246,14.0442,0.01708595,0.002976657,0.002525966,0.002505754,0.004500314,31.95944,True
1237654600491466869,154.118144059561,3.58408530254719,11.35469,0.04842007,GALAXY,17.31639,15.64484,14.87423,14.45902,14.15367,0.01514098,0.002897762,0.002432298,0.002385695,0.003996175,40.16309,True
1237654600491597966,154.477007109121,3.56362300534153,3.820574,0.1069852,GALAXY,19.00399,18.03671,17.5943,17.25534,17.14407,0.02772953,0.006944499,0.006420722,0.00650237,0.01690069,15.61897,False
1237654601029583065,156.953863527977,4.19751908732968,3.656896,0.1251116,GALAXY,20.68233,18.6535,17.66186,17.21021,16.88974,0.1088068,0.01073263,0.006950023,0.006568933,0.01567465,10.51635,False
1237654601566388473,156.889860264545,4.46677512871004,19.31464,0.0230416,GALAXY,16.22914,15.00193,14.46774,14.15683,13.91543,0.01324164,0.002851787,0.002662075,0.002710631,0.00648119,16.94823,True
1237654602102276254,154.631089082778,4.82050225741104,7.812598,0.05390493,GALAXY,17.97471,16.20152,15.38155,14.9559,14.63678,0.02061563,0.00362667,0.002893998,0.002913598,0.004944522,31.97509,True
1237654604786565228,154.776037236246,3.72369345994832,4.33295,0.1320607,GALAXY,20.32462,18.19203,17.05987,16.61293,16.22127,0.0875007,0.008497063,0.005154334,0.004856179,0.009009815,19.47277,False
1237654604787876050,157.853664076071,3.87459227277475,4.278264,0.1630021,GALAXY,20.07921,18.39928,17.3574,16.86823,16.51985,0.07908384,0.01007509,0.006482292,0.005940351,0.01199077,11.66897,False
1237654668663455984,153.620584652189,-1.23110592586137,15.16295,0.05830636,GALAXY,17.49351,16.10753,15.40956,15.02642,14.75599,0.02702913,0.004465122,0.003688478,0.003948973,0.01040127,15.51018,True
1237658297923469387,158.715923712437,5.58338982219367,5.724727,0.03104168,GALAXY,17.62053,15.79658,14.96996,14.57174,14.23002,0.01346352,0.002848798,0.002404411,0.002363207,0.003519821,18.16573,True
1237648720151183605,166.729841377251,-1.01112798254737,4.345629,0.1124882,GALAXY,20.05892,18.08942,17.12294,16.67502,16.31577,0.06650578,0.008237649,0.005667054,0.005740173,0.01293903,14.7204,False
1237648720151183582,166.713091929278,-0.998871966703799,8.205546,0.1128998,GALAXY,18.78704,16.80903,15.79539,15.31342,14.94918,0.03100791,0.004441156,0.003219704,0.003194461,0.006129103,26.09256,False
1237648720151117978,166.518863355112,-0.987719488092029,6.162724,0.09054341,GALAXY,19.31236,17.28536,16.27297,15.80224,15.39321,0.04372036,0.005590397,0.003932653,0.003895896,0.007847143,19.94517,True
1237648720151052406,166.371495783587,-1.03063530267277,3.004055,0.08633374,GALAXY,20.35885,18.45984,17.51294,17.09814,16.72392,0.06134815,0.008381669,0.005966149,0.006061313,0.0131359,13.60743,True
1237648720145613050,153.965613866489,-0.974097497777007,5.108194,0.0702217,GALAXY,18.73285,17.45038,16.85139,16.46405,16.21558,0.02628676,0.005685494,0.004855345,0.005039156,0.01242512,16.49333,True
1237648720145547522,153.898219215873,-1.00150629900931,8.192672,0.08365821,GALAXY,19.16637,17.45534,16.65019,16.24938,15.93866,0.04578438,0.006929539,0.00518468,0.005372756,0.01271475,14.13568,True
1237648720143712465,149.646438224128,-0.915968123637987,5.180018,0.06053571,GALAXY,19.56628,17.77236,16.90207,16.52229,16.21778,0.05528704,0.007669178,0.005449517,0.005651256,0.01308429,15.23812,True
1237648720143712324,149.654673480524,-0.92950537317698,9.183173,0.06139873,GALAXY,17.67831,15.62343,14.68135,14.21932,13.86801,0.01790342,0.002903483,0.002307158,0.002283274,0.003716884,38.14529,True
1237658299521892833,130.674142898252,4.56675013699807,3.548525,0.08297162,GALAXY,19.17822,17.96383,17.42587,17.05232,16.85548,0.03564782,0.006574858,0.005858571,0.005687386,0.01553779,15.39061,True
1237648720141877472,145.502457313591,-0.966611095212957,5.221302,0.1477088,GALAXY,20.21395,18.09592,16.95965,16.50877,16.13422,0.08401635,0.00872615,0.005202019,0.005156584,0.01103735,15.46553,False
1237645943978852550,56.2134218120331,0.993558562408584,4.275141,0.1802894,GALAXY,21.23897,19.02628,17.70022,17.17322,16.7606,0.191296,0.01422981,0.007430614,0.006839545,0.01440042,13.54919,False
1237654881273446654,213.989040287226,5.17610560301651,3.051741,0.08967112,GALAXY,19.33722,18.12785,17.57141,17.17416,17.02593,0.03335961,0.006988806,0.005856647,0.005965597,0.01429187,14.00476,True
1237654881273577606,214.203393900933,5.16566916652119,8.041471,0.08845814,GALAXY,18.90545,16.97539,16.08315,15.66162,15.33148,0.04278137,0.005078754,0.003645687,0.003695162,0.007196091,21.29755,True
1237654881273577643,214.236752177246,5.08252726010878,6.077707,0.0904093,GALAXY,19.48728,17.79189,16.90375,16.4026,16.04873,0.05720722,0.007197385,0.005046674,0.004939429,0.01004299,12.00866,True
1237654881273708722,214.549443995098,5.02171049112371,3.098573,0.08952827,GALAXY,19.5403,17.57417,16.62165,16.1857,15.84148,0.04856389,0.005821148,0.004020516,0.004037882,0.007395254,20.53492,True
1237654881273708782,214.611588490926,5.10338088677834,4.028682,0.1522151,GALAXY,20.14627,18.11472,17.01761,16.55267,16.22723,0.08923468,0.008652817,0.005136625,0.005103768,0.01034594,14.88933,False
1237654881273839710,214.802227440054,5.17011395974916,5.120569,0.07944195,GALAXY,19.01981,17.51084,16.74959,16.32566,16.03241,0.03699668,0.00583674,0.00448928,0.004550538,0.009722816,14.88193,True
1237654881273839763,214.836811650104,5.05956603099291,6.117956,0.0876734,GALAXY,19.4041,17.52316,16.64583,16.22266,15.92806,0.05693696,0.006559741,0.004629892,0.004704847,0.01005913,16.55954,True
1237654881273839804,214.882920712247,5.06292645401938,7.915129,0.0875879,GALAXY,18.5562,16.6089,15.61249,15.17276,14.87925,0.03590562,0.004360668,0.003072811,0.003079601,0.005832113,20.84324,True
1237655349963784405,235.408706398467,52.2051893434498,4.022902,0.1392027,GALAXY,19.10895,17.62345,16.65534,16.17704,15.79627,0.04027435,0.006111545,0.004297677,0.00431262,0.009076914,25.92949,False
1237655349963849884,235.54315446596,52.1272660406913,5.11172,0.06778106,GALAXY,19.28596,17.21776,16.33333,15.93308,15.62621,0.049916,0.00501205,0.003767582,0.003903488,0.008467451,31.45667,True
1237655349963849918,235.616785878792,52.0831706914224,4.586699,0.2081227,GALAXY,20.45675,18.59433,17.2454,16.73417,16.37426,0.1125579,0.0106517,0.005692677,0.005624391,0.01311363,23.35214,False
1237655465927508057,232.52470893725,53.7327523162543,6.450524,0.07424939,GALAXY,18.34145,16.44686,15.56614,15.16012,14.84681,0.0247976,0.003521856,0.002815595,0.002870173,0.005345343,33.84105,True
1237655742403313712,213.61430566093,5.47443713761248,3.82249,0.1609511,GALAXY,20.81876,18.8308,17.72831,17.26298,16.90295,0.1330132,0.01342423,0.007843507,0.007549549,0.01779317,10.1425,False
1237655742403313760,213.666300838349,5.34821588552459,3.560931,0.09936125,GALAXY,19.65948,18.38148,17.71362,17.29305,17.0194,0.04965312,0.009216038,0.007273495,0.007258808,0.01881796,10.82179,True
1237655742403379349,213.744254516162,5.35916816659168,6.879123,0.08885975,GALAXY,19.32764,17.53059,16.63377,16.20746,15.83586,0.05792263,0.007292194,0.005142588,0.005104525,0.01144702,13.97538,True
1237658298985415145,131.683721885732,4.14029233525348,3.538794,0.1481582,GALAXY,20.47461,18.66233,17.59497,17.12718,16.76208,0.08168451,0.01014865,0.006487771,0.006001628,0.01293042,13.71999,False
1237658299521565053,129.866299285732,4.45297035466645,5.055913,0.2354676,GALAXY,21.05178,18.91543,17.45466,16.88528,16.54448,0.1748651,0.01375655,0.006727761,0.005789685,0.01384452,11.22011,False
1237658300059812000,132.985800026645,5.13353055711208,4.005538,0.1274978,GALAXY,20.11703,18.25287,17.16809,16.71067,16.31044,0.06757386,0.008627639,0.005336702,0.005259079,0.009640481,14.64791,False
1237662263774871690,203.342720294101,9.52730413533284,17.03912,0.02378178,GALAXY,17.7101,16.35519,15.68712,15.3406,15.05082,0.02696257,0.004548977,0.003997085,0.004388016,0.0115178,16.56162,True
1237658423540645919,129.781154021941,4.26872202446038,7.089225,0.2094769,GALAXY,20.94007,18.23993,16.89314,16.35483,16.03142,0.3023477,0.01360741,0.006908399,0.006198865,0.0176871,11.96262,False
1237658423540646180,129.783732647602,4.13738396305999,3.989984,0.04756142,GALAXY,18.95866,17.82338,17.36733,17.1155,16.9265,0.03193193,0.006474347,0.006100217,0.006620303,0.02053121,15.38145,True
1237658423540646242,129.854559782606,4.14189233946112,7.526402,0.168894,GALAXY,19.61094,17.51847,16.30639,15.81129,15.43339,0.07932498,0.007125525,0.004285109,0.004008943,0.009433381,21.08501,False
1237658423540646355,129.839037374639,4.20722095520474,5.260462,0.2096282,GALAXY,20.80866,18.91018,17.60748,17.10526,16.72741,0.1679957,0.01610785,0.008231552,0.007567144,0.02099105,10.11703,False
1237658423541367015,131.502507668105,4.43082122534153,5.103449,0.07765011,GALAXY,19.12817,17.90064,17.32444,16.8925,16.69745,0.03948252,0.006987075,0.006478193,0.006331984,0.01756425,16.58395,True
1237658423541432591,131.615650908072,4.48626912537538,5.681808,0.1104294,GALAXY,19.03707,17.81262,17.24539,16.84246,16.61069,0.04464291,0.00760252,0.007172338,0.007108963,0.02067376,11.5611,False
1237658423541432640,131.674263504566,4.40804317492849,6.603179,0.1220871,GALAXY,19.17888,17.78609,17.03876,16.55435,16.24826,0.05192224,0.007697436,0.006430665,0.006025143,0.01585718,11.87098,False
1237658423549362407,149.723511343683,6.02262329356566,8.292954,0.0927857,GALAXY,18.02007,16.74338,16.12546,15.81949,15.60123,0.02305251,0.004384385,0.003820203,0.003988465,0.01004989,24.58392,True
1237658424078893480,132.984493082917,4.91282375529805,4.496045,0.07688951,GALAXY,19.87361,18.25667,17.40781,16.94784,16.65426,0.07267115,0.008580743,0.006792899,0.006332823,0.01678321,11.65073,True
1237658424078958866,133.110715358577,5.01850830925624,7.786461,0.1278149,GALAXY,18.97338,17.53215,16.73286,16.33675,16.00167,0.04673248,0.006628541,0.005397556,0.005288559,0.01363462,14.23414,False
1237658424079089864,133.364747094062,4.94961610008598,4.330933,0.1972688,GALAXY,20.7699,18.88713,17.61158,17.12951,16.79208,0.152184,0.01282759,0.007555639,0.006971111,0.01857785,10.19592,False
1237658424079089943,133.452036103476,5.04687743384047,3.27436,0.1270906,GALAXY,20.37028,18.67226,17.74384,17.34038,16.9812,0.08936487,0.00988968,0.007323883,0.007063794,0.01791762,12.02443,False
1237658424086233391,149.745877093713,6.51223177757204,4.704335,0.2304516,GALAXY,20.92849,19.11624,17.76815,17.25276,16.85754,0.1767536,0.01654497,0.00860301,0.007756106,0.01961641,13.746,False
1237658424616157245,133.780628935004,5.41279479432005,4.38974,0.1821642,GALAXY,21.00044,18.70613,17.42194,16.91157,16.56216,0.1681292,0.01377503,0.007189351,0.006827044,0.01389352,12.21217,False
1237658491183890716,130.163343345434,4.56568787839756,4.836945,0.1750935,GALAXY,20.05658,17.96979,16.74135,16.23559,15.84622,0.08083897,0.008322304,0.004868191,0.004702602,0.01011059,18.33871,False
1237658491183890737,130.185886351985,4.56458808128578,5.673857,0.1742979,GALAXY,19.5091,17.88516,16.98801,16.53197,16.22344,0.06233777,0.00907257,0.006415629,0.006463531,0.01633576,12.4068,False
1237655463240269900,220.947339056464,55.9984118225,8.193465,0.07725563,GALAXY,18.46446,16.85942,16.06159,15.63332,15.32967,0.02710164,0.004490095,0.003489098,0.003503161,0.007436322,15.88429,True
1237655463240269922,220.996556448025,55.9665218989885,8.763258,0.07592762,GALAXY,18.35061,16.31948,15.33685,14.8578,14.47311,0.02732806,0.003727765,0.002744689,0.002696375,0.004861136,24.74626,True
1237655463240269937,221.023435419929,55.9863283325878,3.931649,0.1144172,GALAXY,20.48526,18.37808,17.44527,17.04981,16.72268,0.08854549,0.009185914,0.006112929,0.006200559,0.01431768,11.68183,False
1237655463240269963,221.112893337849,55.9648707351434,4.906926,0.1505551,GALAXY,20.46866,18.34288,17.21542,16.69941,16.37581,0.1082175,0.01018204,0.005902232,0.005582663,0.01285506,12.64078,False
1237658492259336572,133.990390269509,6.06988556337338,4.614849,0.07673132,GALAXY,19.42073,17.9974,17.3009,16.91278,16.67671,0.04030826,0.007001643,0.005800537,0.00594516,0.01667629,12.92719,True
1237658492259401966,134.049686496067,6.11749944023141,3.734956,0.1515673,GALAXY,21.01306,18.83932,17.71931,17.25691,16.92259,0.1541218,0.01290662,0.007853029,0.007589902,0.02064009,10.53271,False
1237658492259402037,134.128436780007,5.95574928194515,5.037402,0.09504249,GALAXY,19.76722,17.96918,17.05669,16.64625,16.2721,0.06669564,0.008105652,0.005836552,0.005882839,0.01484536,13.19931,True
1237658492259402050,134.137502798908,6.0306431141462,5.093266,0.09317571,GALAXY,19.61426,17.63847,16.64686,16.21323,15.83248,0.05678783,0.006489839,0.004577074,0.004519113,0.0104805,18.56684,True
1237648720145481901,153.653344952056,-0.851951230532691,3.137481,0.04161749,GALAXY,19.34206,17.77271,17.06743,16.72225,16.44508,0.03210189,0.006075506,0.00493465,0.005097936,0.01118587,12.61292,True
1237648720145481899,153.650875068716,-0.887626031802133,7.819516,0.04388978,GALAXY,18.5524,16.71362,15.92019,15.54899,15.23775,0.02825211,0.004585142,0.003662576,0.003745912,0.007545087,18.652,True
1237648720145416468,153.531678344419,-0.874336322077714,4.363033,0.0471465,GALAXY,19.03944,17.23631,16.42907,16.06566,15.75864,0.03043017,0.004998912,0.003936621,0.004030395,0.00823974,16.82086,True
1237648720145416454,153.499571138522,-0.925266343480694,5.044862,0.04140621,GALAXY,18.99191,17.16595,16.30471,15.90678,15.58841,0.03189357,0.005059097,0.003848617,0.003892123,0.007958753,20.49503,True
1237648720145416447,153.495400978348,-0.95160808170345,5.489942,0.0426452,GALAXY,19.33566,17.5268,16.65009,16.26553,15.94262,0.04290889,0.006361286,0.004698244,0.00478685,0.01046967,16.53051,True
1237648720145416419,153.621714417951,-0.90540766459037,10.87045,0.09808032,GALAXY,19.77722,17.8605,16.84066,16.40484,16.03859,0.06718028,0.008857124,0.00575316,0.005694659,0.01249187,13.44028,True
1237648720145416348,153.607083126828,-0.871867626466456,15.98998,0.04812082,GALAXY,17.15345,15.10307,14.18622,13.75776,13.43596,0.01494226,0.0025042,0.002077375,0.002071069,0.00338601,34.20335,True
1237648720145416308,153.539576864111,-0.898439893700311,8.28292,0.04715846,GALAXY,18.84908,16.91217,16.00822,15.59136,15.23308,0.02908257,0.004438472,0.003391852,0.003423206,0.006417047,24.24937,True
1237648720145350975,153.476208542844,-0.916554432576915,4.529823,0.04335027,GALAXY,20.08112,18.3527,17.54881,17.16105,16.86981,0.06326861,0.009040641,0.006714523,0.006969241,0.01714417,10.35873,True
1237658298987643295,136.722879792381,4.77183855436691,4.5243,0.1250308,GALAXY,20.06804,17.83046,16.7173,16.25883,15.8722,0.06927988,0.007025114,0.004435738,0.004174556,0.008382621,18.19362,False
1237648720145350953,153.448654542534,-0.973571996771045,3.392418,0.0443475,GALAXY,19.93015,18.17168,17.35801,16.96521,16.6751,0.04529941,0.007099636,0.005344453,0.005413492,0.01207236,15.44941,True
1237648720145350937,153.438191172413,-0.877223498439447,6.359221,0.04176417,GALAXY,18.91968,17.07107,16.22097,15.82899,15.52567,0.03541837,0.005267461,0.003963829,0.004034584,0.008696997,19.46783,True
1237648720145350907,153.410048270633,-0.882002820743006,6.20181,0.0458436,GALAXY,19.27441,17.39498,16.53743,16.14068,15.82972,0.04864992,0.006636714,0.004835329,0.004922913,0.01118242,14.27285,True
1237648720145350899,153.401991785196,-0.980412514631768,4.784843,0.04785177,GALAXY,19.59702,17.63375,16.77292,16.36498,16.09855,0.05052721,0.006644309,0.004839084,0.004883855,0.01113143,16.65378,True
1237654669202751642,159.241887777804,-0.644796042051814,4.776764,0.08239438,GALAXY,19.04746,17.67665,16.89921,16.43832,16.12691,0.04709893,0.007303155,0.005688088,0.005686973,0.01311457,23.13293,True
1237654669202817103,159.373987709019,-0.677950512027739,7.858505,0.09556536,GALAXY,19.02127,16.86125,15.81309,15.33537,14.96703,0.04831571,0.004764851,0.003360565,0.00328949,0.006106602,41.76732,True
1237654669202817150,159.295038601276,-0.690179776230878,4.497765,0.07409647,GALAXY,19.54375,17.69688,16.83455,16.38814,16.07138,0.06233037,0.006670596,0.004940519,0.005004852,0.01147293,23.99576,True
1237654669202817157,159.310058785782,-0.708614990457836,6.689796,0.09397531,GALAXY,19.76628,18.00932,17.08229,16.6785,16.37534,0.08652548,0.009383583,0.006523031,0.006844639,0.01663794,19.95303,True
1237654669202817208,159.353580698961,-0.704412920874588,4.582331,0.08277651,GALAXY,19.43497,17.66355,16.7775,16.28544,15.97131,0.05862776,0.006973323,0.005114386,0.005022811,0.01099048,26.30564,True
1237654669202817275,159.430584840074,-0.654683015019284,7.237814,0.09521819,GALAXY,19.06016,17.03767,16.01797,15.52846,15.15462,0.05598059,0.005562639,0.003861098,0.003762528,0.007511618,32.84181,True
1237654669202817330,159.407530683567,-0.771146921256135,7.899851,0.09658697,GALAXY,20.46934,18.19157,17.23323,16.68258,16.27769,0.1801724,0.01145502,0.007772685,0.007460901,0.01724186,12.28664,True
1237654669202882693,159.446989782799,-0.656684383689007,3.342298,0.09636554,GALAXY,20.46185,18.54512,17.53231,17.09179,16.74775,0.1071902,0.01030021,0.006870132,0.006920979,0.0155503,20.79177,True
1237654669202882762,159.538345697386,-0.671742096052134,6.029722,0.09649751,GALAXY,19.64499,17.35843,16.3224,15.86353,15.49514,0.07450847,0.006034454,0.004156129,0.004101773,0.008192226,33.73565,True
1237654669202948211,159.591552375605,-0.8077996149877,3.654958,0.1250497,GALAXY,20.09653,18.01077,16.98716,16.58109,16.24033,0.0850713,0.007714996,0.005267409,0.005331605,0.01123147,27.9996,False
1237658423006068955,135.111471220521,4.33151445598323,4.742045,0.2086166,GALAXY,21.07018,18.80136,17.44326,16.93002,16.5684,0.1978791,0.01360935,0.006880005,0.006433286,0.01430099,11.86314,False
1237654669203013716,159.765265808426,-0.820770460124043,3.603296,0.09519388,GALAXY,20.52497,18.63557,17.70111,17.28648,16.97472,0.1098189,0.01095479,0.007752684,0.007868687,0.01829759,20.27415,True
1237654669203013744,159.815415084007,-0.654703322991526,4.097353,0.07704032,GALAXY,18.33981,16.75874,16.15408,15.77779,15.62009,0.02220622,0.004071087,0.003592778,0.00368889,0.007409091,44.75063,True
1237654669203079276,159.8893095246,-0.644479736603819,5.537235,0.0963623,GALAXY,19.24266,17.82295,17.10758,16.71798,16.42684,0.05402999,0.007807869,0.006415434,0.006704941,0.0166593,20.85113,True
1237658423542743299,134.62959524477,4.64201341065966,6.156111,0.05858013,GALAXY,18.76738,16.88297,15.99222,15.56984,15.24662,0.03275475,0.004323389,0.003363776,0.00327935,0.006655412,25.28469,True
1237658423542743332,134.67142361824,4.62606209330088,6.738187,0.05853972,GALAXY,18.27609,17.39252,17.09148,16.8139,16.73656,0.02545751,0.006070294,0.006337022,0.006735774,0.02181036,13.51262,True
1237658423542743338,134.670491146437,4.68110831941056,3.480919,0.07708459,GALAXY,19.68832,18.34322,17.67408,17.26996,17.02995,0.05047225,0.008130061,0.006722191,0.006629859,0.01835576,12.62802,True
1237654669735756040,150.448745908707,-0.385401846000436,3.56678,0.0904035,GALAXY,19.35032,17.92598,17.15758,16.69939,16.44613,0.04853179,0.007609659,0.00587153,0.005783928,0.0153703,14.81001,True
1237654669737197620,153.691230524095,-0.339343182760624,7.822575,0.03341235,GALAXY,17.10965,15.22344,14.36971,13.97378,13.64201,0.01245655,0.002451105,0.002142303,0.002156877,0.003397817,41.96741,True
1237654669737197749,153.643677011808,-0.360125170026144,4.631079,0.09506141,GALAXY,19.69564,17.61725,16.60243,16.15273,15.75984,0.06475641,0.006432726,0.004446627,0.004386908,0.009653449,19.31831,True
1237654669737197771,153.654672833772,-0.38770338530675,5.90307,0.09532314,GALAXY,19.51616,17.60988,16.59613,16.13498,15.7393,0.05815785,0.006490014,0.004481969,0.004426683,0.009785414,16.34267,True
1237654669739688130,159.393121702339,-0.220227720541572,6.365592,0.09520604,GALAXY,19.4628,18.16518,17.4457,17.04269,16.8303,0.07531596,0.01103669,0.008978791,0.009534215,0.03071778,12.59776,True
1237654669739753646,159.548969221893,-0.329725215490368,6.364533,0.1900907,GALAXY,20.32167,18.64066,17.55259,17.04861,16.70837,0.1398148,0.01473627,0.009057863,0.008978625,0.02557535,11.47335,False
1237654669740015774,160.097496292394,-0.229810322861526,6.216639,0.1131507,GALAXY,20.38593,18.60195,17.65844,17.15282,16.8238,0.1456732,0.01596101,0.01116087,0.01042378,0.0365847,11.28089,False
1237654670272823422,150.782687297764,0.0451692082030533,7.964827,0.06734681,GALAXY,17.59971,15.61741,14.7297,14.33366,14.05822,0.01937721,0.002814943,0.002376792,0.002400109,0.004445359,35.18884,True
1237654670272823491,150.836059058692,0.0103382010653352,5.93259,0.05990462,GALAXY,19.09027,17.81338,17.21082,16.86208,16.63272,0.04586067,0.007296999,0.006583156,0.007101962,0.02269343,11.1719,True
1237654670272823538,150.893368965177,0.0760116718683118,6.00907,0.06687512,GALAXY,18.89589,16.94037,15.92199,15.43285,15.04923,0.04629366,0.005023662,0.003669528,0.003550082,0.00757901,21.15041,True
1237658300060008905,133.546745277732,5.16235250113038,3.179244,0.1510198,GALAXY,19.64337,18.02707,17.18367,16.75014,16.47403,0.04197605,0.007147832,0.005135694,0.005057601,0.009943896,16.61171,False
1237658300060074173,133.558700463171,5.28207474914407,4.925322,0.1276388,GALAXY,20.20683,18.23124,17.30093,16.91036,16.60377,0.06834901,0.00835258,0.005587009,0.005692012,0.01157587,14.20827,False
1237658300060074189,133.602793787603,5.21813685857971,9.841393,0.1520982,GALAXY,19.43911,17.41259,16.24465,15.76399,15.41077,0.06735322,0.007231741,0.004208879,0.004081076,0.007876103,16.35144,False
1237658300060139733,133.788686411154,5.24064917303798,3.435758,0.1281162,GALAXY,20.38461,18.75441,17.6928,17.2041,16.80723,0.08196349,0.01115369,0.00677642,0.006582247,0.01287683,10.67091,False
1237658300060401801,134.301653922874,5.38440514856564,7.307367,0.07681455,GALAXY,18.74002,17.3533,16.5695,16.18977,15.89263,0.04319969,0.00736686,0.005445877,0.005668552,0.01222205,11.36253,True
1237658300061384990,136.579720073713,5.55111998170737,5.298815,0.1010921,GALAXY,18.85192,17.45334,16.71406,16.27788,15.98889,0.03273787,0.006333667,0.004801826,0.004835487,0.009654713,13.84354,False
1237658300596093167,131.669793071631,5.41003677962119,4.983561,0.09548265,GALAXY,20.23935,18.25577,17.13933,16.59205,16.17466,0.08017694,0.008344288,0.00526321,0.004852591,0.008991502,17.72508,True
1237658300596093198,131.687650405302,5.54331535526976,5.78434,0.07273224,GALAXY,19.21738,17.30871,16.373,15.92014,15.58557,0.04534432,0.005454751,0.003912031,0.003790115,0.007274153,20.85826,True
1237658300596158672,131.75435298707,5.42205899471792,7.268944,0.07267074,GALAXY,17.87914,16.64749,16.0302,15.63972,15.37547,0.01954385,0.004001527,0.003451382,0.003485878,0.007160592,18.26218,True
1237658300596158778,131.83782065325,5.46795173751226,3.837491,0.1252751,GALAXY,20.0465,18.27773,17.25805,16.80498,16.44967,0.06338388,0.008160239,0.005419712,0.005274105,0.01042674,16.09648,False
1237658300597403931,134.689890896589,5.85098593359695,9.689324,0.09459753,GALAXY,18.69266,17.22477,16.36241,15.89758,15.57845,0.04451063,0.006520278,0.004795002,0.004621104,0.01010229,12.04532,True
1237658300597534893,134.891877783192,5.80952209810167,5.657086,0.09432726,GALAXY,19.11389,17.09762,16.06676,15.5993,15.24865,0.04316701,0.004883287,0.003431856,0.003333067,0.006025379,21.15519,True
1237654602644455438,166.669109596726,5.6687237453142,5.517226,0.204056,GALAXY,21.00226,18.75029,17.38781,16.85903,16.54016,0.1914191,0.01401019,0.006870463,0.006209888,0.01348488,15.52803,False
1237658300598059187,136.062437591343,5.96340591239841,4.34419,0.05767309,GALAXY,19.12882,17.92192,17.44303,17.10598,16.92846,0.03852915,0.006723284,0.006068689,0.006403762,0.01593105,11.01916,True
1237658300598059204,136.098095377573,5.88373720053398,4.72418,0.1836357,GALAXY,20.84265,18.64959,17.52746,16.9981,16.63709,0.1351739,0.01043541,0.006196403,0.005819764,0.01234032,10.59254,False
1237658300598321411,136.736433107798,6.03681006885849,4.181079,0.1833208,GALAXY,20.85584,18.78452,17.52412,17.02119,16.64981,0.1317203,0.01235925,0.006420773,0.006063892,0.01270365,11.72435,False
1237658300603433126,148.374199095996,7.05404610779278,10.95857,0.03949931,GALAXY,17.3599,15.95218,15.35302,15.0104,14.77278,0.031555,0.003290752,0.002883074,0.00293929,0.005792299,19.82505,True
1237654602107519067,166.553989417439,5.22184756537175,8.164008,0.1533386,GALAXY,18.9791,17.80444,17.08237,16.68938,16.44901,0.04750777,0.008938922,0.006866477,0.007044219,0.01724913,10.31452,False
1237654602107519065,166.552913821526,5.19963759072585,4.460769,0.1529838,GALAXY,20.30983,18.42049,17.21373,16.70127,16.3259,0.09531258,0.01042189,0.005858315,0.005548916,0.01079862,18.29317,False
1237654602107453608,166.508903169438,5.2913219792751,4.079395,0.177723,GALAXY,20.90808,18.87926,17.67505,17.16527,16.81843,0.142343,0.01327611,0.007274696,0.006929209,0.01415757,15.35207,False
1237658423004627295,131.890313260531,4.07592350532001,4.195397,0.1573046,GALAXY,20.67609,18.81077,17.67891,17.19542,16.80092,0.1390864,0.01262049,0.008096394,0.007350902,0.01567939,12.51483,False
1237654602107453522,166.373727580526,5.28036162908788,3.21539,0.09122294,GALAXY,19.62126,18.02646,17.21203,16.78569,16.48594,0.03971429,0.006508353,0.004836396,0.004841097,0.009303558,25.18273,True
1237654602107388080,166.236456870477,5.25006308219733,3.932184,0.1087774,GALAXY,19.98482,17.97219,16.8878,16.39442,16.0215,0.06503376,0.007239691,0.004650751,0.00448755,0.008188072,24.79296,False
1237654602107322687,166.218517925394,5.28827999140784,4.050804,0.1525137,GALAXY,20.41714,18.59177,17.57291,17.13088,16.75938,0.09974686,0.01133074,0.007172155,0.006967826,0.01436656,13.55128,False
1237654602107322682,166.220401723812,5.17809370379896,4.059783,0.09062594,GALAXY,20.20364,18.27736,17.29465,16.90344,16.55445,0.07366467,0.008520391,0.005703625,0.005682506,0.01126809,18.14962,True
1237658423005741332,134.419755214172,4.26933280642927,5.502941,0.1271437,GALAXY,20.201,18.11065,17.10722,16.68334,16.30464,0.1098863,0.009193538,0.006224611,0.00607294,0.01316424,12.76901,False
1237654601564618905,152.83944734385,4.39213077737119,5.322071,0.1607038,GALAXY,19.74816,18.00838,16.92962,16.45799,16.14691,0.05775791,0.007739656,0.005065513,0.004802609,0.01128239,15.02703,False
1237658423541563573,131.907169519756,4.34255339936157,4.61542,0.0594114,GALAXY,19.54192,17.71458,16.84389,16.44384,16.06246,0.05434117,0.0062772,0.004875724,0.004726931,0.01052514,20.43867,True
1237658424078565450,132.229377595659,4.94963640506804,4.175797,0.07244384,GALAXY,19.95319,18.03282,17.06702,16.637,16.29833,0.08054251,0.007472551,0.005430966,0.005095186,0.01209262,18.86029,True
1237658424078565639,132.237505401934,4.87647083045063,9.914533,0.07279518,GALAXY,18.22238,16.75844,16.06986,15.66793,15.42594,0.03419463,0.004707827,0.004157385,0.004096959,0.01174662,14.95976,True
1237654601029189782,156.132184719679,3.9818504507241,5.565895,0.2100011,GALAXY,21.25081,18.80812,17.4693,16.86934,16.46069,0.2269882,0.01408005,0.007101011,0.006178679,0.01385899,11.54093,False
1237658424079155489,133.559686664011,4.91508869769275,6.245043,0.1273098,GALAXY,18.79878,16.88686,15.82513,15.38941,15.0117,0.04003379,0.004492883,0.003299411,0.003184111,0.00642433,26.52952,False
1237659119863791768,227.325412698786,46.6432179836947,4.200872,0.1702937,GALAXY,21.12254,18.88598,17.74208,17.26095,16.89587,0.2038219,0.01313783,0.008487687,0.008095536,0.02220175,10.42177,False
1237659119863857341,227.557619981106,46.5036021292906,4.065845,0.1049136,GALAXY,19.41923,17.51887,16.57274,16.14753,15.81252,0.05213936,0.005689878,0.004379799,0.00426537,0.009794882,22.41488,False
1237659120400793752,228.030481402293,46.7685478138417,3.914232,0.1127152,GALAXY,20.47951,18.63474,17.56514,17.03558,16.61304,0.1157367,0.01182143,0.007630101,0.007393732,0.01538843,12.08337,False
1237659120400793765,228.064712510875,46.7559348033821,3.00048,0.1372436,GALAXY,19.60092,18.41573,17.7654,17.3673,17.14916,0.04548753,0.008547711,0.007247699,0.00765538,0.01896088,13.72272,False
1237659120400859263,228.084933722353,46.765824235181,4.398753,0.1359464,GALAXY,20.29527,18.3673,17.31158,16.84126,16.44633,0.1064688,0.01058229,0.006859564,0.00696237,0.01483851,14.00801,False
1237659132212084848,226.9339777627,46.6784479972816,6.015787,0.1495878,GALAXY,19.79269,17.59481,16.41779,15.91596,15.52793,0.0905256,0.007192045,0.004497424,0.004147908,0.009039113,17.82584,False
1237656496178659529,339.368293772329,14.0334243419302,4.863308,0.08366989,GALAXY,20.0041,18.09586,17.06294,16.44364,16.12587,0.08221272,0.008914131,0.005755117,0.005445255,0.01164098,17.28779,True
1237659132212084925,227.077125346183,46.6632651248294,4.887655,0.09147334,GALAXY,19.07052,17.77769,17.06185,16.65854,16.40756,0.04817688,0.007830393,0.006455646,0.006268119,0.01665541,11.30503,True
1237659132212150419,227.033650002909,46.4457959767047,3.911931,0.09516367,GALAXY,20.21846,18.1521,17.13332,16.68467,16.29254,0.09020016,0.007890386,0.005490046,0.005180844,0.01133821,15.93894,True
1237659132212150460,227.250088316878,46.5732763849415,4.134902,0.1725628,GALAXY,20.65499,18.76994,17.5568,17.09126,16.70415,0.1285445,0.01172674,0.007038748,0.006491881,0.01506962,12.54772,False
1237659132212347001,227.706043083564,46.372402048066,3.669744,0.06433741,GALAXY,19.32877,17.75148,16.95249,16.5405,16.28173,0.04246577,0.006282127,0.004977034,0.004794145,0.01104634,18.84873,True
1237659133285826726,227.509285310808,47.2569756855598,4.077848,0.08737082,GALAXY,18.59368,17.61046,17.26926,16.93713,16.83274,0.02340195,0.005697246,0.005611013,0.006039405,0.01490773,13.93721,True
1237659133285826777,227.690280053406,47.2703538511586,3.429303,0.08714369,GALAXY,19.71379,18.0211,17.1674,16.70398,16.40305,0.05491443,0.007254631,0.005386369,0.005384191,0.01079767,17.87838,True
1237659133285957756,227.996310700143,47.2588705702451,5.43047,0.133841,GALAXY,19.57069,18.10815,17.14435,16.58305,16.20356,0.06168763,0.008733458,0.005758912,0.005434811,0.01107669,12.85038,False
1237659133285957758,227.905305936163,47.1414438341539,6.105562,0.10474,GALAXY,19.5281,18.04551,17.15711,16.72401,16.36887,0.0697584,0.00948516,0.006833902,0.006900987,0.01479432,10.89449,False
1237662635828641955,217.199299280479,11.8755773140215,4.559659,0.02633183,GALAXY,18.90634,17.24026,16.47347,16.11146,15.80938,0.02951241,0.004818715,0.003817142,0.003874752,0.008270401,19.78024,True
1237659133286023273,228.065503021201,47.0113276840293,4.176421,0.1817858,GALAXY,20.87905,18.91457,17.6664,17.1661,16.76676,0.1519978,0.01354043,0.007564783,0.007212714,0.01466794,10.78605,False
1237659161195970644,227.799086826832,47.498075813399,8.447466,0.07883893,GALAXY,18.35409,16.75868,15.97691,15.58936,15.31445,0.03886092,0.005897893,0.004642916,0.004945245,0.01229642,12.80154,True
1237657117873012770,127.771142389275,37.2322130741791,4.441644,0.09927008,GALAXY,19.79778,17.74629,16.73802,16.29178,15.92766,0.07518658,0.007004489,0.00490632,0.004669483,0.01005022,21.12785,True
1237657117873012962,127.777498994421,37.2777292306182,6.229273,0.1007851,GALAXY,19.19752,17.36325,16.40801,15.98596,15.63231,0.04904151,0.005912653,0.004316822,0.004148237,0.008886036,23.52012,False
1237660342864314556,149.579195772493,40.8803120390901,18.86691,0.06801123,GALAXY,17.26327,15.41695,14.56701,14.15526,13.85496,0.02068772,0.002939332,0.002569037,0.002637392,0.005065126,36.25329,True
1237657118409687347,127.109691261539,37.3151513042277,3.453523,0.05762719,GALAXY,19.60009,17.65577,16.76074,16.32863,15.97971,0.04955768,0.005649628,0.004509448,0.00434763,0.009294768,27.25773,True
1237657118409752820,127.20527884603,37.3627661164433,4.185805,0.05871013,GALAXY,19.3313,17.59916,16.70835,16.29049,15.96681,0.04303473,0.005630231,0.004509313,0.004392807,0.009663412,27.1583,True
1237662636902580285,217.717660629052,12.6127788217422,10.10199,0.02632405,GALAXY,16.55861,15.52012,15.12511,14.93623,14.71995,0.008887228,0.002642014,0.002592516,0.002797833,0.006312648,25.46577,True
1237657118409883896,127.473905598727,37.5768051784964,8.739264,0.05632622,GALAXY,17.47696,16.09474,15.39969,14.98742,14.6948,0.02950789,0.003339175,0.003053569,0.00293575,0.006555697,25.45796,True
1237657118409949323,127.517642745558,37.6498003703342,4.943461,0.09851819,GALAXY,19.26747,17.34734,16.31841,15.81419,15.39853,0.05607993,0.005699191,0.004210751,0.003917358,0.008168713,24.50985,True
1237657118409949412,127.66852442989,37.6988647602751,3.141566,0.08116286,GALAXY,19.35884,18.12628,17.5112,17.12246,16.88133,0.03971055,0.007127469,0.006426586,0.006277145,0.01703145,14.33282,True
1237657118410080478,127.896413164961,37.8986750784447,3.180309,0.09701242,GALAXY,20.07174,18.46452,17.57924,17.10728,16.76951,0.07232036,0.009084774,0.006988195,0.006465218,0.01604078,13.00392,True
1237657118410080515,127.827245010495,38.0050236414815,4.443081,0.09836709,GALAXY,19.67103,18.34569,17.6461,17.24246,17.00768,0.06288134,0.009035195,0.007857598,0.00763693,0.02308564,11.62411,True
1237657118410342744,128.459316416188,38.3345382095811,4.795298,0.1224299,GALAXY,20.47556,18.29045,17.2307,16.80515,16.42025,0.1108332,0.008626301,0.005975284,0.005760304,0.01357719,16.7295,False
1237657118946361652,126.228830479932,37.2505832295849,3.267991,0.08305141,GALAXY,20.48773,18.64495,17.727,17.31143,17.00826,0.1014922,0.01101227,0.007688691,0.007879792,0.01746363,12.25871,True
1237655742403379363,213.760513147457,5.44477042892627,4.674231,0.08649274,GALAXY,19.48641,17.40893,16.46538,16.04559,15.68416,0.05025095,0.005841882,0.004125092,0.004084324,0.008302157,20.48431,True
1237655742403379412,213.843001821674,5.45868810935533,8.640491,0.09274322,GALAXY,18.11533,16.50885,15.63347,15.19108,14.83893,0.03024255,0.004870884,0.003585704,0.00353321,0.007447421,17.75196,True
1237655742403444895,213.925182357374,5.40829516786555,7.538815,0.104049,GALAXY,18.68624,17.53253,16.96523,16.55894,16.36416,0.03383591,0.007187438,0.006159666,0.006271957,0.01731834,10.26381,False
1237655742403444915,213.948275575995,5.42590941644146,10.1378,0.08858456,GALAXY,18.77877,16.98767,16.05743,15.6513,15.30665,0.040146,0.005484986,0.003881415,0.003898146,0.008341443,19.25156,True
1237655742403510533,214.086206203312,5.37167437744979,5.684156,0.1047985,GALAXY,19.30007,17.62195,16.71219,16.28983,15.98842,0.06059362,0.008043793,0.005555891,0.005558508,0.0134469,12.90089,False
1237655742403575988,214.216582746741,5.36159004879716,3.514061,0.1050707,GALAXY,20.01618,18.14253,17.19884,16.77095,16.43751,0.06634484,0.008039443,0.005513844,0.005463983,0.01189908,15.24867,False
1237655742403707123,214.565892635472,5.44071929574642,5.650565,0.1081126,GALAXY,19.41314,17.49853,16.48409,16.05176,15.68861,0.05099408,0.006384753,0.004288382,0.004183208,0.008622668,18.89777,False
1237655742403838096,214.822653686469,5.28633376619006,3.537179,0.1792123,GALAXY,20.56833,18.58309,17.52653,17.09978,16.80922,0.1038513,0.01113326,0.006708214,0.00656487,0.01591274,12.5332,False
1237655742403838117,214.849137903844,5.32511996003858,3.753498,0.1076527,GALAXY,20.30543,18.39436,17.42575,17.01505,16.67234,0.08075669,0.009642315,0.006233974,0.006147339,0.01401406,13.11046,False
1237655742403903608,214.930272723696,5.30132155365426,4.183913,0.07968358,GALAXY,20.06428,18.35458,17.46772,17.05378,16.75452,0.07321884,0.009667785,0.006522649,0.006496045,0.01636049,11.78019,True
1237655744557351135,228.713940329154,5.93883275368181,4.668324,0.1775453,GALAXY,20.61124,18.43721,17.16426,16.64094,16.28075,0.1167194,0.01026952,0.00566673,0.005565356,0.01161807,21.3794,False
1237656242773950771,339.392156598335,14.2221857792744,7.056456,0.08442103,GALAXY,18.56496,16.99129,16.21102,15.79248,15.50772,0.03902043,0.005505561,0.004167014,0.004352859,0.009354156,17.30868,True
1237654670273020092,151.315497771321,0.0696627156122008,6.642061,0.1764415,GALAXY,19.88493,17.63048,16.37657,15.88483,15.50836,0.1034651,0.007538317,0.004509683,0.004355583,0.01043092,16.07134,False
1237657594614645013,126.954357530572,39.6018446270511,3.464577,0.1505707,GALAXY,20.7441,18.6268,17.53565,17.07433,16.71971,0.1031879,0.01084438,0.006563321,0.006321621,0.01468232,16.47295,False
1237657595151319384,126.145240270834,39.5749047434889,4.831581,0.100273,GALAXY,20.19758,18.55479,17.68427,17.17185,16.80677,0.0803284,0.01188735,0.009282867,0.007937673,0.0207008,11.01427,False
1237657595151384831,126.333632802394,39.6020497565354,10.08382,0.1000435,GALAXY,19.03122,17.10499,16.12197,15.68072,15.31059,0.04990726,0.005486488,0.004040728,0.003959685,0.009262972,23.13027,False
1237657595151384926,126.253598944099,39.7557055440613,3.79709,0.1736263,GALAXY,20.9695,18.76705,17.58675,17.10882,16.77515,0.1371264,0.01103879,0.00683334,0.006464769,0.01624512,14.72716,False
1237657595151384981,126.474704622703,39.667509731361,6.962745,0.04074626,GALAXY,18.78213,17.53715,16.9339,16.5843,16.24383,0.03679577,0.007099156,0.006035061,0.006060539,0.01635637,14.3934,True
1237654668663652501,154.153451933311,-1.23284935986937,4.389456,0.1720573,GALAXY,19.7595,18.34778,17.4584,16.91525,16.60205,0.07805129,0.01178263,0.008174524,0.007849039,0.0196651,11.88208,False
1237654668663652441,154.052469362827,-1.22717480439819,8.495695,0.06138381,GALAXY,18.03396,16.72352,16.06077,15.6786,15.42825,0.02483716,0.004882794,0.004072186,0.004243,0.009962999,23.06424,True
1237654668663587038,153.905057228405,-1.19680217425195,6.091044,0.2003275,GALAXY,21.49496,18.72811,17.32145,16.79528,16.42329,0.3254211,0.01456692,0.007028609,0.006746029,0.01578939,13.55006,False
1237657595151450507,126.428001289755,39.9056199008308,3.194013,0.06941963,GALAXY,18.47229,17.27354,16.93661,16.61427,16.51841,0.0276672,0.004960239,0.004832859,0.004874131,0.01432349,25.84861,True
1237657595151515952,126.616796644327,39.8569772691777,3.894735,0.06688046,GALAXY,19.4466,17.59161,16.76688,16.36216,16.05167,0.04546653,0.005954156,0.004628898,0.004592809,0.01073341,22.97608,True
1237657595151515972,126.517689293731,39.9626869965192,3.645437,0.1237203,GALAXY,19.32332,17.85042,17.06273,16.58683,16.2624,0.04261521,0.007052854,0.005455113,0.005213302,0.01275993,18.82685,False
1237657595151712564,127.119806061405,40.1908249925457,4.879985,0.1012268,GALAXY,20.53057,18.66157,17.74775,17.32833,16.99915,0.1173332,0.01147265,0.008257466,0.008135243,0.02341735,11.73351,False
1237657595151777977,127.153016916444,40.2285913457342,3.85638,0.1009759,GALAXY,19.94131,18.11137,17.20008,16.79787,16.47132,0.06962708,0.007676166,0.005691159,0.005630463,0.01454711,16.69227,False
1237657595151843581,127.269773285109,40.5306805992798,5.569241,0.1010744,GALAXY,19.1545,17.93005,17.36289,17.01449,16.83191,0.05210242,0.008570167,0.007888435,0.008434257,0.02792376,10.02598,False
1237657595688714563,127.036437812926,40.6919425171745,6.597081,0.125254,GALAXY,19.36336,18.0269,17.11451,16.66189,16.31279,0.05403211,0.008993673,0.006340798,0.006663603,0.01489594,11.73004,False
1237657595688779948,127.116865069046,40.8136964148584,6.819564,0.1013174,GALAXY,18.46693,17.35915,16.86882,16.5127,16.36862,0.02761892,0.006005334,0.005678703,0.006355961,0.01686898,13.93121,False
1237657595688779956,127.030936666607,40.8792456833478,7.036221,0.05656242,GALAXY,18.45664,17.27582,16.65617,16.27046,16.04232,0.03743705,0.007261204,0.006198849,0.006870539,0.01684791,13.60399,True
1237658424079220962,133.653564738791,5.00362597940792,4.265169,0.1265014,GALAXY,20.53513,18.57993,17.58275,17.13902,16.79691,0.1186612,0.01013888,0.00716611,0.006757331,0.01735831,11.33593,False
1237658424079221007,133.712414605267,4.92005942882366,7.253204,0.07693445,GALAXY,18.14664,16.85694,16.25011,15.86124,15.6387,0.02661815,0.004470846,0.004131968,0.00411258,0.01107011,15.63191,True
1237658424079614195,134.619643415516,5.12144489443553,4.27771,0.05878455,GALAXY,18.78816,16.89899,16.04148,15.63896,15.32599,0.03226821,0.004161789,0.003398949,0.003308341,0.006849818,27.42026,True
1237658424079679693,134.670861017216,5.07029325919786,5.102127,0.07031386,GALAXY,18.73209,17.62659,17.19349,16.87375,16.70772,0.0317096,0.00600576,0.005980082,0.006187389,0.01957924,12.88178,True
1237658424079679709,134.687092054731,5.05842234140156,5.425997,0.2187027,GALAXY,21.31026,18.76798,17.30374,16.76326,16.39886,0.3022992,0.01426238,0.006969496,0.006181683,0.01618723,11.00317,False
1237658424080203943,135.893981562727,5.29024712903147,4.334959,0.111152,GALAXY,18.98764,17.93919,17.47987,17.11921,16.96914,0.03530746,0.006802522,0.006680438,0.00683156,0.02171747,11.69083,False
1237654600492056737,155.550728316814,3.62535631352101,3.777797,0.09929995,GALAXY,18.92445,17.55767,16.86208,16.46673,16.21458,0.02689858,0.005352019,0.004321108,0.004254524,0.008712896,20.34463,True
1237658425154470025,137.024219340609,6.10418604815246,8.576841,0.1561787,GALAXY,19.77431,17.80006,16.64027,16.16342,15.77994,0.1050357,0.008678942,0.005291508,0.005301122,0.0114264,10.85296,False
1237658425154535586,137.203005235405,6.12123083119371,5.238059,0.09472249,GALAXY,19.41231,18.02604,17.30993,16.85668,16.58895,0.05254498,0.007377525,0.006157287,0.006124083,0.0147134,10.36896,True
1237658491721613628,132.10403902703,5.26765818841536,5.747624,0.07234987,GALAXY,18.88784,17.45716,16.69409,16.25749,15.97495,0.0358947,0.006142261,0.004830674,0.004848195,0.0113719,13.78094,True
1237658492259598550,134.579839730737,6.18522845067877,5.456492,0.06328477,GALAXY,17.96962,16.72048,16.17039,15.79914,15.58347,0.01616155,0.003769148,0.003452352,0.003498041,0.008433502,20.85234,True
1237658492259729560,134.864937202106,6.22336159255437,3.41477,0.07082063,GALAXY,20.37683,18.56493,17.66388,17.24717,16.92012,0.08244351,0.009695746,0.007006039,0.007069814,0.0182407,10.89293,True
1237651801233883399,149.559939177028,0.140354418268796,3.268044,0.09200749,GALAXY,19.81501,17.91534,17.01781,16.60832,16.32802,0.0561971,0.006919411,0.005173583,0.005105591,0.01243643,20.87258,True
1237651801233883164,149.484284137053,0.206383653536543,4.490826,0.06499501,GALAXY,18.55504,17.39685,16.72767,16.2623,16.03616,0.02927397,0.006064238,0.005142677,0.004993356,0.01323119,20.44265,True
1237651800700223719,156.836634421977,-0.242508113760123,6.191972,0.1519827,GALAXY,19.71561,18.10301,17.06317,16.57258,16.21088,0.07138463,0.009396205,0.006158131,0.005887979,0.01473617,13.86747,False
1237658492260647072,136.962241010965,6.4729454238457,6.046058,0.1813695,GALAXY,20.64667,18.33868,17.03718,16.52649,16.16255,0.1549671,0.01165021,0.00638413,0.005933268,0.01478448,12.10996,False
1237651755080810579,172.488473944548,3.30058434824072,5.251115,0.1083532,GALAXY,19.16698,17.19628,16.21913,15.81967,15.46914,0.04615533,0.005284497,0.003854823,0.004016574,0.00826472,33.39422,False
1237658492796338407,134.233242034434,6.48569473926536,4.599643,0.07600334,GALAXY,19.18871,17.73452,17.04131,16.64259,16.39076,0.0433079,0.006683175,0.005649603,0.005656991,0.01628894,13.64827,True
1237658492796534968,134.623731239441,6.45411338135006,6.721748,0.1549289,GALAXY,20.0581,18.22127,17.1102,16.59932,16.24116,0.1177468,0.01100206,0.007073072,0.006741607,0.01866465,10.16385,False
1237658492796666053,134.953925684991,6.47506571964916,6.436947,0.1879821,GALAXY,19.60711,18.14601,17.02705,16.52573,16.19223,0.07339338,0.009943573,0.006539683,0.006242659,0.01727605,11.29335,False
1237658492797387003,136.647699395519,6.68402932677076,3.744653,0.07813856,GALAXY,19.09445,17.91754,17.41616,17.03469,16.82864,0.03039563,0.006070061,0.005875797,0.005943677,0.0173238,15.23066,True
1237658492797387028,136.666615564474,6.77942397077207,3.035472,0.1100597,GALAXY,20.08682,18.41942,17.66027,17.24469,16.99265,0.06472903,0.008402021,0.006973529,0.006887599,0.019442,12.86634,False
1237658492797452500,136.759146452076,6.73020489933081,6.504375,0.07783793,GALAXY,18.28347,17.1795,16.62979,16.28509,16.07785,0.02952318,0.006161937,0.005335339,0.005602882,0.01707971,11.01796,True
1237650797286916125,130.496309209487,1.01729600949554,6.37999,0.07722788,GALAXY,18.51073,16.47286,15.51703,15.07813,14.74757,0.02759081,0.00359051,0.002804578,0.002801786,0.004993791,42.31889,True
1237660411038400660,135.944065693751,5.73676208410743,3.093068,0.1676435,GALAXY,20.90072,18.76014,17.5811,17.09994,16.74045,0.1179907,0.01110976,0.007322761,0.007452241,0.01662085,12.39173,False
1237660411038400669,135.98352451324,5.60962699964873,3.65772,0.06539073,GALAXY,19.32514,17.44268,16.53242,16.12766,15.82601,0.03572807,0.005359834,0.004292061,0.004426634,0.009033375,21.12577,True
1237660411038400691,135.99973371722,5.66961007348384,6.379091,0.1674447,GALAXY,20.83843,18.61926,17.35167,16.81063,16.44167,0.156858,0.01288859,0.007940132,0.007857637,0.01854477,10.53307,False
1237660411038400714,136.039537409116,5.64535408653152,6.420202,0.06984611,GALAXY,17.79833,16.33552,15.68228,15.29088,15.02302,0.01689311,0.003666579,0.003378185,0.003549975,0.007544446,25.49595,True
1237660411038531884,136.330490491264,5.61989081787895,3.224,0.08293684,GALAXY,19.18196,18.08841,17.66576,17.32862,17.20842,0.02921511,0.006894238,0.007283621,0.008150125,0.02438884,12.38702,True
1237650794609574093,146.607219162907,-1.24076432448351,8.666512,0.0906017,GALAXY,19.0651,17.28791,16.35845,15.93467,15.64043,0.04844191,0.00646703,0.004537965,0.004421565,0.009948304,15.80149,True
1237650794609442930,146.323514726894,-1.18085420698515,3.258952,0.08926281,GALAXY,19.57475,17.8407,17.09549,16.75382,16.52479,0.04163507,0.006347053,0.004993983,0.005076481,0.01140857,16.40035,True
1237654670272888852,150.939444340305,0.0299496182124907,4.613786,0.06605378,GALAXY,19.05579,17.00594,16.08009,15.64406,15.31329,0.04041367,0.004538673,0.00352282,0.003488406,0.007353858,25.68167,True
1237654670276231323,158.613252426509,0.0671969498141104,4.926954,0.1525967,GALAXY,21.03267,18.83825,17.61884,17.09813,16.69239,0.2094488,0.01480543,0.008277291,0.007925825,0.02122097,15.76727,False
1237654670809301140,149.894618576937,0.479420505232213,4.052525,0.09411001,GALAXY,19.24854,18.08419,17.54505,17.20628,17.00694,0.04705582,0.008901102,0.00806748,0.008977205,0.02470438,10.45258,True
1237654670809301212,149.957555697874,0.43692894549051,3.818954,0.172407,GALAXY,21.18314,18.94367,17.70768,17.24037,16.88742,0.1849248,0.01338211,0.007497176,0.007736125,0.01749498,12.83586,False
1237654670811988109,156.092479808351,0.465436245554985,6.822251,0.09727432,GALAXY,18.4759,17.39408,16.881,16.5585,16.40651,0.03314073,0.006633288,0.006133386,0.007197127,0.02131798,12.29495,True
1237654670812053639,156.242129449283,0.448974387766491,8.416363,0.09808512,GALAXY,18.65822,17.46164,16.79186,16.41529,16.17375,0.04506075,0.008094687,0.006701706,0.007494339,0.01971239,12.36439,True
1237654671348859044,156.121972945203,0.905190996968781,3.097291,0.1484534,GALAXY,21.14428,18.88692,17.75467,17.28148,16.89333,0.1889196,0.01252482,0.007705495,0.007853288,0.01822286,13.17545,False
1237654671348924581,156.206771251697,0.866613269805169,3.69043,0.09453972,GALAXY,19.81471,18.43977,17.72534,17.31765,17.04837,0.09581504,0.009405201,0.007618068,0.008215742,0.02211955,11.15386,True
1237654881266499696,198.033266878414,5.52896517823552,6.074217,0.04575304,GALAXY,18.08955,16.60124,15.767,15.27119,14.94389,0.01909612,0.003790778,0.003004006,0.002935111,0.004853306,34.58425,True
1237654881266499748,198.09696938928,5.54458858202163,4.6626,0.144851,GALAXY,20.2047,18.0114,16.85051,16.36785,16.03988,0.09089854,0.007997523,0.004823885,0.004674422,0.009077635,27.00737,False
1237655126625943757,198.484595397384,5.84347767198508,7.737674,0.04903267,GALAXY,18.26124,16.41268,15.54734,15.14595,14.83044,0.02769237,0.003814823,0.003062249,0.003128074,0.005970927,40.74667,True
1237657118410997886,129.802621055333,39.4386881119284,5.663569,0.1885038,GALAXY,20.56769,18.46395,17.17336,16.66791,16.37333,0.1532661,0.01127992,0.006567568,0.005960613,0.0162829,15.34414,False
1237654605860962515,156.370592676392,4.79956859301977,5.675954,0.08608101,GALAXY,19.02508,17.57774,16.79705,16.37729,16.09612,0.03400956,0.005678262,0.004497362,0.004323509,0.01040342,15.3102,True
1237654605860962459,156.284405567713,4.64497997048659,5.217931,0.1791217,GALAXY,19.95216,18.45625,17.40616,16.96039,16.64193,0.1277308,0.01122957,0.007151689,0.00665567,0.01704894,11.23648,False
1237657118947475602,128.512481726742,39.0698837668965,3.679679,0.1203283,GALAXY,20.0704,18.49624,17.57586,17.09862,16.7646,0.07039788,0.009640719,0.006823528,0.006743937,0.01434233,13.08947,False
1237657118947541192,128.754054466779,39.1831366875631,4.61925,0.0568845,GALAXY,19.25177,17.41347,16.4991,16.05525,15.6968,0.04677105,0.005845098,0.004367938,0.004388162,0.0083368,19.3362,True
1237657118947672323,129.113871277277,39.2630380089739,4.992014,0.1514545,GALAXY,20.32092,18.51098,17.40673,16.90475,16.51626,0.1265743,0.01293913,0.007866832,0.007767374,0.01635694,10.54304,False
1237657118947803337,129.407947538116,39.5510007306253,3.994309,0.1475431,GALAXY,19.2902,18.03237,17.29791,16.69189,16.41421,0.04093152,0.007783601,0.006136207,0.005673908,0.01216798,15.25651,False
1237657118947868878,129.601352234515,39.6139934070912,4.712944,0.0555966,GALAXY,18.53993,17.49493,17.18331,16.95184,16.81744,0.03036508,0.006638758,0.006872248,0.00795035,0.02159572,13.50436,True
1237654602639933667,156.410169895925,5.28634437486403,4.549029,0.1259347,GALAXY,19.29217,17.7678,17.19159,16.82745,16.59874,0.04814122,0.006860098,0.005838557,0.006319353,0.01426771,10.28045,False
1237660961325842563,131.377114489595,30.1577487194992,5.228431,0.1043961,GALAXY,18.91987,17.1024,16.18981,15.79813,15.46239,0.03668902,0.005016457,0.003701913,0.003656486,0.006928416,31.80637,False
1237657118946558210,126.743253646626,37.5577812160558,4.861122,0.06468052,GALAXY,19.48113,17.57024,16.63932,16.14545,15.75372,0.05731425,0.006475858,0.004746075,0.004627961,0.008644471,18.80662,True
1237657118946558236,126.698277847365,37.6266458994616,3.99535,0.0811598,GALAXY,19.45035,17.9722,17.20079,16.78223,16.50831,0.05002632,0.007059191,0.005768574,0.005805661,0.01262049,14.16279,True
1237657118946623758,126.772520124325,37.8114431111115,5.383636,0.2064267,GALAXY,21.24148,18.69921,17.22795,16.6581,16.26936,0.2559222,0.01365351,0.006620264,0.006203195,0.0128624,14.88542,False
1237657118946754741,126.961616208944,37.9407851485973,3.287739,0.08711649,GALAXY,19.57114,17.7607,16.83299,16.36853,16.02125,0.04698925,0.006212565,0.004611716,0.004605703,0.008511006,23.45342,True
1237657118946951424,127.556054903689,38.1655253173879,3.113566,0.09752459,GALAXY,19.75752,18.16664,17.30666,16.87487,16.58147,0.05257162,0.007742244,0.005783393,0.005844805,0.01207752,18.35729,True
1237661849865289889,205.101275168039,42.2684772516748,4.336747,0.2334689,GALAXY,21.39268,19.05802,17.57658,17.06579,16.72529,0.2433785,0.01665192,0.007546913,0.007127582,0.01641011,16.33776,False
1237661871336259727,205.036163991429,42.0998196551208,4.766729,0.2289447,GALAXY,21.03527,18.98255,17.68094,17.15159,16.82141,0.1794496,0.01675171,0.008363609,0.007668787,0.01769441,13.4388,False
1237661970122080336,208.635476058583,5.77463819238067,7.765745,0.07814512,GALAXY,18.76251,16.78777,15.83806,15.35583,15.02531,0.04880256,0.005353024,0.003775176,0.003558278,0.007254653,21.80052,True
1237661970122080437,208.623953644061,5.74382030327743,6.030608,0.05270248,GALAXY,18.48679,17.06667,16.34963,15.94904,15.65009,0.02918021,0.005422749,0.004401994,0.004315751,0.008957761,21.51866,True
1237661970658820226,208.259772904381,6.23145739889722,4.777266,0.1459697,GALAXY,19.30219,17.72722,16.8382,16.40344,16.1201,0.06084279,0.00791834,0.005775854,0.005519025,0.01234835,16.92211,False
1237661970659082414,208.924268780619,6.1926883255658,4.688772,0.07867982,GALAXY,19.08572,17.76138,17.0717,16.717,16.45514,0.04603452,0.007605047,0.0061597,0.006158252,0.01405383,15.98318,True
1237657400804049070,128.143738743681,37.3274751782949,4.523414,0.1335679,GALAXY,20.23586,18.62893,17.62571,17.17771,16.84105,0.0945757,0.01230875,0.007962395,0.007349547,0.01616512,13.31167,False
1237657401340723426,127.472475488916,37.2347334315863,4.872483,0.05842526,GALAXY,18.51071,17.41928,17.03358,16.71666,16.63313,0.03227928,0.006747085,0.006740828,0.006755524,0.02056186,16.8623,True
1237661971194249354,204.945426259872,6.78241862919628,7.929712,0.1335044,GALAXY,18.88265,17.60106,16.79243,16.38127,16.07076,0.04854648,0.007302357,0.005595547,0.005388279,0.01409011,14.24011,False
1237661971195756737,208.464610856369,6.495926020376,9.164207,0.05182416,GALAXY,17.66469,15.67462,14.7929,14.37767,14.06639,0.01998192,0.002840286,0.002375392,0.002325214,0.003990089,41.47985,True
1237661971195756765,208.482989189496,6.61734926021879,4.556045,0.05398052,GALAXY,18.43647,17.50237,17.19969,16.96652,16.9071,0.02574614,0.005785056,0.006162701,0.00681521,0.02100021,12.31435,True
1237661971195822203,208.605494015314,6.55209317050986,6.64279,0.07731891,GALAXY,18.89795,17.07402,16.15306,15.72948,15.40908,0.03928161,0.004932341,0.003751609,0.003613438,0.007450215,29.05596,True
1237657401877397651,126.62077890195,37.2889234565805,3.458702,0.1631591,GALAXY,20.82653,18.88984,17.73003,17.24148,16.9148,0.1479595,0.01263343,0.007726287,0.006731993,0.01740885,11.12212,False
1237657401877397743,126.598153178989,37.3252773267763,5.813796,0.1990037,GALAXY,20.6219,18.78199,17.49131,16.96567,16.66657,0.1720925,0.01508608,0.008202226,0.006972254,0.01918066,10.65965,False
1237657401877463232,126.730306924672,37.3635269272314,4.884637,0.1694155,GALAXY,20.50707,18.60582,17.37738,16.84868,16.50506,0.1281551,0.01126026,0.006643358,0.005762869,0.01414603,13.91356,False
1237661971195887735,208.705109518141,6.51839838638549,3.596447,0.07794179,GALAXY,19.55765,18.11044,17.34434,16.91619,16.61724,0.05425049,0.008005136,0.006331095,0.006044394,0.01441902,14.71762,True
1237661971195887833,208.810723750516,6.6555014841623,3.016676,0.1143209,GALAXY,20.01744,18.24109,17.2664,16.81015,16.46449,0.06468371,0.007676561,0.005486798,0.005178564,0.01097997,19.60185,False
1237661971195887852,208.822543363069,6.56201485510109,4.852589,0.08330563,GALAXY,18.77017,17.06021,16.19248,15.76909,15.45603,0.03810207,0.005113141,0.003968046,0.003806389,0.008136366,23.84213,True
1237661971195887860,208.837636538797,6.55644141444943,11.25317,0.08423034,GALAXY,18.49358,17.09893,16.41521,16.05571,15.8281,0.05458336,0.006304456,0.005324623,0.005299006,0.01502703,11.17218,True
1237661971195953351,208.900059318573,6.59366654320996,8.194967,0.05141705,GALAXY,18.33628,16.5539,15.71628,15.32712,15.0097,0.02822026,0.003956647,0.003191351,0.003118318,0.006195085,31.5009,True
1237661971196018861,209.050710366718,6.59444865412357,5.170229,0.0788639,GALAXY,19.66213,18.20655,17.57765,17.24754,17.02454,0.07072042,0.009511909,0.008046513,0.008205339,0.02352277,10.1206,True
1237661971733020806,209.349438816101,6.85891747948326,6.589982,0.06465844,GALAXY,17.88832,16.85851,16.48463,16.17008,16.09334,0.02178262,0.004541027,0.004626026,0.004676289,0.01458309,19.23204,True
1237657606425346227,127.607340927486,38.4701022165556,5.963274,0.08782798,GALAXY,19.06232,17.15673,16.20246,15.75907,15.41772,0.04284914,0.005524066,0.003844807,0.003648163,0.006834156,24.20735,True
1237657401878184215,128.305995223434,38.4507758800535,6.518078,0.1221434,GALAXY,20.18734,18.19299,17.13684,16.7237,16.30806,0.1101895,0.009516594,0.006283327,0.005918443,0.01399799,14.55449,False
1237657593541361825,128.786083209892,39.6685482994332,23.68002,0.02946876,GALAXY,17.06044,15.4809,14.66979,14.21814,13.86037,0.01354724,0.003124681,0.002642368,0.002549839,0.004229964,23.91113,True
1237657606426067197,129.149369932998,39.6945769880457,4.35807,0.02934794,GALAXY,18.40041,17.5846,17.36268,17.20608,17.08569,0.01969039,0.005667172,0.005807416,0.006440932,0.01678695,15.17925,True
1237657606426132569,129.047761582578,39.8378807296779,4.131667,0.02460712,GALAXY,17.1364,16.15653,15.65266,15.42026,15.20018,0.009691861,0.003193852,0.002902349,0.00295668,0.005159136,33.20671,True
1237657606426132612,129.188872998285,39.8350966470172,5.648673,0.02473983,GALAXY,17.81738,16.16867,15.43629,15.07178,14.81407,0.01588073,0.003308176,0.00276007,0.002719397,0.00456288,34.8291,True
1237657606426263594,129.360803449702,40.0355785805031,13.67022,0.02365401,GALAXY,16.1216,14.38493,13.54018,13.12044,12.82328,0.007634793,0.00199682,0.001782997,0.001756007,0.002345213,44.89396,True
1237657606426263766,129.390733376909,40.057678420659,5.083323,0.08919077,GALAXY,19.91657,17.98932,17.019,16.58833,16.27239,0.06504773,0.007632229,0.005107254,0.004820587,0.009795929,17.5078,True
1237657627917287550,180.226758075106,51.1746442929035,6.005864,0.1258121,GALAXY,19.46487,17.42675,16.33565,15.87618,15.5395,0.05468143,0.006041412,0.003951341,0.003861882,0.007661195,22.34149,False
1237657628436857186,129.118941331943,35.3000669321078,3.778637,0.1364772,GALAXY,20.50983,18.61376,17.56082,17.104,16.6995,0.1130239,0.0111715,0.007137381,0.006613777,0.01296134,11.61781,False
1237657628454093089,180.025774403657,51.7099513737347,5.162014,0.07064597,GALAXY,19.76209,18.0006,17.07625,16.62534,16.17268,0.07189563,0.008185077,0.005848424,0.005708438,0.01134673,14.32129,True
1237657628454158417,180.034988330168,51.6730192253918,5.414262,0.06741771,GALAXY,19.75015,17.98052,17.12115,16.68478,16.33844,0.06518674,0.007370715,0.005512038,0.005471074,0.01179376,13.25228,True
1237657628454158465,180.117997263539,51.7560604650412,5.01375,0.06666603,GALAXY,18.55299,17.09966,16.39841,16.012,15.75324,0.02876736,0.004911106,0.004078506,0.0041276,0.008616375,21.4054,True
1237657628990963819,179.960269070037,52.1211983355965,6.094851,0.08408649,GALAXY,18.46477,17.21699,16.6251,16.27722,16.07302,0.05357484,0.00574734,0.004585649,0.004770735,0.0126961,14.00217,True
1237657628991029331,180.002703016066,52.1044039013493,3.707246,0.1258715,GALAXY,20.47753,18.81581,17.74589,17.24111,16.8238,0.1012377,0.01170419,0.007535438,0.007057245,0.01594396,10.67567,False
1237657628991029388,180.143185829351,52.1623280872156,6.336814,0.07212655,GALAXY,18.58144,16.76522,15.88077,15.46894,15.14901,0.0308907,0.004161916,0.003257255,0.003203823,0.006372586,27.41473,True
1237657628992733294,186.539487591939,52.2725103845296,5.096038,0.1654771,GALAXY,19.4721,18.01182,17.10821,16.6359,16.33921,0.06283527,0.008888785,0.00644866,0.00618318,0.01566008,11.7853,False
1237657629510795457,128.913772177869,36.057432461435,3.180757,0.02737213,GALAXY,19.00317,17.26577,16.48414,16.08548,15.79827,0.03034183,0.004632134,0.003894944,0.003807379,0.007452291,25.99615,True
1237657629512827171,133.395223682622,39.0893458614758,5.458518,0.02858895,GALAXY,17.98196,16.29449,15.5607,15.18351,14.89588,0.01871181,0.003344606,0.00296693,0.002904723,0.005268165,31.83503,True
1237657629527900212,179.974156064438,52.5321972245067,6.459026,0.06256738,GALAXY,19.28609,17.58966,16.89449,16.53274,16.27429,0.05259087,0.006074585,0.005199672,0.005320195,0.01468763,13.60568,True
1237657629527900255,180.137023530452,52.4892639624366,4.049946,0.1489866,GALAXY,20.49545,18.51235,17.45508,16.98979,16.64427,0.1236406,0.01058921,0.007028777,0.006685301,0.01723163,11.26583,False
1237657629529604275,186.352933924853,52.5280989552878,6.739724,0.04341779,GALAXY,17.38133,15.5283,14.70014,14.27161,13.9629,0.01618837,0.002627305,0.002311896,0.002282504,0.00388541,35.61321,True
1237657630064771164,180.024894716363,52.8569264282785,7.255751,0.0665591,GALAXY,17.005,15.86378,15.29716,14.88341,14.7432,0.01098528,0.002951195,0.002653724,0.002687988,0.004997712,27.81766,True
1237657769627811999,128.899687824559,39.8135573553925,12.26043,0.02495264,GALAXY,16.71081,15.25924,14.55955,14.17475,13.91177,0.009601396,0.002566831,0.002251446,0.0022717,0.003795912,29.59887,True
1237657769628008660,129.436396000535,40.1677865141634,3.407922,0.1759424,GALAXY,21.16725,18.89782,17.66697,17.13828,16.77195,0.165852,0.01362471,0.00740755,0.007046891,0.01589483,12.5691,False
1237657775003402543,129.248654405906,36.0222672907032,8.006029,0.1150531,GALAXY,19.02628,17.20146,16.30268,15.88608,15.54094,0.04185626,0.005506977,0.004764627,0.004920689,0.0109695,15.27775,False
1237657775003336961,128.926823902221,36.0011075985393,4.229456,0.08218755,GALAXY,19.90845,18.18902,17.26269,16.82273,16.45512,0.05528608,0.00774337,0.00575488,0.005716269,0.01302932,14.61187,True
1237657774468759731,134.435736161843,39.0612209358063,4.924592,0.09641947,GALAXY,19.47193,17.67798,16.78433,16.29708,15.99928,0.05424653,0.007563773,0.005504001,0.005336375,0.01147012,15.33105,True
1237657774468759639,134.490388655362,38.965368558334,3.441576,0.1860766,GALAXY,21.03176,18.82636,17.55005,17.06341,16.73963,0.1191364,0.01109156,0.006514718,0.006358461,0.01363742,14.15797,False
1237657774468694255,134.378783454145,38.9217871203504,3.034935,0.08725752,GALAXY,20.11481,18.17565,17.3314,16.91953,16.61861,0.05533442,0.007235694,0.005610863,0.005688338,0.01190475,16.47043,True
1237657774468694211,134.315058737308,38.9217575033167,5.516817,0.09462875,GALAXY,18.95443,16.99792,16.01939,15.56413,15.19776,0.03413989,0.004663218,0.003480273,0.003457799,0.00636051,25.28206,True
1237657774468694181,134.336623445163,38.863580551771,7.756663,0.08825018,GALAXY,19.48635,17.52091,16.57571,16.1651,15.82837,0.04682417,0.005988603,0.00440239,0.00450088,0.009154316,19.75835,True
1237657774468497582,133.873395667396,38.6957312341907,4.637991,0.09191799,GALAXY,20.51063,18.32422,17.35637,16.92467,16.57447,0.08648154,0.008246082,0.005908729,0.005967779,0.01268352,14.95903,True
1237657774468497574,133.856259048192,38.7049875630789,10.14859,0.08584686,GALAXY,18.23511,16.8511,16.12043,15.67395,15.4021,0.02574306,0.004927155,0.004162586,0.004205171,0.009164028,17.87207,True
1237657774468432110,133.784677886156,38.5538213010728,5.588027,0.09608749,GALAXY,19.88773,17.95446,17.03097,16.63009,16.27131,0.06116344,0.007458076,0.005459378,0.005624869,0.0121553,14.9278,True
1237660412651700378,141.915061398911,7.6624746610419,4.747437,0.09379458,GALAXY,20.19764,18.27982,17.30104,16.87591,16.51957,0.08690828,0.008634999,0.00695169,0.007118435,0.01871633,14.05084,True
1237657607499415707,127.462273314366,39.5966588007005,6.434125,0.03051064,GALAXY,18.06496,17.00131,16.67798,16.49114,16.35406,0.0230509,0.004878555,0.005490231,0.005564586,0.01507802,18.66485,True
1237657608036090042,126.607558179313,39.6100934843255,9.089536,0.0406609,GALAXY,17.84123,16.36644,15.60353,15.16626,14.80984,0.02350925,0.003939455,0.003265125,0.003101398,0.006113425,27.82033,True
1237657608036090071,126.599685799092,39.6554382586064,6.359219,0.1238925,GALAXY,19.92032,18.37825,17.45576,17.00622,16.67231,0.09592048,0.01148394,0.00793007,0.007213747,0.01849246,11.90506,False
1237657608036090092,126.682746228284,39.6138240653296,4.988557,0.08606635,GALAXY,19.45653,18.03104,17.2745,16.89365,16.63927,0.05567931,0.007809392,0.006140927,0.005820067,0.01590277,14.88016,True
1237657608036286920,127.06690560846,39.8948180358742,8.039403,0.2353375,GALAXY,22.43081,19.18477,17.66464,17.12776,16.75457,0.6230926,0.01677427,0.007691505,0.006625717,0.01610323,12.57883,False
1237657608036352211,127.145777486898,40.0361950140965,3.910898,0.1003362,GALAXY,20.16153,18.42002,17.45404,17.01427,16.68242,0.08517032,0.009468095,0.006497792,0.005974259,0.01452479,15.92127,False
1237657608036417553,127.21112614649,40.198796324151,5.581181,0.101003,GALAXY,19.66185,17.62598,16.60323,16.15307,15.77359,0.06391635,0.006495276,0.004487386,0.004161545,0.008556016,25.43402,False
1237657608036483313,127.338027087321,40.3026001620988,6.972387,0.1010456,GALAXY,18.27871,17.19876,16.62877,16.25413,16.04436,0.02722632,0.005267616,0.00470599,0.004539359,0.01247798,18.21026,False
1237657608036483324,127.46508871801,40.2496925345348,3.244771,0.1238932,GALAXY,20.47682,18.74822,17.71009,17.22099,16.86994,0.1014997,0.01092156,0.007138393,0.006390995,0.01527988,14.69118,False
1237657608036483428,127.454748798417,40.3619996741238,5.102616,0.1007374,GALAXY,20.28631,18.12196,17.08143,16.63321,16.30447,0.1212594,0.008942139,0.005839624,0.00536887,0.01304544,16.72941,False
1237657608572895514,126.112540518877,39.7456264469625,5.666704,0.04069119,GALAXY,18.17706,16.3124,15.46097,15.06403,14.73899,0.0209623,0.00347754,0.002850902,0.00285217,0.004340724,35.47213,True
1237657608572895602,126.050562330315,39.8691711914486,7.056112,0.09914397,GALAXY,18.8126,17.43494,16.68616,16.30356,16.02621,0.04101292,0.006457994,0.004944576,0.005026308,0.0106944,14.29264,True
1237657608572895622,126.057874851925,39.8991379477261,3.401309,0.1225314,GALAXY,20.6167,18.81489,17.75635,17.30354,16.92305,0.1004791,0.01160463,0.007145735,0.006916245,0.01331825,14.0949,False
1237657608572895654,126.079207297896,39.9274479426107,7.467793,0.1236187,GALAXY,19.33271,17.23762,16.14996,15.6728,15.30328,0.06451602,0.006174686,0.003946808,0.003817258,0.006875995,23.16375,False
1237657608572961048,126.233419859289,39.9012447576344,4.081536,0.1243861,GALAXY,20.50425,18.6592,17.5839,17.13132,16.74187,0.1000988,0.01093085,0.006675812,0.006441579,0.01222237,14.14888,False
1237657608573026486,126.36981291602,40.0307568500245,4.142985,0.1895661,GALAXY,20.02409,18.62612,17.74188,17.27787,16.97843,0.07675046,0.01168723,0.008042593,0.007731696,0.01665255,12.29346,False
1237657608573092099,126.550372210149,40.1046108047362,6.584306,0.0396718,GALAXY,18.22248,17.0533,16.59844,16.3061,16.11292,0.02946204,0.005163868,0.004844652,0.005071701,0.01153029,16.48066,True
1237657608573288629,126.796883348346,40.4588865625606,4.079973,0.0575113,GALAXY,19.0654,17.16915,16.24415,15.8056,15.47875,0.03833003,0.005026884,0.003632146,0.003603272,0.006234079,28.32322,True
1237657608573288738,127.039797239351,40.4499622233227,3.025219,0.1558585,GALAXY,21.01244,18.78328,17.7089,17.26138,16.92916,0.1248949,0.01060844,0.006523769,0.006334385,0.01227453,17.37356,False
1237657608573354226,127.068573565489,40.4959439627332,4.101984,0.1547796,GALAXY,19.88303,18.56315,17.71162,17.27209,16.98422,0.0612739,0.01012898,0.007053931,0.00687226,0.01494623,13.45724,False
1237657608573354272,127.146096913291,40.5265516665579,4.524905,0.1013752,GALAXY,18.89412,17.87836,17.40438,17.06798,16.91948,0.03479589,0.007546119,0.006912942,0.007348067,0.01765721,13.89398,False
1237657608573354297,127.118342037102,40.5928757225808,5.078201,0.1333622,GALAXY,19.06193,17.7053,17.01263,16.56266,16.3235,0.03690127,0.006359034,0.00503843,0.004909453,0.01030772,18.43067,False
1237657628978577570,140.066135645937,42.3739815918137,5.289805,0.1746814,GALAXY,19.1326,17.74855,16.83782,16.36392,16.07729,0.04018288,0.006546466,0.004815768,0.004597642,0.01114675,15.05958,False
1237657628978643101,140.179245828237,42.450052200452,3.499288,0.1743225,GALAXY,20.81331,18.83178,17.67198,17.22312,16.88891,0.1127597,0.01117808,0.006850191,0.006648859,0.01529376,11.74404,False
1237657629515186434,139.189798811421,42.3640914129676,6.176559,0.1360123,GALAXY,19.22145,17.72003,16.94345,16.58695,16.27563,0.05436247,0.00736017,0.006001706,0.006187237,0.0165062,12.70673,False
1237657629515251880,139.193153908848,42.506772661097,4.028908,0.08659153,GALAXY,18.7346,16.81669,15.91707,15.48673,15.12084,0.02947743,0.003983261,0.003266139,0.003193933,0.006002701,30.95516,True
1237651823782199476,213.938063563245,5.25901297315035,4.540723,0.08751706,GALAXY,19.7688,17.75268,16.78013,16.32403,15.94506,0.07248795,0.006811912,0.004834879,0.004952231,0.0105991,18.57544,True
1237651823782199454,213.924581086619,5.27052970239715,9.773122,0.08959311,GALAXY,18.18912,16.2288,15.27378,14.85454,14.52693,0.03266374,0.003726447,0.002854326,0.002937568,0.005790548,26.14585,True
1237651823782199439,213.914261798761,5.22466457556812,3.147874,0.1077202,GALAXY,20.43091,18.38001,17.4883,17.09564,16.78271,0.1020928,0.008666175,0.00635885,0.006832289,0.01598381,14.21153,False
1237657629515317383,139.440649730623,42.4507262626723,4.485468,0.1551309,GALAXY,19.92984,18.04406,17.02711,16.53055,16.19258,0.09357908,0.008296686,0.005707461,0.005403196,0.01344621,14.36666,False
1237657629515448512,139.663735204881,42.733698854666,7.247829,0.0858872,GALAXY,19.21917,17.26888,16.36336,15.96829,15.66215,0.0582671,0.005887381,0.004444269,0.004426187,0.01108737,16.49697,True
1237657629515513978,139.936465533644,42.7181975926766,4.266019,0.155076,GALAXY,20.42302,18.56322,17.49487,17.01415,16.69318,0.1270509,0.01055764,0.007092784,0.00677531,0.01742027,11.20411,False
1237657629515513987,139.913168306446,42.7607655753558,3.75456,0.06304343,GALAXY,18.97606,17.1637,16.33352,15.92844,15.65165,0.03017628,0.004432005,0.003712018,0.003698503,0.007420433,27.58162,True
1237657629527638230,179.14527667198,52.4982703000154,6.833661,0.06180698,GALAXY,17.80432,16.26725,15.4735,15.05868,14.7396,0.02061709,0.003410852,0.002890814,0.002860345,0.005771944,29.60558,True
1237657629527638250,179.202866586427,52.3723817002365,7.628765,0.1102842,GALAXY,19.26415,17.46286,16.47124,16.00707,15.61642,0.06178607,0.006498396,0.00467557,0.004441378,0.01060622,16.01408,False
1237657629527703683,179.272075460299,52.4405142094262,4.515098,0.1537679,GALAXY,20.55042,18.79684,17.64935,17.21678,16.84655,0.1255878,0.01211256,0.007633483,0.00732007,0.01920748,10.32932,False
1237657629527769317,179.671837542969,52.548481195785,3.048223,0.06635363,GALAXY,19.66,17.89794,17.0648,16.68682,16.39727,0.05135106,0.006228712,0.004923754,0.004904649,0.01144745,17.66262,True
1237651754541580402,167.105429263561,2.97732192030344,16.23177,0.05497883,GALAXY,17.08357,15.54453,14.78284,14.33815,14.043,0.02511113,0.003939623,0.003180112,0.003345885,0.007480597,17.89673,True
1237651755078189138,166.542533477705,3.3207073308367,13.36769,0.03114781,GALAXY,17.22832,15.08075,14.1483,13.65925,13.30597,0.01851941,0.002487187,0.002075205,0.002088214,0.003310718,38.2976,True
1237651755078320299,166.899013499487,3.30977243702301,3.238255,0.1366326,GALAXY,20.93175,18.72018,17.57957,17.07538,16.67947,0.1678041,0.01198443,0.007106314,0.007081897,0.01611639,12.48264,False
1237651800161124518,151.787924137001,-0.732897636417697,5.991582,0.137608,GALAXY,20.4665,18.47251,17.38198,16.93854,16.55061,0.1461921,0.01308595,0.007920986,0.007400242,0.01778254,10.42074,False
1237653663647662231,148.74975813295,0.979106293467364,3.550768,0.1266301,GALAXY,20.64256,18.64984,17.65938,17.22104,16.87083,0.1018182,0.01162214,0.007334866,0.007636366,0.01911282,12.40954,False
1237654029789626523,166.804242326151,2.34516412785089,3.46263,0.1048501,GALAXY,20.54468,18.67679,17.71111,17.29789,16.95282,0.09529853,0.01092671,0.007482054,0.007810321,0.01968874,10.54881,False
1237654029789691934,166.954689208806,2.35664657052737,14.79209,0.03086852,GALAXY,16.69494,15.02534,14.25093,13.86003,13.53606,0.01143547,0.002457976,0.002164953,0.002206933,0.003921095,34.85197,True
1237654030326497289,166.758859670861,2.62653180647019,11.15318,0.03604291,GALAXY,17.4132,15.73501,14.96349,14.59278,14.31301,0.01695537,0.003000423,0.002606107,0.002662481,0.005751919,29.87533,True
1237654600491597984,154.507099989391,3.59641672051417,4.631514,0.1271065,GALAXY,20.39992,18.28047,17.22486,16.76529,16.41359,0.1080454,0.009900792,0.006216874,0.005847794,0.01230181,14.69202,False
1237654601028468953,154.473987679398,3.99720841742018,4.924875,0.1598417,GALAXY,20.12187,18.03113,16.83934,16.349,15.96548,0.07530576,0.007979666,0.004703699,0.004411564,0.00920302,21.18029,False
1237654606396719308,153.677117066103,4.95138946566769,7.974094,0.04526504,GALAXY,17.07419,16.0701,15.65694,15.37421,15.22871,0.01094869,0.003286872,0.003079776,0.003257849,0.006758919,23.23547,True
1237654668662472857,151.446339073464,-1.18059395923368,5.31775,0.03225636,GALAXY,18.22088,17.27114,16.90005,16.65673,16.48033,0.02431279,0.005970229,0.005979432,0.007607726,0.02118989,11.50011,True
1237654669737853104,155.235969369106,-0.374445004662958,4.265968,0.05350371,GALAXY,19.01946,17.78716,17.18327,16.84531,16.5856,0.0398249,0.00707354,0.006219102,0.006720521,0.01883738,13.7366,True
1237654670274920558,155.573848684464,0.0102925100182187,3.7516,0.02122095,GALAXY,18.51334,17.46715,17.0207,16.77336,16.53491,0.02295139,0.005141806,0.004951403,0.005521763,0.01570731,19.66894,True
1237657627916370077,176.94061084073,51.0842082613323,11.06163,0.05630213,GALAXY,17.30744,16.05289,15.48974,15.15733,14.92138,0.01911806,0.003607542,0.003464068,0.003264528,0.007232034,16.83346,True
1237657627916435497,177.004322702873,51.1708452989632,4.292296,0.05859168,GALAXY,19.62367,17.6941,16.92064,16.52618,16.25021,0.04731191,0.005862532,0.004561043,0.004574371,0.01008175,16.36051,True
1237657627916435503,177.039516078807,51.0601094531589,3.642748,0.05452584,GALAXY,18.75917,17.70794,17.32332,17.03079,16.92615,0.02512345,0.005899823,0.005680551,0.006034859,0.01599552,14.64373,True
1237657627916435505,177.045887158038,51.0353963861548,4.593348,0.1280638,GALAXY,19.36806,17.90194,17.11906,16.70568,16.43253,0.05425416,0.008496122,0.006299863,0.006381432,0.01537265,10.8961,False
1237657627916435531,177.095465611089,51.1208145882322,4.488956,0.1277395,GALAXY,20.08789,18.12454,17.0764,16.62875,16.26792,0.07487565,0.008336619,0.005364445,0.005266576,0.01106663,14.96169,False
1237657627916501180,177.322538702592,51.0546132629572,3.933647,0.1256479,GALAXY,20.5751,18.61379,17.58389,17.13967,16.7912,0.1077312,0.01113519,0.007046673,0.006927895,0.01549173,10.7558,False
1237657627918794857,185.70920735284,51.3591323823073,5.156291,0.0860529,GALAXY,19.15925,17.65088,16.88229,16.47805,16.23652,0.04325413,0.007010584,0.005352495,0.005361216,0.01270056,14.62214,True
1237657628453371996,177.182432178116,51.5584273595408,3.887803,0.1295499,GALAXY,20.19978,18.09475,16.98591,16.51888,16.14647,0.08423449,0.007719576,0.005065025,0.004920254,0.009522952,16.45905,False
1237657628453372021,177.217977752724,51.5521663239435,12.27668,0.1325608,GALAXY,18.80937,16.96921,15.86479,15.39777,14.92705,0.04526688,0.005256289,0.003548223,0.003467038,0.006142768,20.49858,False
1237657628453372065,177.254646699552,51.4595298194775,4.261516,0.1294274,GALAXY,20.06386,18.22478,17.2251,16.81441,16.47161,0.08643535,0.009058905,0.006180334,0.006245129,0.0132984,13.25491,False
1237657628453372068,177.247469489861,51.5202643839988,7.364056,0.1315284,GALAXY,19.55443,17.51005,16.48877,16.06463,15.71855,0.08098432,0.007186731,0.004875313,0.004907474,0.01034902,14.82619,False
1237657606425477330,127.763322100079,38.7979272999265,3.237114,0.1295168,GALAXY,20.03224,18.46048,17.57058,17.13597,16.80852,0.06393715,0.009372515,0.00646568,0.006023434,0.01262759,12.94538,False
1237657606425477415,127.828529249083,38.7848487096478,7.118739,0.2070079,GALAXY,20.28644,18.27766,16.90385,16.36235,15.9798,0.1624119,0.01445677,0.006722559,0.005845395,0.01255867,11.5032,False
1237661971733217472,209.809880250795,6.84398304980748,3.846619,0.1343902,GALAXY,20.45091,18.40616,17.32897,16.8621,16.51886,0.1126159,0.00914591,0.006121138,0.005621355,0.01312889,18.79946,False
1237661971733283012,209.959458555071,6.91570020001314,3.064593,0.1038979,GALAXY,20.59589,18.71889,17.74173,17.32649,16.96528,0.09659004,0.009804044,0.006948215,0.006516669,0.01541811,17.71061,False
1237661972267925678,204.888329615512,7.49766367377658,7.67466,0.08401597,GALAXY,18.40085,16.72132,15.92424,15.5211,15.2133,0.02947849,0.004470267,0.00358243,0.003651742,0.007028135,27.58249,True
1237661972268122340,205.29888896934,7.61379679091119,5.489407,0.1710345,GALAXY,20.72087,18.75801,17.52352,17.03379,16.69103,0.1334691,0.01316001,0.007090094,0.007017065,0.01509029,14.23824,False
1237661972268187772,205.449095868278,7.61699333011375,11.27475,0.02328372,GALAXY,16.98129,15.92777,15.46047,15.22807,15.00533,0.01421712,0.003496445,0.003323546,0.00379246,0.008536658,18.08216,True
1237661972270022909,209.759499675963,7.26529150199953,10.39595,0.1343563,GALAXY,18.79393,17.23297,16.3182,15.89342,15.58082,0.06196285,0.008219455,0.005787764,0.005858037,0.01293018,15.07863,False
1237661972270153848,209.951667741193,7.23802511874103,5.695287,0.1143986,GALAXY,19.41508,18.06168,17.3291,16.95013,16.69804,0.06732456,0.009666394,0.007063719,0.007309066,0.01739142,12.65133,False
1237661972270153890,209.977599843896,7.37599804814741,8.328842,0.1453641,GALAXY,19.50034,17.65341,16.60807,16.15675,15.82389,0.09870674,0.009994513,0.00630766,0.00626882,0.01382974,14.74494,False
1237661972804993234,205.319652339918,8.05842544888105,5.828136,0.178618,GALAXY,20.59905,18.48005,17.34958,16.85666,16.53371,0.1759462,0.01320458,0.007700357,0.007498865,0.01820762,10.75224,False
1237665023838584962,204.708556464421,32.3701673057982,10.36095,0.02545874,GALAXY,17.94851,16.8167,16.36089,16.13038,15.95287,0.02240456,0.005019053,0.004997706,0.005716883,0.01599088,11.28221,True
1237661972805124309,205.683530959607,8.00397905315584,6.306406,0.04805802,GALAXY,18.90616,17.95118,17.68109,17.47776,17.31656,0.04140435,0.007886069,0.008936116,0.01072209,0.03181521,10.08537,True
1237661972807024764,209.970578305568,7.67015876354251,6.514571,0.1337713,GALAXY,20.23287,18.21453,17.16215,16.71646,16.35403,0.13792,0.009683691,0.006260652,0.006060325,0.0132013,16.71253,False
1237661974405316763,197.913873812301,6.31968737444136,6.05711,0.04576328,GALAXY,17.98239,16.04337,15.1814,14.76438,14.47649,0.02114091,0.00326149,0.002639496,0.002627204,0.004570298,43.79967,True
1237662195606814804,205.168391673205,41.4137727446648,3.78288,0.2115813,GALAXY,20.6681,19.00343,17.71208,17.21255,16.86365,0.1183619,0.01411254,0.007389589,0.007384437,0.01587326,16.22476,False
1237665024375193727,204.082658647724,32.8751151651172,8.897229,0.02376144,GALAXY,17.79999,16.38049,15.76106,15.45362,15.20819,0.02415919,0.004283389,0.003670436,0.003866452,0.00848587,17.21812,True
1237662224054681754,149.20885902639,33.3853438416253,3.396867,0.2350522,GALAXY,20.48294,19.03841,17.73063,17.21377,16.84465,0.109499,0.01498361,0.007893654,0.006896157,0.01432588,14.79154,False
1237662236401467467,205.208341939243,8.43236524805751,4.10965,0.07884414,GALAXY,19.12861,17.20808,16.33058,15.93326,15.61129,0.03913703,0.005059904,0.0038381,0.003674625,0.006880771,24.5071,True
1237662236403368175,209.636943719144,8.17356516035521,4.657317,0.09919224,GALAXY,20.27675,18.20219,17.28118,16.87727,16.53415,0.09989311,0.008880126,0.005983948,0.005582828,0.01243647,17.41574,True
1237657629510402380,128.026179103408,35.6560823610599,5.678692,0.147316,GALAXY,19.44249,17.98294,17.29504,16.85111,16.66724,0.06554046,0.00825023,0.00681307,0.006156949,0.01819694,11.41668,False
1237662236403499148,209.905788667888,8.09985931940484,9.380248,0.1029155,GALAXY,18.76973,16.79597,15.78997,15.35592,15.01308,0.04360223,0.004951247,0.003431203,0.003244297,0.006185656,30.61942,False
1237662236403499313,209.987453663869,8.03642817756397,5.876329,0.1163476,GALAXY,20.34475,18.28811,17.22689,16.70029,16.29506,0.1597252,0.01303872,0.007795941,0.006740073,0.01476047,12.12677,False
1237662236937551995,203.412286380857,8.94663256919306,3.185411,0.09718326,GALAXY,20.28975,18.37496,17.42948,17.02532,16.68985,0.09381461,0.009225766,0.006479528,0.006072148,0.01271909,13.40456,True
1237662236938338491,205.328261851138,8.76677686642692,9.366419,0.08033116,GALAXY,18.39222,16.74787,15.95575,15.55946,15.2776,0.04911231,0.005915255,0.004656809,0.004394496,0.00975599,15.81879,True
1237662237474291866,203.266483861885,9.5029654750553,5.23382,0.02319172,GALAXY,17.78142,16.66413,16.21712,16.01466,15.82448,0.01880321,0.004005136,0.003786157,0.003928918,0.009643028,23.70179,True
1237662237474357431,203.297853961121,9.42633029336027,3.932685,0.1187666,GALAXY,18.4833,17.41261,16.87405,16.5301,16.34414,0.02436818,0.005202444,0.004703826,0.004587852,0.01151545,19.67151,False
1237662237474357471,203.362407723149,9.46663928221667,5.730018,0.118551,GALAXY,19.08553,17.97877,17.46639,17.11104,16.93265,0.04406457,0.008054859,0.007492751,0.00722103,0.02135288,11.30824,False
1237665025448739045,203.766045269931,33.7939783348782,6.214421,0.02411645,GALAXY,18.22878,16.49799,15.76439,15.39907,15.15321,0.02488984,0.003801841,0.003219049,0.003191313,0.006973425,24.10537,True
1237662237480976407,218.615930170617,8.16600567772001,3.234743,0.09952705,GALAXY,18.81218,17.70731,17.15929,16.76631,16.59716,0.02919134,0.00584044,0.005127407,0.004869465,0.01202576,20.66541,True
1237662237480976591,218.670565309647,8.2541800085291,3.375842,0.1150596,GALAXY,20.11016,18.31945,17.35226,16.92672,16.58266,0.08964425,0.009406216,0.006386082,0.005882378,0.0133915,14.94038,False
1237662237481042071,218.697011058723,8.25266047057158,7.647343,0.08656947,GALAXY,18.4388,16.7225,15.79612,15.35266,15.0228,0.03353409,0.004530827,0.003415876,0.003204061,0.006226819,27.68665,True
1237657630047207764,127.706421061835,35.7326245006326,4.382627,0.05427003,GALAXY,18.92344,17.70072,17.32823,17.14627,16.99356,0.03334221,0.006517345,0.006168667,0.007309068,0.01781649,14.80495,True
1237662237481042095,218.703570186606,8.16577067816217,22.29807,0.03295304,GALAXY,16.29769,14.83868,14.16321,13.78911,13.56157,0.01668867,0.002792157,0.002455476,0.002376813,0.004848666,20.00266,True
1237662237481042143,218.729401474859,8.30441257407481,4.278335,0.09928148,GALAXY,19.28384,17.36622,16.38678,15.9672,15.63414,0.04910858,0.005571666,0.004043165,0.003838395,0.007545367,25.12702,True
1237662237481042193,218.757904032034,8.14804748213378,6.71609,0.09898101,GALAXY,19.35953,17.44978,16.51454,16.08525,15.78337,0.08632471,0.007862279,0.005459991,0.005005035,0.01206175,14.78165,True
1237657401341837503,129.686864213092,39.0581791817594,4.128015,0.164356,GALAXY,20.06158,18.4694,17.59427,17.13574,16.85862,0.08625574,0.01091913,0.008033177,0.0073041,0.01914514,12.53172,False
1237657401878642857,129.245885804476,39.2783496538437,3.275042,0.1512623,GALAXY,20.76767,18.70988,17.56794,17.08875,16.73193,0.1352279,0.01088855,0.006866727,0.006235349,0.01538439,14.82304,False
1237657401878708384,129.46981525333,39.2894819419397,6.768021,0.1693089,GALAXY,20.22887,18.20406,16.95029,16.43955,16.06296,0.120545,0.009804687,0.005782983,0.005152063,0.01235304,17.56357,False
1237657401878708416,129.502221510733,39.3274615763505,4.396078,0.09330911,GALAXY,19.3179,18.11268,17.53924,17.14958,16.918,0.04878236,0.008154587,0.007446509,0.007164952,0.02077316,11.90728,True
1237657401878773892,129.54895110554,39.4842088316542,3.478774,0.08336932,GALAXY,19.8343,18.02446,17.09493,16.69233,16.35282,0.0672484,0.007361849,0.005473873,0.005209252,0.01220863,18.82743,True
1237657401878773909,129.549016483285,39.5122220543157,4.590014,0.1521694,GALAXY,19.30882,18.1665,17.55685,17.19615,17.03173,0.04955972,0.008419726,0.007665062,0.007566479,0.02367065,11.725,False
1237657401878839525,129.636299161445,39.5810937944034,4.066897,0.1888075,GALAXY,21.13922,19.01102,17.75123,17.26518,16.93051,0.2209897,0.01531005,0.008649067,0.007892223,0.02009722,10.86011,False
1237654601568485561,161.587838106861,4.78920895241061,3.772147,0.09988604,GALAXY,20.36478,18.45638,17.44809,17.0016,16.66864,0.1006447,0.0102546,0.006601901,0.00617571,0.01581743,13.08032,True
1237657606425870601,128.607165073096,39.4778692541443,3.049051,0.1137688,GALAXY,19.18558,18.1257,17.67215,17.33251,17.19658,0.03236706,0.007400233,0.006620705,0.006543432,0.01663651,12.99464,False
1237657606425870614,128.653435607047,39.4604227939528,3.69386,0.174495,GALAXY,21.4268,18.79828,17.57326,17.10209,16.76507,0.2336892,0.01308391,0.00696972,0.006359236,0.01353072,11.85848,False
1237657606426001462,128.910996748415,39.5570439032481,5.175206,0.09878875,GALAXY,18.08169,17.03203,16.58392,16.24168,16.07495,0.0162511,0.004429536,0.004035564,0.00397698,0.00826013,22.43843,True
1237657606426329281,129.635156897631,40.0668910357006,7.089965,0.05651452,GALAXY,19.26162,17.46151,16.43615,15.87253,15.43432,0.04902798,0.006452228,0.004233141,0.003816836,0.006812593,15.61857,True
1237657606426329374,129.564150953376,40.1736754845324,4.19302,0.1730383,GALAXY,20.81558,18.74867,17.54458,17.0478,16.67578,0.1413258,0.01316843,0.007049015,0.00633307,0.01305262,11.3321,False
1237657606426394701,129.762855333821,40.2626750091898,7.20332,0.1941434,GALAXY,19.36924,17.86993,16.85375,16.35297,15.99836,0.04868268,0.00779874,0.004966805,0.004518948,0.008919416,18.10173,False
1237657606426394830,129.726269401617,40.1860110676277,6.543183,0.1909425,GALAXY,20.43749,18.50918,17.2539,16.75683,16.39194,0.1170089,0.01227979,0.006372233,0.005744134,0.01194896,13.81896,False
1237657606426394889,129.72923832057,40.2952713359804,4.157276,0.09768202,GALAXY,19.02049,17.67299,16.96653,16.57145,16.31376,0.03281735,0.006439599,0.004961405,0.004772418,0.01007259,19.39174,True
1237657606426394988,129.800107586467,40.1831964045658,4.641837,0.1957822,GALAXY,20.86275,18.72821,17.43834,16.93266,16.56317,0.1593371,0.01370933,0.006880352,0.00617516,0.01296239,12.35031,False
1237657627916566647,177.647699427032,51.1430842178454,6.514476,0.1281698,GALAXY,19.3698,17.5475,16.53136,16.10187,15.76666,0.05082149,0.006550952,0.004399372,0.004367956,0.009117828,17.80813,False
1237657627916632157,177.729323821404,51.1853775334623,4.888217,0.0782869,GALAXY,19.1153,17.43913,16.6529,16.2447,15.94304,0.04365576,0.006378659,0.004887316,0.004882005,0.01091591,15.04866,True
1237657627916632165,177.766556374105,51.1750009463527,3.419881,0.1295908,GALAXY,20.40279,18.61327,17.6314,17.21134,16.86253,0.08208738,0.01010263,0.006677516,0.006627769,0.01455527,12.49199,False
1237657627917484197,180.927932176539,51.2405609322527,3.515293,0.1267701,GALAXY,20.53416,18.40246,17.35154,16.92255,16.56071,0.09381002,0.008917832,0.005741611,0.005638433,0.01182672,15.8172,False
1237657627917549758,181.059306069494,51.2609448078237,5.090759,0.1712179,GALAXY,20.16601,18.24516,17.05683,16.58887,16.25746,0.08777267,0.009368629,0.005488062,0.005331071,0.01160521,14.77461,False
1237657627917549790,181.157380483097,51.2136200658396,3.523499,0.1094447,GALAXY,19.48087,18.25469,17.61477,17.23207,16.9798,0.04280265,0.008272246,0.006846352,0.007022834,0.01692615,12.84105,False
1237657627917549821,181.263226311035,51.2930093422752,3.681838,0.124033,GALAXY,20.36708,18.4908,17.55973,17.17919,16.8347,0.08733562,0.009743482,0.00667637,0.006787691,0.01518978,12.95061,False
1237657627917615285,181.274562327733,51.3098409538875,7.130953,0.08550516,GALAXY,18.66661,16.68985,15.75049,15.3312,15.01788,0.0317579,0.004205641,0.003157695,0.003134983,0.005867068,26.56686,True
1237657627917615339,181.28971030193,51.2099877262464,5.757206,0.08709027,GALAXY,19.15569,17.53899,16.69692,16.27317,15.96978,0.04994756,0.00706679,0.005176466,0.005159639,0.01171615,14.04246,True
1237657627917615364,181.286600392063,51.3342466439111,5.575247,0.1243861,GALAXY,19.6694,17.66141,16.63238,16.20156,15.85786,0.06274596,0.006827916,0.004552707,0.004494095,0.009324816,18.62851,False
1237657627917615389,181.33340798713,51.3433844356868,4.697465,0.09438341,GALAXY,19.1084,17.82235,17.12154,16.73962,16.48089,0.03326283,0.006409051,0.005147603,0.005251445,0.01234971,15.71244,True
1237657628439085268,134.12587164522,38.4716667556476,4.910787,0.07356932,GALAXY,18.99801,17.83857,17.39572,17.05528,16.93497,0.03504921,0.006996976,0.006722205,0.006950543,0.01773692,11.73995,True
1237657628439150847,134.237407241979,38.6532004715832,3.328286,0.1331968,GALAXY,19.90709,18.46065,17.68055,17.25002,16.97586,0.0577656,0.009055122,0.006893191,0.006609485,0.0139965,13.24922,False
1237657628439216142,134.251800459125,38.7033999947775,4.082766,0.09482439,GALAXY,19.28251,18.20929,17.75978,17.35242,17.47542,0.04347724,0.008620293,0.00805603,0.007979503,0.0280528,10.38923,True
1237657628439347518,134.649756239204,38.8527076031207,5.925355,0.1311563,GALAXY,19.82705,17.68362,16.6003,16.14734,15.7872,0.07744396,0.007033439,0.004568951,0.004382649,0.008467639,16.60784,False
1237657628439478480,135.008801542064,38.9911193982906,6.694042,0.0596854,GALAXY,18.70314,17.48969,17.03464,16.74637,16.56853,0.0349417,0.006562802,0.006151079,0.006885577,0.01858403,10.38549,True
1237657628453372175,177.36257131095,51.6068568211641,3.103729,0.1314167,GALAXY,20.35652,18.32563,17.28831,16.85116,16.50298,0.08538244,0.00833173,0.005614835,0.005569211,0.0111328,14.75247,False
1237657628453372185,177.367621206019,51.5646602119766,4.798486,0.1325725,GALAXY,20.09292,17.98914,16.89089,16.44312,16.06191,0.08896866,0.00771784,0.005067838,0.004969361,0.009763052,15.52908,False
1237657628453372197,177.388665548714,51.4520402805411,3.577676,0.1349034,GALAXY,20.63174,18.56878,17.48409,17.03877,16.67398,0.1073625,0.00908683,0.005911334,0.005837379,0.0121018,14.45494,False
1237657628453437517,177.592517110351,51.4714581188347,6.877088,0.08355793,GALAXY,19.55353,17.78095,16.92246,16.53508,16.20598,0.06232792,0.007150201,0.005375779,0.005465513,0.01163981,15.96713,True
1237654669200326841,153.642808163615,-0.836987607016603,5.729627,0.04470693,GALAXY,18.37079,16.41744,15.54287,15.10674,14.76764,0.02700363,0.003698442,0.002971587,0.002967073,0.0051669,36.43359,True
1237654669200326940,153.725617382003,-0.794525735434848,8.08764,0.04809754,GALAXY,19.07006,17.06262,16.19116,15.77496,15.44757,0.05259818,0.005415927,0.004064925,0.004132722,0.008726395,18.21455,True
1237655177079095715,129.400812569981,-1.39012526337007,3.566244,0.05090437,GALAXY,19.06807,17.22752,16.36758,15.94466,15.64382,0.03552195,0.004719171,0.003769305,0.003581125,0.007392494,26.17648,True
1237655502958297253,251.760552780339,40.1439182587064,22.70489,0.03019869,GALAXY,17.04325,15.5432,14.84401,14.47033,14.17836,0.01478431,0.003140267,0.00268195,0.002750403,0.005505316,24.64498,True
1237657595148435694,120.662608861764,34.7764682382951,17.05053,0.03211583,GALAXY,16.19426,14.56927,13.73915,13.33794,12.99041,0.01084633,0.002241127,0.001989442,0.001975912,0.003342736,37.24516,True
1237657606426132672,129.203000319862,39.6763834326041,5.899177,0.05651709,GALAXY,18.51303,16.6429,15.76585,15.34147,15.0121,0.02517608,0.003977923,0.003049609,0.002931666,0.004998136,30.41054,True
1237657627917221959,179.843086361653,51.3025177652741,3.505231,0.02966616,GALAXY,19.95831,18.37688,17.60656,17.27294,16.99536,0.06049637,0.008876637,0.006737514,0.007093552,0.01643259,13.51556,True
1237657627917615396,181.364068778717,51.2768796357267,7.859352,0.09164413,GALAXY,17.71675,16.47496,15.86268,15.48707,15.29876,0.01620492,0.003727119,0.003219386,0.003271761,0.007162926,22.21495,True
1237657627917680781,181.602089812964,51.3543053808119,5.154194,0.08587752,GALAXY,19.68622,17.98588,17.08989,16.61341,16.27316,0.05187494,0.007096093,0.00507531,0.004882813,0.01050724,14.03554,True
1237657627917811877,182.066421679344,51.3904687026192,5.056279,0.03312341,GALAXY,18.82023,17.39589,16.7415,16.38002,16.12281,0.03365536,0.005973178,0.004899446,0.005028653,0.01154486,14.67558,True
1237657628454027353,179.632574893348,51.5555796475315,7.780641,0.1308811,GALAXY,20.27667,18.29581,17.28679,16.86728,16.48227,0.09090546,0.008721478,0.00593162,0.005874841,0.01188208,16.00287,False
1237657628454027363,179.63066125537,51.5846829821583,3.475889,0.1102043,GALAXY,19.80815,18.06474,17.11646,16.70142,16.32711,0.05759418,0.007265083,0.005192089,0.005115199,0.009994813,19.05555,False
1237657628990767203,179.023500441518,52.1056417849998,3.589213,0.08474118,GALAXY,19.97437,18.09021,17.13944,16.69455,16.37393,0.06394439,0.007255531,0.005239433,0.005037587,0.01121103,17.20336,True
1237657628994568257,193.237600545408,51.8268470196637,4.029668,0.0276235,GALAXY,18.79939,17.8167,17.55184,17.41393,17.27039,0.02894787,0.006388212,0.006887737,0.008182016,0.02543312,11.33871,True
1237657629529407638,185.76067251276,52.6285141184377,6.643986,0.08743425,GALAXY,18.93018,17.36941,16.56878,16.17935,15.87258,0.04334246,0.005472437,0.0044589,0.004464276,0.0115783,15.50215,True
1237657630603411559,186.663796205174,53.3502129126222,5.8544,0.1347835,GALAXY,19.64851,18.10111,17.12219,16.69997,16.36233,0.06657597,0.008348674,0.005783378,0.005904554,0.01285063,14.05642,False
1237657630603477026,186.918472095275,53.4924517406067,7.63991,0.03049336,GALAXY,16.26894,15.19205,14.7344,14.46206,14.26361,0.007650679,0.002403697,0.002319294,0.002412737,0.004163045,31.75086,True
1237657769628008642,129.42002026228,40.152516113523,5.225969,0.1758568,GALAXY,20.31301,18.48083,17.2797,16.72747,16.31225,0.1021848,0.0118883,0.006575784,0.006205289,0.01359267,12.44667,False
1237657769628008654,129.379780585538,40.1890360567269,3.800739,0.09316834,GALAXY,19.32347,17.39031,16.49918,16.10636,15.77514,0.03686873,0.005292424,0.003934344,0.003965358,0.007741891,23.46502,True
1237657855536201833,180.145660107532,51.4960601154285,5.710125,0.1184704,GALAXY,19.91785,17.92705,16.87838,16.45085,16.06536,0.06820271,0.00774868,0.00500134,0.005127452,0.01127165,17.36639,False
1237657855536529609,181.339280138082,51.5558301131824,6.124227,0.08372495,GALAXY,18.91645,17.68809,17.05394,16.71833,16.48575,0.03620105,0.006833881,0.005817001,0.006526419,0.01794291,11.07502,True
1237657855536660540,181.781906312399,51.5810076522248,4.579983,0.08958168,GALAXY,19.35353,17.33214,16.37136,15.96091,15.64384,0.03975854,0.005253017,0.003795455,0.003844831,0.007885935,21.34951,True
1237657856072548509,178.297007635205,51.8714526583389,4.113305,0.06602294,GALAXY,20.14386,18.27728,17.4779,17.06005,16.7861,0.08838453,0.0102602,0.007801145,0.008060084,0.01914261,12.14129,True
1237657856609615968,178.857423894216,52.1654867859091,3.706077,0.08460696,GALAXY,19.55508,18.32793,17.63951,17.20953,16.9387,0.04561373,0.008269746,0.006920337,0.007393206,0.01944799,11.44838,True
1237657856609943672,180.032094926893,52.2900696867363,4.062644,0.07184354,GALAXY,18.50316,17.47889,17.00851,16.64781,16.44796,0.02412397,0.005719466,0.005490682,0.005770833,0.01607558,13.79576,True
1237657857148452953,186.184276678377,52.7862567225349,8.047846,0.1232259,GALAXY,19.03406,17.4843,16.58026,16.10547,15.80562,0.04854014,0.006774297,0.005151512,0.005149575,0.03589138,13.28799,False
1237657857685389462,186.617372612197,53.2986410215911,4.29613,0.1346158,GALAXY,20.00296,17.98115,16.90536,16.46981,16.12155,0.06472696,0.007353603,0.004769624,0.005054701,0.01033422,17.85858,False
1237657857685454993,186.783271751417,53.2757132450685,5.090509,0.0637859,GALAXY,19.06032,17.66064,17.02802,16.66901,16.40922,0.03622267,0.006473133,0.005442867,0.006229582,0.0155234,12.37944,True
1237657858222325888,186.689783329355,53.5540889991027,6.563928,0.04631393,GALAXY,18.70272,17.53884,17.15688,16.86995,16.69173,0.03085264,0.006086549,0.006169391,0.007395006,0.02104009,11.29112,True
1237657874331402444,146.858464706479,43.3329432556073,5.569047,0.2358896,GALAXY,20.99876,19.0421,17.66005,17.17658,16.83148,0.1973902,0.01668224,0.008114864,0.00755661,0.02050645,13.3048,False
1237657858222391469,186.932575277708,53.5985340459578,3.690488,0.162902,GALAXY,20.87608,18.87025,17.7175,17.25902,16.84927,0.1355863,0.01200803,0.007116931,0.007495149,0.0172135,11.33627,False
1237657858222391463,186.921028008352,53.5798258076028,5.753398,0.1630195,GALAXY,19.86217,18.0303,16.92924,16.44769,16.1101,0.07756038,0.008273863,0.005264151,0.00543872,0.01263183,15.17685,False
1237657857685389453,186.604874022335,53.276616408048,3.544096,0.1722248,GALAXY,20.69928,18.90931,17.71901,17.26856,16.95685,0.1045641,0.01281621,0.007246425,0.007712059,0.01796777,11.69,False
1237657856609812566,179.49938903268,52.2597694151098,5.268465,0.08776144,GALAXY,18.52184,17.50625,17.10806,16.79177,16.65468,0.02705793,0.006480828,0.006102462,0.00703019,0.02260684,10.69239,True
1237657856609484965,178.466864985448,52.2197419716061,3.685707,0.07962189,GALAXY,20.08632,18.39512,17.54806,17.15247,16.92195,0.06337098,0.008824179,0.006822107,0.00698427,0.01894585,12.07294,True
1237657856609419407,178.11342723484,52.2971904694817,5.230426,0.06568799,GALAXY,18.95537,17.02678,16.08985,15.63661,15.30663,0.03334488,0.004612929,0.00357635,0.003529116,0.007143829,23.35203,True
1237657856609419373,178.015524463265,52.2232281109031,4.745827,0.05721958,GALAXY,18.696,17.63183,17.23061,16.94849,16.90229,0.03059219,0.006335767,0.006949194,0.00718115,0.02909632,11.71392,True
1237657856073662589,182.240055181015,52.0420839236797,5.085301,0.06144112,GALAXY,19.14312,17.1701,16.27402,15.86744,15.54363,0.0403354,0.00501482,0.003853373,0.003928015,0.007964679,22.64419,True
1237657775005630656,134.251864438679,39.3334183895547,5.574153,0.02376215,GALAXY,17.30028,15.53265,14.77161,14.4045,14.13108,0.01134131,0.002599418,0.002330253,0.002404626,0.003856533,39.7716,True
1237657774468366566,133.557759783218,38.5503604602322,3.561761,0.1256092,GALAXY,18.4746,17.62021,17.25679,16.90705,16.87901,0.01884053,0.00528431,0.005278043,0.005592532,0.01551148,17.89935,False
1237657774466466001,129.314650605643,35.6984992368549,5.086592,0.1641275,GALAXY,20.67564,18.53646,17.3534,16.86823,16.52954,0.120616,0.01081764,0.006562571,0.006460933,0.01441939,12.59486,False
1237657774466269482,128.967439698206,35.4461363229598,6.27375,0.07901716,GALAXY,18.81813,16.76941,15.80894,15.36697,15.03925,0.02968551,0.004125868,0.003188664,0.003193521,0.005735966,29.76459,True
1237657774466269468,128.932545044192,35.444536272087,3.757313,0.0789234,GALAXY,19.49186,17.5072,16.56557,16.14298,15.81507,0.03949778,0.00541072,0.00411542,0.004124414,0.00782541,23.14165,True
1237657774466269391,128.928080244319,35.3502211306343,11.91138,0.06405959,GALAXY,18.06236,16.27259,15.44567,15.03096,14.73349,0.02763418,0.004061416,0.003310872,0.003419923,0.007136506,22.52495,True
1237657773931430087,133.707032678702,37.9899035014056,8.694092,0.08772513,GALAXY,18.67194,17.07773,16.30004,15.872,15.56857,0.03179292,0.005298705,0.004191315,0.004386938,0.01053392,13.98742,True
1237657769628008722,129.424325329373,40.1307806071219,5.539161,0.1762038,GALAXY,20.22737,18.36688,17.17433,16.67742,16.32749,0.1121842,0.01258624,0.006912319,0.006771851,0.01614823,11.02724,False
1237657769628008638,129.399612385065,40.1521538648386,5.504561,0.09012276,GALAXY,19.57016,17.80352,16.85668,16.43297,16.09659,0.05185433,0.007284183,0.004970551,0.005038055,0.01112301,18.0095,True
1237657769627812173,128.979541834866,39.9065250346108,3.999689,0.05446517,GALAXY,19.42596,17.47665,16.60948,16.19426,15.86543,0.03951164,0.005426202,0.00407053,0.00407865,0.007960674,22.84472,True
1237657855536267332,180.355736050813,51.52179883025,3.70954,0.06339796,GALAXY,19.59426,17.97045,17.1684,16.7843,16.50211,0.03963132,0.006437278,0.004908103,0.005159006,0.0121128,18.13194,True
1237657855536267365,180.511108183205,51.5334109436313,3.942472,0.1179703,GALAXY,19.65911,18.36685,17.62517,17.2359,16.91954,0.04784762,0.008982036,0.006962095,0.007598785,0.0193472,10.98415,False
1237657630601773181,180.43956596278,53.4106109054521,3.170574,0.06320711,GALAXY,19.71414,18.30154,17.55286,17.13467,16.87425,0.04989741,0.007544339,0.006044328,0.006065943,0.01397885,15.06181,True
1237657630064967752,180.694066598928,53.0378934229478,6.406927,0.06243655,GALAXY,18.59546,17.32973,16.74337,16.38386,16.18288,0.03241618,0.005870059,0.005653189,0.006838999,0.01633337,12.43912,True
1237657630064836760,180.184383269789,52.9157778487827,4.151716,0.06212455,GALAXY,18.83415,17.68426,17.19932,16.86122,16.67442,0.02956157,0.006121987,0.005417878,0.005961576,0.01419852,15.46933,True
1237657630064771147,179.950350953905,52.9792435866439,4.470275,0.06642503,GALAXY,18.97267,17.87584,17.33694,16.95239,16.78125,0.03768102,0.00695661,0.007036367,0.006561113,0.01560557,12.25488,True
1237657630064705658,179.708440994333,53.0106073294754,4.118279,0.06162415,GALAXY,19.56508,17.56574,16.69697,16.28573,15.97532,0.04938726,0.005768807,0.004287966,0.004442648,0.008437328,21.75355,True
1237657856074580076,185.75696527013,51.9692931010342,4.094958,0.0482369,GALAXY,18.48148,16.68694,15.91595,15.58088,15.29607,0.019645,0.003638984,0.003119715,0.00324299,0.005674922,31.74978,True
1237657630064705618,179.643789317475,52.9672019342266,3.691809,0.1732055,GALAXY,20.66515,18.7491,17.57335,17.07712,16.76824,0.1307942,0.01232779,0.007193729,0.007228732,0.01555887,11.09658,False
1237657856074711181,186.293585395866,51.9173849184167,3.301448,0.04211951,GALAXY,18.99682,17.97403,17.60049,17.37244,17.24726,0.02705557,0.006488267,0.006473477,0.007569031,0.02182614,13.66377,True
1237657630064640117,179.608411630526,53.01129642253,4.680141,0.06158137,GALAXY,20.02845,18.29831,17.48017,17.1147,16.80105,0.07944757,0.009197442,0.006802536,0.007409884,0.01603626,12.68158,True
1237657630064640078,179.527017183098,52.9201228009177,6.661102,0.09088824,GALAXY,18.87516,17.31915,16.46559,16.05756,15.75984,0.03909755,0.005593787,0.004207073,0.004407298,0.009410797,15.24294,True
1237657856609943641,179.975877134468,52.2904117952242,6.619028,0.07207241,GALAXY,18.74129,16.79775,15.84999,15.41666,15.05126,0.03097977,0.004197104,0.003290063,0.003282256,0.006488498,26.2669,True
1237657856609943650,179.974156921209,52.3243128665209,4.317189,0.0516917,GALAXY,18.72585,17.57816,17.02375,16.71748,16.5066,0.02557649,0.005563389,0.005221024,0.00553449,0.01547342,15.10938,True
1237657856609943686,180.103400668468,52.3378651228292,7.659591,0.09344903,GALAXY,17.46338,16.3766,15.75089,15.38008,15.14045,0.01561591,0.003752598,0.003379396,0.003480954,0.008296971,23.55113,True
1237657856609943699,180.131977360368,52.3305242404527,7.119534,0.09315471,GALAXY,18.08353,16.87779,16.25587,15.91107,15.67955,0.02006014,0.004263435,0.003842287,0.004067888,0.01072387,17.31098,True
1237657629529473131,185.907992577243,52.5114754012106,3.993445,0.0836838,GALAXY,19.31288,18.00919,17.4592,17.10926,16.87239,0.05492517,0.007006519,0.006423106,0.006578362,0.01903771,12.02394,True
1237657629527965794,180.295731532529,52.5833523291458,4.930009,0.0727373,GALAXY,18.24414,17.05343,16.5578,16.18253,16.02859,0.02117994,0.004313758,0.004082204,0.004055106,0.01070942,19.23745,True
1237657629527965784,180.269998293683,52.5889364199838,3.541231,0.07317965,GALAXY,19.01849,17.46305,16.7734,16.43053,16.16935,0.02990744,0.004810976,0.004167635,0.004162218,0.009495601,24.17862,True
1237657856611581976,186.278375091073,52.442149252075,8.88042,0.04340237,GALAXY,17.44126,15.98401,15.18624,14.72472,14.34873,0.015191,0.003224895,0.002721888,0.002713215,0.005007131,28.9936,True
1237657629527834727,179.790560150045,52.5753389101706,4.244703,0.1536723,GALAXY,20.78835,18.47827,17.30925,16.82022,16.41205,0.1478528,0.009669761,0.006079831,0.00572967,0.01334494,14.5376,False
1237657629527769285,179.620295487526,52.5702442990958,7.12401,0.06644948,GALAXY,18.42878,16.53056,15.63065,15.21092,14.8656,0.02836423,0.003640769,0.002975397,0.002922034,0.005644797,30.93856,True
1237657857146814519,180.115997147268,52.695288370466,3.2418,0.06196059,GALAXY,18.78339,16.90954,16.0168,15.59966,15.24344,0.02634414,0.003980001,0.003324016,0.003229869,0.006162093,32.80491,True
1237650794609246465,145.890597628086,-1.097599595183,7.861981,0.06248942,GALAXY,17.95712,16.70677,16.19388,15.85508,15.64906,0.01811656,0.004143431,0.003789434,0.003880633,0.00927997,16.57817,True
1237660411038597293,136.397168385716,5.74783352310548,5.454268,0.1061009,GALAXY,19.01096,17.67368,16.88785,16.46441,16.16465,0.03731755,0.007145468,0.006123272,0.006460784,0.01592756,13.67379,False
1237648722294603919,157.39456479311,0.805325304009184,6.380902,0.05115105,GALAXY,18.59346,17.10492,16.32561,15.92187,15.62621,0.05194448,0.005019467,0.004020975,0.004208078,0.008548032,18.50998,True
1237648722294603908,157.389769545581,0.664233285814713,3.316232,0.09667995,GALAXY,19.53235,17.74739,16.76812,16.32729,15.9744,0.03584813,0.005814004,0.004315389,0.00436879,0.007832772,20.32654,True
1237660412110307519,131.628689878048,5.87897853718891,4.818358,0.1442815,GALAXY,20.21935,18.47578,17.52312,17.06205,16.71834,0.08781952,0.01012066,0.007973976,0.008204523,0.02174564,12.37339,False
1237660412111356234,134.065693969948,6.209598371339,5.796953,0.05642735,GALAXY,19.2665,17.47366,16.54492,16.00491,15.58437,0.05429261,0.005723208,0.00467599,0.004571457,0.01006456,16.4075,True
1237662246595723495,209.421489428889,7.21318463094118,5.253735,0.1444559,GALAXY,19.81619,17.98953,16.90489,16.45937,16.12646,0.08140282,0.008134325,0.00547602,0.005175645,0.01298451,20.10481,False
1237662246595788900,209.494888801257,7.16172915467591,22.89592,0.02349069,GALAXY,16.85126,15.45461,14.74158,14.32662,13.97951,0.01766897,0.003324123,0.003036777,0.002949158,0.005918771,22.79067,True
1237662246595788939,209.536801420973,7.15588362609545,7.749524,0.02416153,GALAXY,18.69047,16.52773,15.6082,15.15257,14.84907,0.05149354,0.004358848,0.003384392,0.003223272,0.007364216,28.1683,True
1237662246595788998,209.583962626909,7.22508732883557,24.05758,0.02455589,GALAXY,16.07748,14.77649,14.13145,13.7796,13.46754,0.01376748,0.002628269,0.00243807,0.002466121,0.005469714,24.53278,True
1237662247131021411,205.828704751054,7.67199384814958,3.927544,0.02346894,GALAXY,17.44209,16.46247,16.08357,15.88736,15.74994,0.01262648,0.003678834,0.003507196,0.003890217,0.008054335,35.74435,True
1237660412111552794,134.601730316298,6.20964914157827,6.476495,0.06321806,GALAXY,18.35602,17.03913,16.45088,16.08918,15.83253,0.03453565,0.005414173,0.004846185,0.006818113,0.01536436,12.87245,True
1237660412112470181,136.555285313639,6.64055756340354,5.057219,0.06308849,GALAXY,19.72852,17.95332,17.02935,16.52062,16.14142,0.05516925,0.00690423,0.005616677,0.00552507,0.01323911,14.3394,True
1237660412112470297,136.667310225619,6.56240059739636,8.955832,0.06990098,GALAXY,17.37976,15.99524,15.30621,14.90236,14.6122,0.01938619,0.00369478,0.003468637,0.003646852,0.009014401,20.58663,True
1237660412112470311,136.681785723881,6.54957026432138,6.180706,0.06963494,GALAXY,18.36735,17.18272,16.64655,16.3063,16.08017,0.02702008,0.005293948,0.005541916,0.006252174,0.01965775,12.7989,True
1237648721754390765,149.868966506937,0.393162464128129,4.607404,0.2027204,GALAXY,19.27866,18.27443,17.56902,17.17205,16.9123,0.04664202,0.009219933,0.007408597,0.007688087,0.02311829,11.10782,False
1237648721754390708,149.809375519055,0.302320865741962,6.812687,0.1932946,GALAXY,20.61472,18.96636,17.64985,17.14338,16.72836,0.1222223,0.01583969,0.008209465,0.007845348,0.0197823,10.55649,False
1237648721754390626,149.866889048273,0.287413937040916,6.047104,0.1692473,GALAXY,20.54035,18.3479,17.13948,16.6697,16.32393,0.1139906,0.01144153,0.006697445,0.006396411,0.01528038,15.66873,False
1237648721754325260,149.635213175131,0.349154135632321,5.497056,0.2000929,GALAXY,20.68117,18.75758,17.49735,16.96099,16.6309,0.138057,0.01415561,0.007742017,0.007275519,0.01971515,11.00138,False
1237648721754259703,149.508139642787,0.296116428887121,3.592239,0.08252737,GALAXY,19.92382,18.31118,17.56995,17.19378,16.93666,0.06447125,0.009398329,0.007467486,0.007722607,0.02237914,12.07355,True
1237660412112666862,137.066617070192,6.62964675407246,3.856786,0.1561112,GALAXY,20.9508,18.72547,17.55688,17.07319,16.70397,0.134378,0.01117757,0.007476052,0.007565293,0.0186414,11.1467,False
1237648721754194216,149.412643551916,0.33257256895185,9.154194,0.08085039,GALAXY,19.50447,17.60776,16.69411,16.26086,15.91449,0.04803459,0.006249664,0.004604715,0.004640378,0.01082864,20.55247,True
1237648721754194200,149.394756246386,0.2386627428622,4.176285,0.1601704,GALAXY,20.20088,18.41654,17.28665,16.80157,16.43089,0.07859534,0.009880917,0.006092963,0.005906136,0.01456753,15.17952,False
1237661358070956206,151.813098830818,42.9890762249235,11.04404,0.0732252,GALAXY,18.96447,17.06605,16.14397,15.72374,15.38365,0.03752293,0.005099479,0.003695763,0.00381712,0.007245371,30.0741,True
1237661387606720649,220.148620212109,52.4142574307879,8.209915,0.2141326,GALAXY,21.47003,18.61776,17.24744,16.76099,16.42346,0.3561819,0.01374318,0.007017189,0.006438033,0.01667597,15.05375,False
1237661388143657163,220.673276898561,52.6393999634215,4.251572,0.2019105,GALAXY,21.28622,19.09438,17.74774,17.24583,16.88516,0.2047068,0.01665691,0.008167958,0.007873024,0.01631367,11.58314,False
1237657630049435786,132.453445312944,39.0075236746352,5.946453,0.1550951,GALAXY,19.98372,17.76293,16.57662,16.12098,15.75216,0.08163223,0.007279146,0.004447663,0.004441625,0.008109533,18.92802,False
1237657630049435870,132.462530919044,39.0993189154704,3.01676,0.1333686,GALAXY,19.76565,17.96858,16.95334,16.50622,16.15649,0.05120507,0.006884642,0.004751185,0.004754459,0.008574604,18.30794,False
1237657630049632519,132.980391232611,39.3950574585326,4.028938,0.1306052,GALAXY,20.16859,18.18195,17.34922,16.94871,16.61082,0.07155651,0.007588917,0.005605819,0.00574604,0.01146474,14.82859,False
1237657630049697960,132.943201254963,39.4509835938561,6.439107,0.1618332,GALAXY,18.75879,17.67488,16.99097,16.61413,16.39427,0.04409529,0.008270736,0.006700355,0.00712212,0.01629707,11.07789,False
1237657630049698007,133.021934995637,39.4773025933599,3.70124,0.1657887,GALAXY,20.41722,18.44905,17.28698,16.78992,16.43927,0.08529101,0.009298874,0.005622323,0.005515887,0.01034525,15.74281,False
1237651821635043506,214.588845145649,3.5572879423558,3.830948,0.1304588,GALAXY,20.59501,18.66863,17.61969,17.16385,16.81028,0.1128759,0.01116275,0.007349273,0.006981509,0.01718986,11.15803,False
1237651821634912427,214.342498676677,3.54732320884864,3.723849,0.1285517,GALAXY,20.01173,17.88582,16.84301,16.413,16.07163,0.07340246,0.007034444,0.004875871,0.004722456,0.01004174,18.89998,False
1237657630049829002,133.365987389614,39.6568949251075,4.951894,0.1384166,GALAXY,20.04393,17.90747,16.8027,16.35879,16.00166,0.07535461,0.007311096,0.004712727,0.004693049,0.008770024,18.76387,False
1237657630050025643,133.881575595258,39.9415778134021,6.638433,0.1259706,GALAXY,19.16398,17.64301,16.82034,16.36033,16.03251,0.04840904,0.008382191,0.005224822,0.00527832,0.01074834,12.55525,False
1237657630050156773,134.047134868295,40.0836360503283,6.041686,0.08646284,GALAXY,19.15409,17.27939,16.4323,16.02571,15.69527,0.04298913,0.005160209,0.00390861,0.004045012,0.007750999,19.77316,True
1237657630050287727,134.395559443381,40.2182778506127,5.373289,0.1294779,GALAXY,19.53881,18.02455,17.20643,16.82277,16.45999,0.05655545,0.008291903,0.006109095,0.006381428,0.01366232,11.12149,False
1237657630051991813,138.617157018328,42.5714535110494,6.026127,0.1512902,GALAXY,19.75046,17.81363,16.68763,16.25877,15.87237,0.06274422,0.007198389,0.00459355,0.004731652,0.00888011,19.13622,False
1237657630052253895,139.363176634678,42.9666983299475,9.141498,0.06185538,GALAXY,17.78334,16.39761,15.73365,15.39147,15.10376,0.01894218,0.003693365,0.003189443,0.003414805,0.006759032,22.05049,True
1237657630052384896,139.483921058555,43.1471624840468,3.781013,0.06211759,GALAXY,19.83467,18.04407,17.21938,16.81329,16.51044,0.05177075,0.006674186,0.005036455,0.00528683,0.01086634,18.45125,True
1237657630052450484,139.7704091341,43.1537310272114,5.110738,0.1905887,GALAXY,20.26031,18.60652,17.44139,16.90809,16.50208,0.09885359,0.01247619,0.00728474,0.007168286,0.0146655,10.40552,False
1237661874014584882,186.328996457463,45.8474641392481,16.99361,0.02426375,GALAXY,15.71918,13.81259,12.97307,12.56395,12.27153,0.006837614,0.001763442,0.001642356,0.001654798,0.00213948,45.7727,True
1237657630052515946,139.981032504022,43.1704848782902,4.155249,0.0399842,GALAXY,19.28632,18.08261,17.60264,17.39266,17.19168,0.08442687,0.007572034,0.007074343,0.008364089,0.02159006,10.68221,True
1237661874014585098,186.318529090158,46.0424647097325,7.427347,0.04976101,GALAXY,17.18395,16.22118,15.91374,15.66655,15.57656,0.01494229,0.003726296,0.003782207,0.004223194,0.01082449,18.61615,True
1237661874014650453,186.44688402971,45.909557498908,20.7354,0.0235479,GALAXY,16.52673,15.23554,14.61917,14.29776,14.05303,0.014735,0.003007155,0.002785036,0.0029856,0.006354211,12.57676,True
1237661874014650476,186.453840193995,45.862582347836,5.285127,0.1089774,GALAXY,19.26711,17.97792,17.28431,16.89925,16.60865,0.04144949,0.006777931,0.00565083,0.005908146,0.01385994,11.90846,False
1237657630064378030,178.618305713487,52.9145635792244,5.834998,0.09453529,GALAXY,19.15957,17.91549,17.26968,16.88825,16.63633,0.03875895,0.007104811,0.005894006,0.006361349,0.01479005,11.52273,True
1237661874014716002,186.700822879862,45.8778055777777,13.43546,0.02442914,GALAXY,16.78543,15.58565,15.08432,14.81847,14.62914,0.01407531,0.003054362,0.002915326,0.003195898,0.007205007,20.22427,True
1237651801233293573,148.1309217376,0.201835451650855,4.174804,0.08597912,GALAXY,19.64081,17.71615,16.77263,16.29859,15.96747,0.05511172,0.006558348,0.004810594,0.004655286,0.01070284,22.37588,True
1237651800699175003,154.385452063669,-0.272247455321984,8.136039,0.09343445,GALAXY,19.20934,17.16298,16.17757,15.73324,15.38372,0.05788541,0.005988833,0.004211434,0.004136447,0.009585977,22.539,True
1237651800699109533,154.304317189114,-0.258855982375737,4.962127,0.0979765,GALAXY,19.85865,18.18173,17.27213,16.84354,16.49079,0.07494191,0.009675389,0.006921822,0.006825334,0.01733785,12.58674,True
1237651800699109510,154.279706528841,-0.213572670649005,4.188159,0.09685588,GALAXY,20.47799,18.35708,17.39792,16.97565,16.60151,0.1122925,0.009744142,0.006708658,0.006649985,0.01611458,13.6914,True
1237651800699109417,154.242700679615,-0.248030766202158,9.314919,0.06291114,GALAXY,18.47404,16.97748,16.31883,15.96845,15.79315,0.04503268,0.006382413,0.005450109,0.005782644,0.01840702,10.09348,True
1237651800699043977,154.120598741164,-0.269819217815452,3.230929,0.0709769,GALAXY,19.50115,17.67237,16.72367,16.30329,15.98707,0.04812431,0.006323132,0.004611221,0.004536465,0.01019462,21.84649,True
1237657630064574618,179.185816266092,52.7843572648641,4.921969,0.06870037,GALAXY,18.95556,17.50044,16.79793,16.44113,16.17238,0.03307428,0.005399625,0.004432321,0.004701689,0.01038073,17.45897,True
1237651800162304205,154.437788309206,-0.732376276285162,4.367133,0.08577679,GALAXY,19.1093,17.93893,17.39034,17.01727,16.83489,0.04088127,0.008041086,0.008366697,0.007288789,0.02105254,12.43208,True
1237651800162238663,154.266041466622,-0.631990793030312,4.272007,0.05002861,GALAXY,19.45912,17.73841,16.95952,16.55442,16.25257,0.04647341,0.006473475,0.005201974,0.004929105,0.01103613,18.3279,True
1237657630064705676,179.785662777474,52.973089489546,4.662381,0.06644017,GALAXY,18.47779,17.03031,16.41874,15.98532,15.78269,0.02383935,0.004536889,0.003877528,0.003970881,0.00789544,20.19475,True
1237657630586306713,132.141669487846,39.4520804754805,6.084826,0.05065902,GALAXY,17.34706,15.87576,15.11402,14.68299,14.36221,0.01334795,0.002920134,0.002560075,0.002538609,0.003950857,35.72368,True
